git_commit,script,label,host_policy,removal_policy,seed,rep,training_time_hrs,etr,total_failures,random_failures,systematic_failures,auto_repairs,manual_repairs,successful_repairs,failed_repairs,bad_servers_cured,bad_server_repair_failures,nonfaulty_repairs,misattributed_repairs,servers_retired,preemption_count,host_selection_count,job_stall_count,cluster_depleted,faulty_in_pool_initial,faulty_in_pool_timeavg,faulty_in_pool_final,faulty_in_active_timeavg,n_monitor_samples,wall_seconds,params_json
da28d045aeb687e2f7991924bb1c67e7501cd076,scheduling_comparison.py,Random +NeverRemove,DefaultHostSelection(),NeverRemove(),42,0,2355.400000000002,0.14265092977838148,2019,1095,924,2019,1602,558,1461,252,707,1060,0,0,0,8,0,0,369,213.74809160305344,109,179.59541984732823,393,2.24,"{""adaptive_replications"": false, ""auto_repair_fail_prob"": 0.6, ""auto_repair_time"": 120.0, ""bad_server_regen_interval"": 43200, ""bad_server_regeneration"": false, ""confidence_level"": 0.95, ""diagnosis_probability"": 1.0, ""diagnosis_uncertainty"": 0.0, ""enable_topology"": false, ""failure_distribution"": ""exponential"", ""host_selection_time"": 3.0, ""job_length"": 20160, ""job_size"": 4096, ""lognormal_sigma"": 1.0, ""manual_repair_fail_prob"": 0.75, ""manual_repair_time"": 2880.0, ""max_replications"": 1000, ""num_replications"": 15, ""preemption_wait_time"": 20.0, ""prob_auto_to_manual"": 0.8, ""rack_size"": 8, ""random_failure_rate"": 1.388888888888889e-05, ""recovery_time"": 60.0, ""relative_accuracy"": 0.05, ""seed"": 42, ""spare_pool_size"": 200, ""systematic_failure_fraction"": 0.08, ""systematic_failure_rate_multiplier"": 20.0, ""warm_standbys"": 16, ""weibull_shape"": 1.0, ""working_pool_size"": 4600}"
da28d045aeb687e2f7991924bb1c67e7501cd076,scheduling_comparison.py,Random +NeverRemove,DefaultHostSelection(),NeverRemove(),43,1,2337.4000000000015,0.14374946521776333,2001,1121,880,2001,1604,564,1437,271,657,1073,0,0,0,8,0,0,370,197.98717948717947,91,171.82564102564103,390,2.34,"{""adaptive_replications"": false, ""auto_repair_fail_prob"": 0.6, ""auto_repair_time"": 120.0, ""bad_server_regen_interval"": 43200, ""bad_server_regeneration"": false, ""confidence_level"": 0.95, ""diagnosis_probability"": 1.0, ""diagnosis_uncertainty"": 0.0, ""enable_topology"": false, ""failure_distribution"": ""exponential"", ""host_selection_time"": 3.0, ""job_length"": 20160, ""job_size"": 4096, ""lognormal_sigma"": 1.0, ""manual_repair_fail_prob"": 0.75, ""manual_repair_time"": 2880.0, ""max_replications"": 1000, ""num_replications"": 15, ""preemption_wait_time"": 20.0, ""prob_auto_to_manual"": 0.8, ""rack_size"": 8, ""random_failure_rate"": 1.388888888888889e-05, ""recovery_time"": 60.0, ""relative_accuracy"": 0.05, ""seed"": 42, ""spare_pool_size"": 200, ""systematic_failure_fraction"": 0.08, ""systematic_failure_rate_multiplier"": 20.0, ""warm_standbys"": 16, ""weibull_shape"": 1.0, ""working_pool_size"": 4600}"
da28d045aeb687e2f7991924bb1c67e7501cd076,scheduling_comparison.py,Random +NeverRemove,DefaultHostSelection(),NeverRemove(),44,2,2391.3499999999976,0.14050640851401938,2055,1164,891,2055,1626,607,1448,261,678,1116,0,0,0,7,0,0,366,204.83208020050125,100,171.3734335839599,399,2.47,"{""adaptive_replications"": false, ""auto_repair_fail_prob"": 0.6, ""auto_repair_time"": 120.0, ""bad_server_regen_interval"": 43200, ""bad_server_regeneration"": false, ""confidence_level"": 0.95, ""diagnosis_probability"": 1.0, ""diagnosis_uncertainty"": 0.0, ""enable_topology"": false, ""failure_distribution"": ""exponential"", ""host_selection_time"": 3.0, ""job_length"": 20160, ""job_size"": 4096, ""lognormal_sigma"": 1.0, ""manual_repair_fail_prob"": 0.75, ""manual_repair_time"": 2880.0, ""max_replications"": 1000, ""num_replications"": 15, ""preemption_wait_time"": 20.0, ""prob_auto_to_manual"": 0.8, ""rack_size"": 8, ""random_failure_rate"": 1.388888888888889e-05, ""recovery_time"": 60.0, ""relative_accuracy"": 0.05, ""seed"": 42, ""spare_pool_size"": 200, ""systematic_failure_fraction"": 0.08, ""systematic_failure_rate_multiplier"": 20.0, ""warm_standbys"": 16, ""weibull_shape"": 1.0, ""working_pool_size"": 4600}"
da28d045aeb687e2f7991924bb1c67e7501cd076,scheduling_comparison.py,Random +NeverRemove,DefaultHostSelection(),NeverRemove(),45,3,2422.3999999999983,0.1387054161162486,2086,1170,916,2086,1658,596,1490,275,681,1130,0,0,0,8,0,0,365,196.4381188118812,82,167.15841584158414,404,2.49,"{""adaptive_replications"": false, ""auto_repair_fail_prob"": 0.6, ""auto_repair_time"": 120.0, ""bad_server_regen_interval"": 43200, ""bad_server_regeneration"": false, ""confidence_level"": 0.95, ""diagnosis_probability"": 1.0, ""diagnosis_uncertainty"": 0.0, ""enable_topology"": false, ""failure_distribution"": ""exponential"", ""host_selection_time"": 3.0, ""job_length"": 20160, ""job_size"": 4096, ""lognormal_sigma"": 1.0, ""manual_repair_fail_prob"": 0.75, ""manual_repair_time"": 2880.0, ""max_replications"": 1000, ""num_replications"": 15, ""preemption_wait_time"": 20.0, ""prob_auto_to_manual"": 0.8, ""rack_size"": 8, ""random_failure_rate"": 1.388888888888889e-05, ""recovery_time"": 60.0, ""relative_accuracy"": 0.05, ""seed"": 42, ""spare_pool_size"": 200, ""systematic_failure_fraction"": 0.08, ""systematic_failure_rate_multiplier"": 20.0, ""warm_standbys"": 16, ""weibull_shape"": 1.0, ""working_pool_size"": 4600}"
da28d045aeb687e2f7991924bb1c67e7501cd076,scheduling_comparison.py,Random +NeverRemove,DefaultHostSelection(),NeverRemove(),46,4,2427.4000000000005,0.13841970832990058,2091,1190,901,2091,1683,605,1486,286,660,1145,0,0,0,8,0,0,367,201.79506172839507,76,171.5901234567901,405,2.65,"{""adaptive_replications"": false, ""auto_repair_fail_prob"": 0.6, ""auto_repair_time"": 120.0, ""bad_server_regen_interval"": 43200, ""bad_server_regeneration"": false, ""confidence_level"": 0.95, ""diagnosis_probability"": 1.0, ""diagnosis_uncertainty"": 0.0, ""enable_topology"": false, ""failure_distribution"": ""exponential"", ""host_selection_time"": 3.0, ""job_length"": 20160, ""job_size"": 4096, ""lognormal_sigma"": 1.0, ""manual_repair_fail_prob"": 0.75, ""manual_repair_time"": 2880.0, ""max_replications"": 1000, ""num_replications"": 15, ""preemption_wait_time"": 20.0, ""prob_auto_to_manual"": 0.8, ""rack_size"": 8, ""random_failure_rate"": 1.388888888888889e-05, ""recovery_time"": 60.0, ""relative_accuracy"": 0.05, ""seed"": 42, ""spare_pool_size"": 200, ""systematic_failure_fraction"": 0.08, ""systematic_failure_rate_multiplier"": 20.0, ""warm_standbys"": 16, ""weibull_shape"": 1.0, ""working_pool_size"": 4600}"
da28d045aeb687e2f7991924bb1c67e7501cd076,scheduling_comparison.py,Random +NeverRemove,DefaultHostSelection(),NeverRemove(),47,5,2454.4500000000003,0.13689421255271042,2118,1177,941,2118,1686,599,1519,285,703,1130,0,0,0,9,0,0,364,199.6390243902439,70,169.0829268292683,410,2.72,"{""adaptive_replications"": false, ""auto_repair_fail_prob"": 0.6, ""auto_repair_time"": 120.0, ""bad_server_regen_interval"": 43200, ""bad_server_regeneration"": false, ""confidence_level"": 0.95, ""diagnosis_probability"": 1.0, ""diagnosis_uncertainty"": 0.0, ""enable_topology"": false, ""failure_distribution"": ""exponential"", ""host_selection_time"": 3.0, ""job_length"": 20160, ""job_size"": 4096, ""lognormal_sigma"": 1.0, ""manual_repair_fail_prob"": 0.75, ""manual_repair_time"": 2880.0, ""max_replications"": 1000, ""num_replications"": 15, ""preemption_wait_time"": 20.0, ""prob_auto_to_manual"": 0.8, ""rack_size"": 8, ""random_failure_rate"": 1.388888888888889e-05, ""recovery_time"": 60.0, ""relative_accuracy"": 0.05, ""seed"": 42, ""spare_pool_size"": 200, ""systematic_failure_fraction"": 0.08, ""systematic_failure_rate_multiplier"": 20.0, ""warm_standbys"": 16, ""weibull_shape"": 1.0, ""working_pool_size"": 4600}"
da28d045aeb687e2f7991924bb1c67e7501cd076,scheduling_comparison.py,Random +NeverRemove,DefaultHostSelection(),NeverRemove(),48,6,2381.300000000007,0.14109939948767486,2045,1145,900,2045,1639,562,1483,265,669,1111,0,0,0,6,0,0,365,202.26952141057936,93,172.78589420654913,397,2.64,"{""adaptive_replications"": false, ""auto_repair_fail_prob"": 0.6, ""auto_repair_time"": 120.0, ""bad_server_regen_interval"": 43200, ""bad_server_regeneration"": false, ""confidence_level"": 0.95, ""diagnosis_probability"": 1.0, ""diagnosis_uncertainty"": 0.0, ""enable_topology"": false, ""failure_distribution"": ""exponential"", ""host_selection_time"": 3.0, ""job_length"": 20160, ""job_size"": 4096, ""lognormal_sigma"": 1.0, ""manual_repair_fail_prob"": 0.75, ""manual_repair_time"": 2880.0, ""max_replications"": 1000, ""num_replications"": 15, ""preemption_wait_time"": 20.0, ""prob_auto_to_manual"": 0.8, ""rack_size"": 8, ""random_failure_rate"": 1.388888888888889e-05, ""recovery_time"": 60.0, ""relative_accuracy"": 0.05, ""seed"": 42, ""spare_pool_size"": 200, ""systematic_failure_fraction"": 0.08, ""systematic_failure_rate_multiplier"": 20.0, ""warm_standbys"": 16, ""weibull_shape"": 1.0, ""working_pool_size"": 4600}"
da28d045aeb687e2f7991924bb1c67e7501cd076,scheduling_comparison.py,Random +NeverRemove,DefaultHostSelection(),NeverRemove(),49,7,2387.4000000000005,0.14073887911535568,2051,1179,872,2051,1667,566,1485,276,656,1119,0,0,0,8,0,0,369,195.98492462311557,87,170.28391959798995,398,2.68,"{""adaptive_replications"": false, ""auto_repair_fail_prob"": 0.6, ""auto_repair_time"": 120.0, ""bad_server_regen_interval"": 43200, ""bad_server_regeneration"": false, ""confidence_level"": 0.95, ""diagnosis_probability"": 1.0, ""diagnosis_uncertainty"": 0.0, ""enable_topology"": false, ""failure_distribution"": ""exponential"", ""host_selection_time"": 3.0, ""job_length"": 20160, ""job_size"": 4096, ""lognormal_sigma"": 1.0, ""manual_repair_fail_prob"": 0.75, ""manual_repair_time"": 2880.0, ""max_replications"": 1000, ""num_replications"": 15, ""preemption_wait_time"": 20.0, ""prob_auto_to_manual"": 0.8, ""rack_size"": 8, ""random_failure_rate"": 1.388888888888889e-05, ""recovery_time"": 60.0, ""relative_accuracy"": 0.05, ""seed"": 42, ""spare_pool_size"": 200, ""systematic_failure_fraction"": 0.08, ""systematic_failure_rate_multiplier"": 20.0, ""warm_standbys"": 16, ""weibull_shape"": 1.0, ""working_pool_size"": 4600}"
da28d045aeb687e2f7991924bb1c67e7501cd076,scheduling_comparison.py,Random +NeverRemove,DefaultHostSelection(),NeverRemove(),50,8,2350.2999999999975,0.14296047313109006,2014,1143,871,2014,1621,591,1423,266,646,1102,0,0,0,6,0,0,369,199.74744897959184,96,164.25510204081633,392,2.6,"{""adaptive_replications"": false, ""auto_repair_fail_prob"": 0.6, ""auto_repair_time"": 120.0, ""bad_server_regen_interval"": 43200, ""bad_server_regeneration"": false, ""confidence_level"": 0.95, ""diagnosis_probability"": 1.0, ""diagnosis_uncertainty"": 0.0, ""enable_topology"": false, ""failure_distribution"": ""exponential"", ""host_selection_time"": 3.0, ""job_length"": 20160, ""job_size"": 4096, ""lognormal_sigma"": 1.0, ""manual_repair_fail_prob"": 0.75, ""manual_repair_time"": 2880.0, ""max_replications"": 1000, ""num_replications"": 15, ""preemption_wait_time"": 20.0, ""prob_auto_to_manual"": 0.8, ""rack_size"": 8, ""random_failure_rate"": 1.388888888888889e-05, ""recovery_time"": 60.0, ""relative_accuracy"": 0.05, ""seed"": 42, ""spare_pool_size"": 200, ""systematic_failure_fraction"": 0.08, ""systematic_failure_rate_multiplier"": 20.0, ""warm_standbys"": 16, ""weibull_shape"": 1.0, ""working_pool_size"": 4600}"
da28d045aeb687e2f7991924bb1c67e7501cd076,scheduling_comparison.py,Random +NeverRemove,DefaultHostSelection(),NeverRemove(),51,9,2387.3000000000047,0.14074477443136585,2051,1125,926,2051,1625,568,1483,259,715,1077,0,0,0,6,0,0,367,204.35175879396985,100,173.43718592964825,398,2.67,"{""adaptive_replications"": false, ""auto_repair_fail_prob"": 0.6, ""auto_repair_time"": 120.0, ""bad_server_regen_interval"": 43200, ""bad_server_regeneration"": false, ""confidence_level"": 0.95, ""diagnosis_probability"": 1.0, ""diagnosis_uncertainty"": 0.0, ""enable_topology"": false, ""failure_distribution"": ""exponential"", ""host_selection_time"": 3.0, ""job_length"": 20160, ""job_size"": 4096, ""lognormal_sigma"": 1.0, ""manual_repair_fail_prob"": 0.75, ""manual_repair_time"": 2880.0, ""max_replications"": 1000, ""num_replications"": 15, ""preemption_wait_time"": 20.0, ""prob_auto_to_manual"": 0.8, ""rack_size"": 8, ""random_failure_rate"": 1.388888888888889e-05, ""recovery_time"": 60.0, ""relative_accuracy"": 0.05, ""seed"": 42, ""spare_pool_size"": 200, ""systematic_failure_fraction"": 0.08, ""systematic_failure_rate_multiplier"": 20.0, ""warm_standbys"": 16, ""weibull_shape"": 1.0, ""working_pool_size"": 4600}"
da28d045aeb687e2f7991924bb1c67e7501cd076,scheduling_comparison.py,Random +NeverRemove,DefaultHostSelection(),NeverRemove(),52,10,2512.3499999999917,0.1337393277210583,2176,1238,938,2176,1730,588,1588,272,717,1187,0,0,0,7,0,0,367,202.96420047732695,91,175.00954653937947,419,2.79,"{""adaptive_replications"": false, ""auto_repair_fail_prob"": 0.6, ""auto_repair_time"": 120.0, ""bad_server_regen_interval"": 43200, ""bad_server_regeneration"": false, ""confidence_level"": 0.95, ""diagnosis_probability"": 1.0, ""diagnosis_uncertainty"": 0.0, ""enable_topology"": false, ""failure_distribution"": ""exponential"", ""host_selection_time"": 3.0, ""job_length"": 20160, ""job_size"": 4096, ""lognormal_sigma"": 1.0, ""manual_repair_fail_prob"": 0.75, ""manual_repair_time"": 2880.0, ""max_replications"": 1000, ""num_replications"": 15, ""preemption_wait_time"": 20.0, ""prob_auto_to_manual"": 0.8, ""rack_size"": 8, ""random_failure_rate"": 1.388888888888889e-05, ""recovery_time"": 60.0, ""relative_accuracy"": 0.05, ""seed"": 42, ""spare_pool_size"": 200, ""systematic_failure_fraction"": 0.08, ""systematic_failure_rate_multiplier"": 20.0, ""warm_standbys"": 16, ""weibull_shape"": 1.0, ""working_pool_size"": 4600}"
da28d045aeb687e2f7991924bb1c67e7501cd076,scheduling_comparison.py,Random +NeverRemove,DefaultHostSelection(),NeverRemove(),53,11,2345.2499999999977,0.14326830828269926,2009,1115,894,2009,1595,581,1428,270,658,1081,0,0,0,5,0,0,372,206.7007672634271,100,174.18925831202046,391,2.6,"{""adaptive_replications"": false, ""auto_repair_fail_prob"": 0.6, ""auto_repair_time"": 120.0, ""bad_server_regen_interval"": 43200, ""bad_server_regeneration"": false, ""confidence_level"": 0.95, ""diagnosis_probability"": 1.0, ""diagnosis_uncertainty"": 0.0, ""enable_topology"": false, ""failure_distribution"": ""exponential"", ""host_selection_time"": 3.0, ""job_length"": 20160, ""job_size"": 4096, ""lognormal_sigma"": 1.0, ""manual_repair_fail_prob"": 0.75, ""manual_repair_time"": 2880.0, ""max_replications"": 1000, ""num_replications"": 15, ""preemption_wait_time"": 20.0, ""prob_auto_to_manual"": 0.8, ""rack_size"": 8, ""random_failure_rate"": 1.388888888888889e-05, ""recovery_time"": 60.0, ""relative_accuracy"": 0.05, ""seed"": 42, ""spare_pool_size"": 200, ""systematic_failure_fraction"": 0.08, ""systematic_failure_rate_multiplier"": 20.0, ""warm_standbys"": 16, ""weibull_shape"": 1.0, ""working_pool_size"": 4600}"
da28d045aeb687e2f7991924bb1c67e7501cd076,scheduling_comparison.py,Random +NeverRemove,DefaultHostSelection(),NeverRemove(),54,12,2421.3000000000015,0.1387684301821337,2085,1165,920,2085,1651,614,1471,265,694,1126,0,0,0,6,0,0,366,205.7351485148515,98,176.6509900990099,404,2.83,"{""adaptive_replications"": false, ""auto_repair_fail_prob"": 0.6, ""auto_repair_time"": 120.0, ""bad_server_regen_interval"": 43200, ""bad_server_regeneration"": false, ""confidence_level"": 0.95, ""diagnosis_probability"": 1.0, ""diagnosis_uncertainty"": 0.0, ""enable_topology"": false, ""failure_distribution"": ""exponential"", ""host_selection_time"": 3.0, ""job_length"": 20160, ""job_size"": 4096, ""lognormal_sigma"": 1.0, ""manual_repair_fail_prob"": 0.75, ""manual_repair_time"": 2880.0, ""max_replications"": 1000, ""num_replications"": 15, ""preemption_wait_time"": 20.0, ""prob_auto_to_manual"": 0.8, ""rack_size"": 8, ""random_failure_rate"": 1.388888888888889e-05, ""recovery_time"": 60.0, ""relative_accuracy"": 0.05, ""seed"": 42, ""spare_pool_size"": 200, ""systematic_failure_fraction"": 0.08, ""systematic_failure_rate_multiplier"": 20.0, ""warm_standbys"": 16, ""weibull_shape"": 1.0, ""working_pool_size"": 4600}"
da28d045aeb687e2f7991924bb1c67e7501cd076,scheduling_comparison.py,Random +NeverRemove,DefaultHostSelection(),NeverRemove(),55,13,2334.399999999999,0.14393420150788194,1998,1110,888,1998,1602,578,1420,292,637,1069,0,0,0,8,0,0,369,191.64871794871794,69,161.55641025641026,390,2.68,"{""adaptive_replications"": false, ""auto_repair_fail_prob"": 0.6, ""auto_repair_time"": 120.0, ""bad_server_regen_interval"": 43200, ""bad_server_regeneration"": false, ""confidence_level"": 0.95, ""diagnosis_probability"": 1.0, ""diagnosis_uncertainty"": 0.0, ""enable_topology"": false, ""failure_distribution"": ""exponential"", ""host_selection_time"": 3.0, ""job_length"": 20160, ""job_size"": 4096, ""lognormal_sigma"": 1.0, ""manual_repair_fail_prob"": 0.75, ""manual_repair_time"": 2880.0, ""max_replications"": 1000, ""num_replications"": 15, ""preemption_wait_time"": 20.0, ""prob_auto_to_manual"": 0.8, ""rack_size"": 8, ""random_failure_rate"": 1.388888888888889e-05, ""recovery_time"": 60.0, ""relative_accuracy"": 0.05, ""seed"": 42, ""spare_pool_size"": 200, ""systematic_failure_fraction"": 0.08, ""systematic_failure_rate_multiplier"": 20.0, ""warm_standbys"": 16, ""weibull_shape"": 1.0, ""working_pool_size"": 4600}"
da28d045aeb687e2f7991924bb1c67e7501cd076,scheduling_comparison.py,Random +NeverRemove,DefaultHostSelection(),NeverRemove(),56,14,2413.4499999999985,0.1392197890985933,2077,1197,880,2077,1650,597,1480,270,660,1147,0,0,0,9,0,0,363,192.88089330024815,84,164.5558312655087,403,2.66,"{""adaptive_replications"": false, ""auto_repair_fail_prob"": 0.6, ""auto_repair_time"": 120.0, ""bad_server_regen_interval"": 43200, ""bad_server_regeneration"": false, ""confidence_level"": 0.95, ""diagnosis_probability"": 1.0, ""diagnosis_uncertainty"": 0.0, ""enable_topology"": false, ""failure_distribution"": ""exponential"", ""host_selection_time"": 3.0, ""job_length"": 20160, ""job_size"": 4096, ""lognormal_sigma"": 1.0, ""manual_repair_fail_prob"": 0.75, ""manual_repair_time"": 2880.0, ""max_replications"": 1000, ""num_replications"": 15, ""preemption_wait_time"": 20.0, ""prob_auto_to_manual"": 0.8, ""rack_size"": 8, ""random_failure_rate"": 1.388888888888889e-05, ""recovery_time"": 60.0, ""relative_accuracy"": 0.05, ""seed"": 42, ""spare_pool_size"": 200, ""systematic_failure_fraction"": 0.08, ""systematic_failure_rate_multiplier"": 20.0, ""warm_standbys"": 16, ""weibull_shape"": 1.0, ""working_pool_size"": 4600}"
da28d045aeb687e2f7991924bb1c67e7501cd076,scheduling_comparison.py,Random +ThresholdRemoval,DefaultHostSelection(),"ThresholdRemoval(max_failures=2, window_minutes=10080)",42,0,2270.649999999996,0.14797524937793186,1934,1132,802,1934,1547,519,1415,237,604,1093,0,90,0,13,0,0,369,186.14511873350924,72,163.25857519788917,379,2.36,"{""adaptive_replications"": false, ""auto_repair_fail_prob"": 0.6, ""auto_repair_time"": 120.0, ""bad_server_regen_interval"": 43200, ""bad_server_regeneration"": false, ""confidence_level"": 0.95, ""diagnosis_probability"": 1.0, ""diagnosis_uncertainty"": 0.0, ""enable_topology"": false, ""failure_distribution"": ""exponential"", ""host_selection_time"": 3.0, ""job_length"": 20160, ""job_size"": 4096, ""lognormal_sigma"": 1.0, ""manual_repair_fail_prob"": 0.75, ""manual_repair_time"": 2880.0, ""max_replications"": 1000, ""num_replications"": 15, ""preemption_wait_time"": 20.0, ""prob_auto_to_manual"": 0.8, ""rack_size"": 8, ""random_failure_rate"": 1.388888888888889e-05, ""recovery_time"": 60.0, ""relative_accuracy"": 0.05, ""seed"": 42, ""spare_pool_size"": 200, ""systematic_failure_fraction"": 0.08, ""systematic_failure_rate_multiplier"": 20.0, ""warm_standbys"": 16, ""weibull_shape"": 1.0, ""working_pool_size"": 4600}"
da28d045aeb687e2f7991924bb1c67e7501cd076,scheduling_comparison.py,Random +ThresholdRemoval,DefaultHostSelection(),"ThresholdRemoval(max_failures=2, window_minutes=10080)",43,1,2339.65,0.14361122390101083,2003,1184,819,2003,1602,533,1470,237,627,1139,0,104,0,13,0,0,370,183.7846153846154,63,160.04358974358973,390,2.61,"{""adaptive_replications"": false, ""auto_repair_fail_prob"": 0.6, ""auto_repair_time"": 120.0, ""bad_server_regen_interval"": 43200, ""bad_server_regeneration"": false, ""confidence_level"": 0.95, ""diagnosis_probability"": 1.0, ""diagnosis_uncertainty"": 0.0, ""enable_topology"": false, ""failure_distribution"": ""exponential"", ""host_selection_time"": 3.0, ""job_length"": 20160, ""job_size"": 4096, ""lognormal_sigma"": 1.0, ""manual_repair_fail_prob"": 0.75, ""manual_repair_time"": 2880.0, ""max_replications"": 1000, ""num_replications"": 15, ""preemption_wait_time"": 20.0, ""prob_auto_to_manual"": 0.8, ""rack_size"": 8, ""random_failure_rate"": 1.388888888888889e-05, ""recovery_time"": 60.0, ""relative_accuracy"": 0.05, ""seed"": 42, ""spare_pool_size"": 200, ""systematic_failure_fraction"": 0.08, ""systematic_failure_rate_multiplier"": 20.0, ""warm_standbys"": 16, ""weibull_shape"": 1.0, ""working_pool_size"": 4600}"
da28d045aeb687e2f7991924bb1c67e7501cd076,scheduling_comparison.py,Random +ThresholdRemoval,DefaultHostSelection(),"ThresholdRemoval(max_failures=2, window_minutes=10080)",44,2,2173.6499999999987,0.15457870402318702,1837,1052,785,1837,1451,546,1291,250,572,1015,0,117,0,13,0,0,366,174.50413223140495,47,152.4793388429752,363,2.44,"{""adaptive_replications"": false, ""auto_repair_fail_prob"": 0.6, ""auto_repair_time"": 120.0, ""bad_server_regen_interval"": 43200, ""bad_server_regeneration"": false, ""confidence_level"": 0.95, ""diagnosis_probability"": 1.0, ""diagnosis_uncertainty"": 0.0, ""enable_topology"": false, ""failure_distribution"": ""exponential"", ""host_selection_time"": 3.0, ""job_length"": 20160, ""job_size"": 4096, ""lognormal_sigma"": 1.0, ""manual_repair_fail_prob"": 0.75, ""manual_repair_time"": 2880.0, ""max_replications"": 1000, ""num_replications"": 15, ""preemption_wait_time"": 20.0, ""prob_auto_to_manual"": 0.8, ""rack_size"": 8, ""random_failure_rate"": 1.388888888888889e-05, ""recovery_time"": 60.0, ""relative_accuracy"": 0.05, ""seed"": 42, ""spare_pool_size"": 200, ""systematic_failure_fraction"": 0.08, ""systematic_failure_rate_multiplier"": 20.0, ""warm_standbys"": 16, ""weibull_shape"": 1.0, ""working_pool_size"": 4600}"
da28d045aeb687e2f7991924bb1c67e7501cd076,scheduling_comparison.py,Random +ThresholdRemoval,DefaultHostSelection(),"ThresholdRemoval(max_failures=2, window_minutes=10080)",45,3,2271.699999999999,0.14790685389796213,1935,1120,815,1935,1557,530,1405,245,610,1080,0,121,0,14,0,0,365,181.45118733509236,46,158.51715039577837,379,2.42,"{""adaptive_replications"": false, ""auto_repair_fail_prob"": 0.6, ""auto_repair_time"": 120.0, ""bad_server_regen_interval"": 43200, ""bad_server_regeneration"": false, ""confidence_level"": 0.95, ""diagnosis_probability"": 1.0, ""diagnosis_uncertainty"": 0.0, ""enable_topology"": false, ""failure_distribution"": ""exponential"", ""host_selection_time"": 3.0, ""job_length"": 20160, ""job_size"": 4096, ""lognormal_sigma"": 1.0, ""manual_repair_fail_prob"": 0.75, ""manual_repair_time"": 2880.0, ""max_replications"": 1000, ""num_replications"": 15, ""preemption_wait_time"": 20.0, ""prob_auto_to_manual"": 0.8, ""rack_size"": 8, ""random_failure_rate"": 1.388888888888889e-05, ""recovery_time"": 60.0, ""relative_accuracy"": 0.05, ""seed"": 42, ""spare_pool_size"": 200, ""systematic_failure_fraction"": 0.08, ""systematic_failure_rate_multiplier"": 20.0, ""warm_standbys"": 16, ""weibull_shape"": 1.0, ""working_pool_size"": 4600}"
da28d045aeb687e2f7991924bb1c67e7501cd076,scheduling_comparison.py,Random +ThresholdRemoval,DefaultHostSelection(),"ThresholdRemoval(max_failures=2, window_minutes=10080)",46,4,2362.7500000000014,0.14220717384403797,2026,1179,847,2026,1650,559,1467,229,652,1145,0,96,0,15,0,0,367,190.8502538071066,75,167.5203045685279,394,3.06,"{""adaptive_replications"": false, ""auto_repair_fail_prob"": 0.6, ""auto_repair_time"": 120.0, ""bad_server_regen_interval"": 43200, ""bad_server_regeneration"": false, ""confidence_level"": 0.95, ""diagnosis_probability"": 1.0, ""diagnosis_uncertainty"": 0.0, ""enable_topology"": false, ""failure_distribution"": ""exponential"", ""host_selection_time"": 3.0, ""job_length"": 20160, ""job_size"": 4096, ""lognormal_sigma"": 1.0, ""manual_repair_fail_prob"": 0.75, ""manual_repair_time"": 2880.0, ""max_replications"": 1000, ""num_replications"": 15, ""preemption_wait_time"": 20.0, ""prob_auto_to_manual"": 0.8, ""rack_size"": 8, ""random_failure_rate"": 1.388888888888889e-05, ""recovery_time"": 60.0, ""relative_accuracy"": 0.05, ""seed"": 42, ""spare_pool_size"": 200, ""systematic_failure_fraction"": 0.08, ""systematic_failure_rate_multiplier"": 20.0, ""warm_standbys"": 16, ""weibull_shape"": 1.0, ""working_pool_size"": 4600}"
da28d045aeb687e2f7991924bb1c67e7501cd076,scheduling_comparison.py,Random +ThresholdRemoval,DefaultHostSelection(),"ThresholdRemoval(max_failures=2, window_minutes=10080)",47,5,2308.6999999999975,0.14553644908390034,1972,1131,841,1972,1539,543,1429,222,655,1095,0,117,0,14,0,0,364,181.91168831168832,64,159.65974025974026,385,6.86,"{""adaptive_replications"": false, ""auto_repair_fail_prob"": 0.6, ""auto_repair_time"": 120.0, ""bad_server_regen_interval"": 43200, ""bad_server_regeneration"": false, ""confidence_level"": 0.95, ""diagnosis_probability"": 1.0, ""diagnosis_uncertainty"": 0.0, ""enable_topology"": false, ""failure_distribution"": ""exponential"", ""host_selection_time"": 3.0, ""job_length"": 20160, ""job_size"": 4096, ""lognormal_sigma"": 1.0, ""manual_repair_fail_prob"": 0.75, ""manual_repair_time"": 2880.0, ""max_replications"": 1000, ""num_replications"": 15, ""preemption_wait_time"": 20.0, ""prob_auto_to_manual"": 0.8, ""rack_size"": 8, ""random_failure_rate"": 1.388888888888889e-05, ""recovery_time"": 60.0, ""relative_accuracy"": 0.05, ""seed"": 42, ""spare_pool_size"": 200, ""systematic_failure_fraction"": 0.08, ""systematic_failure_rate_multiplier"": 20.0, ""warm_standbys"": 16, ""weibull_shape"": 1.0, ""working_pool_size"": 4600}"
da28d045aeb687e2f7991924bb1c67e7501cd076,scheduling_comparison.py,Random +ThresholdRemoval,DefaultHostSelection(),"ThresholdRemoval(max_failures=2, window_minutes=10080)",48,6,2324.549999999998,0.14454410531070547,1988,1182,806,1988,1572,562,1426,234,613,1141,0,110,0,11,0,0,365,179.10051546391753,57,157.45618556701032,388,4.91,"{""adaptive_replications"": false, ""auto_repair_fail_prob"": 0.6, ""auto_repair_time"": 120.0, ""bad_server_regen_interval"": 43200, ""bad_server_regeneration"": false, ""confidence_level"": 0.95, ""diagnosis_probability"": 1.0, ""diagnosis_uncertainty"": 0.0, ""enable_topology"": false, ""failure_distribution"": ""exponential"", ""host_selection_time"": 3.0, ""job_length"": 20160, ""job_size"": 4096, ""lognormal_sigma"": 1.0, ""manual_repair_fail_prob"": 0.75, ""manual_repair_time"": 2880.0, ""max_replications"": 1000, ""num_replications"": 15, ""preemption_wait_time"": 20.0, ""prob_auto_to_manual"": 0.8, ""rack_size"": 8, ""random_failure_rate"": 1.388888888888889e-05, ""recovery_time"": 60.0, ""relative_accuracy"": 0.05, ""seed"": 42, ""spare_pool_size"": 200, ""systematic_failure_fraction"": 0.08, ""systematic_failure_rate_multiplier"": 20.0, ""warm_standbys"": 16, ""weibull_shape"": 1.0, ""working_pool_size"": 4600}"
da28d045aeb687e2f7991924bb1c67e7501cd076,scheduling_comparison.py,Random +ThresholdRemoval,DefaultHostSelection(),"ThresholdRemoval(max_failures=2, window_minutes=10080)",49,7,2394.700000000001,0.1403098509207832,2058,1221,837,2058,1690,594,1464,249,632,1177,0,90,0,14,0,0,369,180.755,60,158.11,400,6.02,"{""adaptive_replications"": false, ""auto_repair_fail_prob"": 0.6, ""auto_repair_time"": 120.0, ""bad_server_regen_interval"": 43200, ""bad_server_regeneration"": false, ""confidence_level"": 0.95, ""diagnosis_probability"": 1.0, ""diagnosis_uncertainty"": 0.0, ""enable_topology"": false, ""failure_distribution"": ""exponential"", ""host_selection_time"": 3.0, ""job_length"": 20160, ""job_size"": 4096, ""lognormal_sigma"": 1.0, ""manual_repair_fail_prob"": 0.75, ""manual_repair_time"": 2880.0, ""max_replications"": 1000, ""num_replications"": 15, ""preemption_wait_time"": 20.0, ""prob_auto_to_manual"": 0.8, ""rack_size"": 8, ""random_failure_rate"": 1.388888888888889e-05, ""recovery_time"": 60.0, ""relative_accuracy"": 0.05, ""seed"": 42, ""spare_pool_size"": 200, ""systematic_failure_fraction"": 0.08, ""systematic_failure_rate_multiplier"": 20.0, ""warm_standbys"": 16, ""weibull_shape"": 1.0, ""working_pool_size"": 4600}"
da28d045aeb687e2f7991924bb1c67e7501cd076,scheduling_comparison.py,Random +ThresholdRemoval,DefaultHostSelection(),"ThresholdRemoval(max_failures=2, window_minutes=10080)",50,8,2332.5999999999985,0.14404527137100231,1996,1199,797,1996,1582,568,1428,242,595,1159,0,92,0,12,0,0,369,176.280205655527,59,156.46786632390746,389,5.23,"{""adaptive_replications"": false, ""auto_repair_fail_prob"": 0.6, ""auto_repair_time"": 120.0, ""bad_server_regen_interval"": 43200, ""bad_server_regeneration"": false, ""confidence_level"": 0.95, ""diagnosis_probability"": 1.0, ""diagnosis_uncertainty"": 0.0, ""enable_topology"": false, ""failure_distribution"": ""exponential"", ""host_selection_time"": 3.0, ""job_length"": 20160, ""job_size"": 4096, ""lognormal_sigma"": 1.0, ""manual_repair_fail_prob"": 0.75, ""manual_repair_time"": 2880.0, ""max_replications"": 1000, ""num_replications"": 15, ""preemption_wait_time"": 20.0, ""prob_auto_to_manual"": 0.8, ""rack_size"": 8, ""random_failure_rate"": 1.388888888888889e-05, ""recovery_time"": 60.0, ""relative_accuracy"": 0.05, ""seed"": 42, ""spare_pool_size"": 200, ""systematic_failure_fraction"": 0.08, ""systematic_failure_rate_multiplier"": 20.0, ""warm_standbys"": 16, ""weibull_shape"": 1.0, ""working_pool_size"": 4600}"
da28d045aeb687e2f7991924bb1c67e7501cd076,scheduling_comparison.py,Random +ThresholdRemoval,DefaultHostSelection(),"ThresholdRemoval(max_failures=2, window_minutes=10080)",51,9,2305.6000000000013,0.1457321304649548,1969,1138,831,1969,1571,534,1435,230,637,1102,0,113,0,12,0,0,367,181.72207792207791,61,159.60779220779222,385,7.35,"{""adaptive_replications"": false, ""auto_repair_fail_prob"": 0.6, ""auto_repair_time"": 120.0, ""bad_server_regen_interval"": 43200, ""bad_server_regeneration"": false, ""confidence_level"": 0.95, ""diagnosis_probability"": 1.0, ""diagnosis_uncertainty"": 0.0, ""enable_topology"": false, ""failure_distribution"": ""exponential"", ""host_selection_time"": 3.0, ""job_length"": 20160, ""job_size"": 4096, ""lognormal_sigma"": 1.0, ""manual_repair_fail_prob"": 0.75, ""manual_repair_time"": 2880.0, ""max_replications"": 1000, ""num_replications"": 15, ""preemption_wait_time"": 20.0, ""prob_auto_to_manual"": 0.8, ""rack_size"": 8, ""random_failure_rate"": 1.388888888888889e-05, ""recovery_time"": 60.0, ""relative_accuracy"": 0.05, ""seed"": 42, ""spare_pool_size"": 200, ""systematic_failure_fraction"": 0.08, ""systematic_failure_rate_multiplier"": 20.0, ""warm_standbys"": 16, ""weibull_shape"": 1.0, ""working_pool_size"": 4600}"
da28d045aeb687e2f7991924bb1c67e7501cd076,scheduling_comparison.py,Random +ThresholdRemoval,DefaultHostSelection(),"ThresholdRemoval(max_failures=2, window_minutes=10080)",52,10,2391.6500000000055,0.14048878389396438,2055,1206,849,2055,1653,557,1498,212,676,1167,0,106,0,13,0,0,367,180.24561403508773,66,159.4937343358396,399,7.9,"{""adaptive_replications"": false, ""auto_repair_fail_prob"": 0.6, ""auto_repair_time"": 120.0, ""bad_server_regen_interval"": 43200, ""bad_server_regeneration"": false, ""confidence_level"": 0.95, ""diagnosis_probability"": 1.0, ""diagnosis_uncertainty"": 0.0, ""enable_topology"": false, ""failure_distribution"": ""exponential"", ""host_selection_time"": 3.0, ""job_length"": 20160, ""job_size"": 4096, ""lognormal_sigma"": 1.0, ""manual_repair_fail_prob"": 0.75, ""manual_repair_time"": 2880.0, ""max_replications"": 1000, ""num_replications"": 15, ""preemption_wait_time"": 20.0, ""prob_auto_to_manual"": 0.8, ""rack_size"": 8, ""random_failure_rate"": 1.388888888888889e-05, ""recovery_time"": 60.0, ""relative_accuracy"": 0.05, ""seed"": 42, ""spare_pool_size"": 200, ""systematic_failure_fraction"": 0.08, ""systematic_failure_rate_multiplier"": 20.0, ""warm_standbys"": 16, ""weibull_shape"": 1.0, ""working_pool_size"": 4600}"
da28d045aeb687e2f7991924bb1c67e7501cd076,scheduling_comparison.py,Random +ThresholdRemoval,DefaultHostSelection(),"ThresholdRemoval(max_failures=2, window_minutes=10080)",53,11,2336.6500000000024,0.14379560481886466,2000,1177,823,2000,1590,576,1424,243,623,1134,0,104,0,13,0,0,372,178.13846153846154,53,156.2974358974359,390,8.22,"{""adaptive_replications"": false, ""auto_repair_fail_prob"": 0.6, ""auto_repair_time"": 120.0, ""bad_server_regen_interval"": 43200, ""bad_server_regeneration"": false, ""confidence_level"": 0.95, ""diagnosis_probability"": 1.0, ""diagnosis_uncertainty"": 0.0, ""enable_topology"": false, ""failure_distribution"": ""exponential"", ""host_selection_time"": 3.0, ""job_length"": 20160, ""job_size"": 4096, ""lognormal_sigma"": 1.0, ""manual_repair_fail_prob"": 0.75, ""manual_repair_time"": 2880.0, ""max_replications"": 1000, ""num_replications"": 15, ""preemption_wait_time"": 20.0, ""prob_auto_to_manual"": 0.8, ""rack_size"": 8, ""random_failure_rate"": 1.388888888888889e-05, ""recovery_time"": 60.0, ""relative_accuracy"": 0.05, ""seed"": 42, ""spare_pool_size"": 200, ""systematic_failure_fraction"": 0.08, ""systematic_failure_rate_multiplier"": 20.0, ""warm_standbys"": 16, ""weibull_shape"": 1.0, ""working_pool_size"": 4600}"
da28d045aeb687e2f7991924bb1c67e7501cd076,scheduling_comparison.py,Random +ThresholdRemoval,DefaultHostSelection(),"ThresholdRemoval(max_failures=2, window_minutes=10080)",54,12,2330.6999999999966,0.14416269790191802,1994,1163,831,1994,1587,509,1485,222,654,1118,0,102,0,14,0,0,366,185.6349614395887,64,161.90231362467867,389,8.16,"{""adaptive_replications"": false, ""auto_repair_fail_prob"": 0.6, ""auto_repair_time"": 120.0, ""bad_server_regen_interval"": 43200, ""bad_server_regeneration"": false, ""confidence_level"": 0.95, ""diagnosis_probability"": 1.0, ""diagnosis_uncertainty"": 0.0, ""enable_topology"": false, ""failure_distribution"": ""exponential"", ""host_selection_time"": 3.0, ""job_length"": 20160, ""job_size"": 4096, ""lognormal_sigma"": 1.0, ""manual_repair_fail_prob"": 0.75, ""manual_repair_time"": 2880.0, ""max_replications"": 1000, ""num_replications"": 15, ""preemption_wait_time"": 20.0, ""prob_auto_to_manual"": 0.8, ""rack_size"": 8, ""random_failure_rate"": 1.388888888888889e-05, ""recovery_time"": 60.0, ""relative_accuracy"": 0.05, ""seed"": 42, ""spare_pool_size"": 200, ""systematic_failure_fraction"": 0.08, ""systematic_failure_rate_multiplier"": 20.0, ""warm_standbys"": 16, ""weibull_shape"": 1.0, ""working_pool_size"": 4600}"
da28d045aeb687e2f7991924bb1c67e7501cd076,scheduling_comparison.py,Random +ThresholdRemoval,DefaultHostSelection(),"ThresholdRemoval(max_failures=2, window_minutes=10080)",55,13,2330.7000000000025,0.1441626979019179,1994,1188,806,1994,1608,590,1404,236,617,1141,0,111,0,14,0,0,369,183.83547557840618,58,163.82776349614397,389,7.68,"{""adaptive_replications"": false, ""auto_repair_fail_prob"": 0.6, ""auto_repair_time"": 120.0, ""bad_server_regen_interval"": 43200, ""bad_server_regeneration"": false, ""confidence_level"": 0.95, ""diagnosis_probability"": 1.0, ""diagnosis_uncertainty"": 0.0, ""enable_topology"": false, ""failure_distribution"": ""exponential"", ""host_selection_time"": 3.0, ""job_length"": 20160, ""job_size"": 4096, ""lognormal_sigma"": 1.0, ""manual_repair_fail_prob"": 0.75, ""manual_repair_time"": 2880.0, ""max_replications"": 1000, ""num_replications"": 15, ""preemption_wait_time"": 20.0, ""prob_auto_to_manual"": 0.8, ""rack_size"": 8, ""random_failure_rate"": 1.388888888888889e-05, ""recovery_time"": 60.0, ""relative_accuracy"": 0.05, ""seed"": 42, ""spare_pool_size"": 200, ""systematic_failure_fraction"": 0.08, ""systematic_failure_rate_multiplier"": 20.0, ""warm_standbys"": 16, ""weibull_shape"": 1.0, ""working_pool_size"": 4600}"
da28d045aeb687e2f7991924bb1c67e7501cd076,scheduling_comparison.py,Random +ThresholdRemoval,DefaultHostSelection(),"ThresholdRemoval(max_failures=2, window_minutes=10080)",56,14,2312.599999999999,0.14529101444261855,1976,1183,793,1976,1577,546,1430,237,600,1139,0,120,0,12,0,0,363,177.60103626943004,51,155.71761658031087,386,7.72,"{""adaptive_replications"": false, ""auto_repair_fail_prob"": 0.6, ""auto_repair_time"": 120.0, ""bad_server_regen_interval"": 43200, ""bad_server_regeneration"": false, ""confidence_level"": 0.95, ""diagnosis_probability"": 1.0, ""diagnosis_uncertainty"": 0.0, ""enable_topology"": false, ""failure_distribution"": ""exponential"", ""host_selection_time"": 3.0, ""job_length"": 20160, ""job_size"": 4096, ""lognormal_sigma"": 1.0, ""manual_repair_fail_prob"": 0.75, ""manual_repair_time"": 2880.0, ""max_replications"": 1000, ""num_replications"": 15, ""preemption_wait_time"": 20.0, ""prob_auto_to_manual"": 0.8, ""rack_size"": 8, ""random_failure_rate"": 1.388888888888889e-05, ""recovery_time"": 60.0, ""relative_accuracy"": 0.05, ""seed"": 42, ""spare_pool_size"": 200, ""systematic_failure_fraction"": 0.08, ""systematic_failure_rate_multiplier"": 20.0, ""warm_standbys"": 16, ""weibull_shape"": 1.0, ""working_pool_size"": 4600}"
da28d045aeb687e2f7991924bb1c67e7501cd076,scheduling_comparison.py,Random +ScoredRemoval,DefaultHostSelection(),"ScoredRemoval(initial_score=100.0, failure_penalty=60.0, success_increment=10.0, time_period=1440, retirement_threshold=0.0)",42,0,2094.4000000000005,0.160427807486631,1757,1150,607,1757,1414,454,1303,163,470,1124,0,395,0,28,0,0,369,146.52,10,132.2657142857143,350,7.99,"{""adaptive_replications"": false, ""auto_repair_fail_prob"": 0.6, ""auto_repair_time"": 120.0, ""bad_server_regen_interval"": 43200, ""bad_server_regeneration"": false, ""confidence_level"": 0.95, ""diagnosis_probability"": 1.0, ""diagnosis_uncertainty"": 0.0, ""enable_topology"": false, ""failure_distribution"": ""exponential"", ""host_selection_time"": 3.0, ""job_length"": 20160, ""job_size"": 4096, ""lognormal_sigma"": 1.0, ""manual_repair_fail_prob"": 0.75, ""manual_repair_time"": 2880.0, ""max_replications"": 1000, ""num_replications"": 15, ""preemption_wait_time"": 20.0, ""prob_auto_to_manual"": 0.8, ""rack_size"": 8, ""random_failure_rate"": 1.388888888888889e-05, ""recovery_time"": 60.0, ""relative_accuracy"": 0.05, ""seed"": 42, ""spare_pool_size"": 200, ""systematic_failure_fraction"": 0.08, ""systematic_failure_rate_multiplier"": 20.0, ""warm_standbys"": 16, ""weibull_shape"": 1.0, ""working_pool_size"": 4600}"
da28d045aeb687e2f7991924bb1c67e7501cd076,scheduling_comparison.py,Random +ScoredRemoval,DefaultHostSelection(),"ScoredRemoval(initial_score=100.0, failure_penalty=60.0, success_increment=10.0, time_period=1440, retirement_threshold=0.0)",43,1,2028.35,0.1656518845366918,1691,1109,582,1691,1360,477,1214,179,441,1071,0,372,0,27,0,0,370,143.22713864306786,7,129.63126843657818,339,9.02,"{""adaptive_replications"": false, ""auto_repair_fail_prob"": 0.6, ""auto_repair_time"": 120.0, ""bad_server_regen_interval"": 43200, ""bad_server_regeneration"": false, ""confidence_level"": 0.95, ""diagnosis_probability"": 1.0, ""diagnosis_uncertainty"": 0.0, ""enable_topology"": false, ""failure_distribution"": ""exponential"", ""host_selection_time"": 3.0, ""job_length"": 20160, ""job_size"": 4096, ""lognormal_sigma"": 1.0, ""manual_repair_fail_prob"": 0.75, ""manual_repair_time"": 2880.0, ""max_replications"": 1000, ""num_replications"": 15, ""preemption_wait_time"": 20.0, ""prob_auto_to_manual"": 0.8, ""rack_size"": 8, ""random_failure_rate"": 1.388888888888889e-05, ""recovery_time"": 60.0, ""relative_accuracy"": 0.05, ""seed"": 42, ""spare_pool_size"": 200, ""systematic_failure_fraction"": 0.08, ""systematic_failure_rate_multiplier"": 20.0, ""warm_standbys"": 16, ""weibull_shape"": 1.0, ""working_pool_size"": 4600}"
da28d045aeb687e2f7991924bb1c67e7501cd076,scheduling_comparison.py,Random +ScoredRemoval,DefaultHostSelection(),"ScoredRemoval(initial_score=100.0, failure_penalty=60.0, success_increment=10.0, time_period=1440, retirement_threshold=0.0)",44,2,2073.3999999999987,0.16205266711681346,1736,1156,580,1736,1403,500,1236,193,418,1125,0,397,0,28,0,0,366,137.58092485549133,8,123.65028901734104,346,9.38,"{""adaptive_replications"": false, ""auto_repair_fail_prob"": 0.6, ""auto_repair_time"": 120.0, ""bad_server_regen_interval"": 43200, ""bad_server_regeneration"": false, ""confidence_level"": 0.95, ""diagnosis_probability"": 1.0, ""diagnosis_uncertainty"": 0.0, ""enable_topology"": false, ""failure_distribution"": ""exponential"", ""host_selection_time"": 3.0, ""job_length"": 20160, ""job_size"": 4096, ""lognormal_sigma"": 1.0, ""manual_repair_fail_prob"": 0.75, ""manual_repair_time"": 2880.0, ""max_replications"": 1000, ""num_replications"": 15, ""preemption_wait_time"": 20.0, ""prob_auto_to_manual"": 0.8, ""rack_size"": 8, ""random_failure_rate"": 1.388888888888889e-05, ""recovery_time"": 60.0, ""relative_accuracy"": 0.05, ""seed"": 42, ""spare_pool_size"": 200, ""systematic_failure_fraction"": 0.08, ""systematic_failure_rate_multiplier"": 20.0, ""warm_standbys"": 16, ""weibull_shape"": 1.0, ""working_pool_size"": 4600}"
da28d045aeb687e2f7991924bb1c67e7501cd076,scheduling_comparison.py,Random +ScoredRemoval,DefaultHostSelection(),"ScoredRemoval(initial_score=100.0, failure_penalty=60.0, success_increment=10.0, time_period=1440, retirement_threshold=0.0)",45,3,2121.4500000000016,0.15838223856324632,1784,1186,598,1784,1442,485,1299,167,459,1158,0,402,0,29,0,0,365,143.635593220339,10,129.05649717514123,354,9.65,"{""adaptive_replications"": false, ""auto_repair_fail_prob"": 0.6, ""auto_repair_time"": 120.0, ""bad_server_regen_interval"": 43200, ""bad_server_regeneration"": false, ""confidence_level"": 0.95, ""diagnosis_probability"": 1.0, ""diagnosis_uncertainty"": 0.0, ""enable_topology"": false, ""failure_distribution"": ""exponential"", ""host_selection_time"": 3.0, ""job_length"": 20160, ""job_size"": 4096, ""lognormal_sigma"": 1.0, ""manual_repair_fail_prob"": 0.75, ""manual_repair_time"": 2880.0, ""max_replications"": 1000, ""num_replications"": 15, ""preemption_wait_time"": 20.0, ""prob_auto_to_manual"": 0.8, ""rack_size"": 8, ""random_failure_rate"": 1.388888888888889e-05, ""recovery_time"": 60.0, ""relative_accuracy"": 0.05, ""seed"": 42, ""spare_pool_size"": 200, ""systematic_failure_fraction"": 0.08, ""systematic_failure_rate_multiplier"": 20.0, ""warm_standbys"": 16, ""weibull_shape"": 1.0, ""working_pool_size"": 4600}"
da28d045aeb687e2f7991924bb1c67e7501cd076,scheduling_comparison.py,Random +ScoredRemoval,DefaultHostSelection(),"ScoredRemoval(initial_score=100.0, failure_penalty=60.0, success_increment=10.0, time_period=1440, retirement_threshold=0.0)",46,4,2031.2999999999997,0.16541131295229636,1694,1103,591,1694,1369,510,1184,176,441,1077,0,367,0,26,0,0,367,140.62241887905606,10,126.1268436578171,339,9.11,"{""adaptive_replications"": false, ""auto_repair_fail_prob"": 0.6, ""auto_repair_time"": 120.0, ""bad_server_regen_interval"": 43200, ""bad_server_regeneration"": false, ""confidence_level"": 0.95, ""diagnosis_probability"": 1.0, ""diagnosis_uncertainty"": 0.0, ""enable_topology"": false, ""failure_distribution"": ""exponential"", ""host_selection_time"": 3.0, ""job_length"": 20160, ""job_size"": 4096, ""lognormal_sigma"": 1.0, ""manual_repair_fail_prob"": 0.75, ""manual_repair_time"": 2880.0, ""max_replications"": 1000, ""num_replications"": 15, ""preemption_wait_time"": 20.0, ""prob_auto_to_manual"": 0.8, ""rack_size"": 8, ""random_failure_rate"": 1.388888888888889e-05, ""recovery_time"": 60.0, ""relative_accuracy"": 0.05, ""seed"": 42, ""spare_pool_size"": 200, ""systematic_failure_fraction"": 0.08, ""systematic_failure_rate_multiplier"": 20.0, ""warm_standbys"": 16, ""weibull_shape"": 1.0, ""working_pool_size"": 4600}"
da28d045aeb687e2f7991924bb1c67e7501cd076,scheduling_comparison.py,Random +ScoredRemoval,DefaultHostSelection(),"ScoredRemoval(initial_score=100.0, failure_penalty=60.0, success_increment=10.0, time_period=1440, retirement_threshold=0.0)",47,5,2096.349999999999,0.16027857943568627,1759,1165,594,1759,1399,461,1298,166,448,1145,0,386,0,27,0,0,364,148.43714285714285,13,133.67714285714285,350,9.38,"{""adaptive_replications"": false, ""auto_repair_fail_prob"": 0.6, ""auto_repair_time"": 120.0, ""bad_server_regen_interval"": 43200, ""bad_server_regeneration"": false, ""confidence_level"": 0.95, ""diagnosis_probability"": 1.0, ""diagnosis_uncertainty"": 0.0, ""enable_topology"": false, ""failure_distribution"": ""exponential"", ""host_selection_time"": 3.0, ""job_length"": 20160, ""job_size"": 4096, ""lognormal_sigma"": 1.0, ""manual_repair_fail_prob"": 0.75, ""manual_repair_time"": 2880.0, ""max_replications"": 1000, ""num_replications"": 15, ""preemption_wait_time"": 20.0, ""prob_auto_to_manual"": 0.8, ""rack_size"": 8, ""random_failure_rate"": 1.388888888888889e-05, ""recovery_time"": 60.0, ""relative_accuracy"": 0.05, ""seed"": 42, ""spare_pool_size"": 200, ""systematic_failure_fraction"": 0.08, ""systematic_failure_rate_multiplier"": 20.0, ""warm_standbys"": 16, ""weibull_shape"": 1.0, ""working_pool_size"": 4600}"
da28d045aeb687e2f7991924bb1c67e7501cd076,scheduling_comparison.py,Random +ScoredRemoval,DefaultHostSelection(),"ScoredRemoval(initial_score=100.0, failure_penalty=60.0, success_increment=10.0, time_period=1440, retirement_threshold=0.0)",48,6,2090.400000000002,0.16073478760045937,1753,1154,599,1753,1379,510,1243,174,451,1128,0,390,0,28,0,0,365,137.62750716332377,2,123.84813753581662,349,9.52,"{""adaptive_replications"": false, ""auto_repair_fail_prob"": 0.6, ""auto_repair_time"": 120.0, ""bad_server_regen_interval"": 43200, ""bad_server_regeneration"": false, ""confidence_level"": 0.95, ""diagnosis_probability"": 1.0, ""diagnosis_uncertainty"": 0.0, ""enable_topology"": false, ""failure_distribution"": ""exponential"", ""host_selection_time"": 3.0, ""job_length"": 20160, ""job_size"": 4096, ""lognormal_sigma"": 1.0, ""manual_repair_fail_prob"": 0.75, ""manual_repair_time"": 2880.0, ""max_replications"": 1000, ""num_replications"": 15, ""preemption_wait_time"": 20.0, ""prob_auto_to_manual"": 0.8, ""rack_size"": 8, ""random_failure_rate"": 1.388888888888889e-05, ""recovery_time"": 60.0, ""relative_accuracy"": 0.05, ""seed"": 42, ""spare_pool_size"": 200, ""systematic_failure_fraction"": 0.08, ""systematic_failure_rate_multiplier"": 20.0, ""warm_standbys"": 16, ""weibull_shape"": 1.0, ""working_pool_size"": 4600}"
da28d045aeb687e2f7991924bb1c67e7501cd076,scheduling_comparison.py,Random +ScoredRemoval,DefaultHostSelection(),"ScoredRemoval(initial_score=100.0, failure_penalty=60.0, success_increment=10.0, time_period=1440, retirement_threshold=0.0)",49,7,2128.450000000001,0.15786135450680036,1791,1198,593,1791,1428,518,1273,180,440,1171,0,397,0,29,0,0,369,139.56338028169014,10,126.27605633802817,355,9.97,"{""adaptive_replications"": false, ""auto_repair_fail_prob"": 0.6, ""auto_repair_time"": 120.0, ""bad_server_regen_interval"": 43200, ""bad_server_regeneration"": false, ""confidence_level"": 0.95, ""diagnosis_probability"": 1.0, ""diagnosis_uncertainty"": 0.0, ""enable_topology"": false, ""failure_distribution"": ""exponential"", ""host_selection_time"": 3.0, ""job_length"": 20160, ""job_size"": 4096, ""lognormal_sigma"": 1.0, ""manual_repair_fail_prob"": 0.75, ""manual_repair_time"": 2880.0, ""max_replications"": 1000, ""num_replications"": 15, ""preemption_wait_time"": 20.0, ""prob_auto_to_manual"": 0.8, ""rack_size"": 8, ""random_failure_rate"": 1.388888888888889e-05, ""recovery_time"": 60.0, ""relative_accuracy"": 0.05, ""seed"": 42, ""spare_pool_size"": 200, ""systematic_failure_fraction"": 0.08, ""systematic_failure_rate_multiplier"": 20.0, ""warm_standbys"": 16, ""weibull_shape"": 1.0, ""working_pool_size"": 4600}"
da28d045aeb687e2f7991924bb1c67e7501cd076,scheduling_comparison.py,Random +ScoredRemoval,DefaultHostSelection(),"ScoredRemoval(initial_score=100.0, failure_penalty=60.0, success_increment=10.0, time_period=1440, retirement_threshold=0.0)",50,8,2091.4000000000024,0.16065793248541643,1754,1164,590,1754,1395,510,1244,173,451,1130,0,401,0,28,0,0,369,151.32091690544414,12,136.64469914040114,349,10.04,"{""adaptive_replications"": false, ""auto_repair_fail_prob"": 0.6, ""auto_repair_time"": 120.0, ""bad_server_regen_interval"": 43200, ""bad_server_regeneration"": false, ""confidence_level"": 0.95, ""diagnosis_probability"": 1.0, ""diagnosis_uncertainty"": 0.0, ""enable_topology"": false, ""failure_distribution"": ""exponential"", ""host_selection_time"": 3.0, ""job_length"": 20160, ""job_size"": 4096, ""lognormal_sigma"": 1.0, ""manual_repair_fail_prob"": 0.75, ""manual_repair_time"": 2880.0, ""max_replications"": 1000, ""num_replications"": 15, ""preemption_wait_time"": 20.0, ""prob_auto_to_manual"": 0.8, ""rack_size"": 8, ""random_failure_rate"": 1.388888888888889e-05, ""recovery_time"": 60.0, ""relative_accuracy"": 0.05, ""seed"": 42, ""spare_pool_size"": 200, ""systematic_failure_fraction"": 0.08, ""systematic_failure_rate_multiplier"": 20.0, ""warm_standbys"": 16, ""weibull_shape"": 1.0, ""working_pool_size"": 4600}"
da28d045aeb687e2f7991924bb1c67e7501cd076,scheduling_comparison.py,Random +ScoredRemoval,DefaultHostSelection(),"ScoredRemoval(initial_score=100.0, failure_penalty=60.0, success_increment=10.0, time_period=1440, retirement_threshold=0.0)",51,9,2050.4000000000005,0.16387046429964905,1713,1115,598,1713,1337,499,1214,194,427,1092,0,383,0,28,0,0,367,141.39766081871346,7,127.10526315789474,342,9.81,"{""adaptive_replications"": false, ""auto_repair_fail_prob"": 0.6, ""auto_repair_time"": 120.0, ""bad_server_regen_interval"": 43200, ""bad_server_regeneration"": false, ""confidence_level"": 0.95, ""diagnosis_probability"": 1.0, ""diagnosis_uncertainty"": 0.0, ""enable_topology"": false, ""failure_distribution"": ""exponential"", ""host_selection_time"": 3.0, ""job_length"": 20160, ""job_size"": 4096, ""lognormal_sigma"": 1.0, ""manual_repair_fail_prob"": 0.75, ""manual_repair_time"": 2880.0, ""max_replications"": 1000, ""num_replications"": 15, ""preemption_wait_time"": 20.0, ""prob_auto_to_manual"": 0.8, ""rack_size"": 8, ""random_failure_rate"": 1.388888888888889e-05, ""recovery_time"": 60.0, ""relative_accuracy"": 0.05, ""seed"": 42, ""spare_pool_size"": 200, ""systematic_failure_fraction"": 0.08, ""systematic_failure_rate_multiplier"": 20.0, ""warm_standbys"": 16, ""weibull_shape"": 1.0, ""working_pool_size"": 4600}"
da28d045aeb687e2f7991924bb1c67e7501cd076,scheduling_comparison.py,Random +ScoredRemoval,DefaultHostSelection(),"ScoredRemoval(initial_score=100.0, failure_penalty=60.0, success_increment=10.0, time_period=1440, retirement_threshold=0.0)",52,10,2064.3,0.16276703967446618,1727,1127,600,1727,1387,514,1213,187,437,1103,0,382,0,26,0,0,367,143.61159420289854,7,129.44927536231884,345,8.69,"{""adaptive_replications"": false, ""auto_repair_fail_prob"": 0.6, ""auto_repair_time"": 120.0, ""bad_server_regen_interval"": 43200, ""bad_server_regeneration"": false, ""confidence_level"": 0.95, ""diagnosis_probability"": 1.0, ""diagnosis_uncertainty"": 0.0, ""enable_topology"": false, ""failure_distribution"": ""exponential"", ""host_selection_time"": 3.0, ""job_length"": 20160, ""job_size"": 4096, ""lognormal_sigma"": 1.0, ""manual_repair_fail_prob"": 0.75, ""manual_repair_time"": 2880.0, ""max_replications"": 1000, ""num_replications"": 15, ""preemption_wait_time"": 20.0, ""prob_auto_to_manual"": 0.8, ""rack_size"": 8, ""random_failure_rate"": 1.388888888888889e-05, ""recovery_time"": 60.0, ""relative_accuracy"": 0.05, ""seed"": 42, ""spare_pool_size"": 200, ""systematic_failure_fraction"": 0.08, ""systematic_failure_rate_multiplier"": 20.0, ""warm_standbys"": 16, ""weibull_shape"": 1.0, ""working_pool_size"": 4600}"
da28d045aeb687e2f7991924bb1c67e7501cd076,scheduling_comparison.py,Random +ScoredRemoval,DefaultHostSelection(),"ScoredRemoval(initial_score=100.0, failure_penalty=60.0, success_increment=10.0, time_period=1440, retirement_threshold=0.0)",53,11,2096.3999999999996,0.16027475672581573,1759,1164,595,1759,1390,495,1264,178,448,1133,0,395,0,28,0,0,372,143.71428571428572,5,129.23142857142858,350,7.37,"{""adaptive_replications"": false, ""auto_repair_fail_prob"": 0.6, ""auto_repair_time"": 120.0, ""bad_server_regen_interval"": 43200, ""bad_server_regeneration"": false, ""confidence_level"": 0.95, ""diagnosis_probability"": 1.0, ""diagnosis_uncertainty"": 0.0, ""enable_topology"": false, ""failure_distribution"": ""exponential"", ""host_selection_time"": 3.0, ""job_length"": 20160, ""job_size"": 4096, ""lognormal_sigma"": 1.0, ""manual_repair_fail_prob"": 0.75, ""manual_repair_time"": 2880.0, ""max_replications"": 1000, ""num_replications"": 15, ""preemption_wait_time"": 20.0, ""prob_auto_to_manual"": 0.8, ""rack_size"": 8, ""random_failure_rate"": 1.388888888888889e-05, ""recovery_time"": 60.0, ""relative_accuracy"": 0.05, ""seed"": 42, ""spare_pool_size"": 200, ""systematic_failure_fraction"": 0.08, ""systematic_failure_rate_multiplier"": 20.0, ""warm_standbys"": 16, ""weibull_shape"": 1.0, ""working_pool_size"": 4600}"
da28d045aeb687e2f7991924bb1c67e7501cd076,scheduling_comparison.py,Random +ScoredRemoval,DefaultHostSelection(),"ScoredRemoval(initial_score=100.0, failure_penalty=60.0, success_increment=10.0, time_period=1440, retirement_threshold=0.0)",54,12,2040.350000000001,0.16467762883818943,1703,1111,592,1703,1340,476,1227,181,438,1084,0,377,0,27,0,0,366,140.10263929618768,6,125.17888563049853,341,7.47,"{""adaptive_replications"": false, ""auto_repair_fail_prob"": 0.6, ""auto_repair_time"": 120.0, ""bad_server_regen_interval"": 43200, ""bad_server_regeneration"": false, ""confidence_level"": 0.95, ""diagnosis_probability"": 1.0, ""diagnosis_uncertainty"": 0.0, ""enable_topology"": false, ""failure_distribution"": ""exponential"", ""host_selection_time"": 3.0, ""job_length"": 20160, ""job_size"": 4096, ""lognormal_sigma"": 1.0, ""manual_repair_fail_prob"": 0.75, ""manual_repair_time"": 2880.0, ""max_replications"": 1000, ""num_replications"": 15, ""preemption_wait_time"": 20.0, ""prob_auto_to_manual"": 0.8, ""rack_size"": 8, ""random_failure_rate"": 1.388888888888889e-05, ""recovery_time"": 60.0, ""relative_accuracy"": 0.05, ""seed"": 42, ""spare_pool_size"": 200, ""systematic_failure_fraction"": 0.08, ""systematic_failure_rate_multiplier"": 20.0, ""warm_standbys"": 16, ""weibull_shape"": 1.0, ""working_pool_size"": 4600}"
da28d045aeb687e2f7991924bb1c67e7501cd076,scheduling_comparison.py,Random +ScoredRemoval,DefaultHostSelection(),"ScoredRemoval(initial_score=100.0, failure_penalty=60.0, success_increment=10.0, time_period=1440, retirement_threshold=0.0)",55,13,2079.45,0.16158118733318916,1742,1150,592,1742,1418,476,1266,167,463,1112,0,404,0,29,0,0,369,148.21902017291066,5,132.77233429394812,347,7.31,"{""adaptive_replications"": false, ""auto_repair_fail_prob"": 0.6, ""auto_repair_time"": 120.0, ""bad_server_regen_interval"": 43200, ""bad_server_regeneration"": false, ""confidence_level"": 0.95, ""diagnosis_probability"": 1.0, ""diagnosis_uncertainty"": 0.0, ""enable_topology"": false, ""failure_distribution"": ""exponential"", ""host_selection_time"": 3.0, ""job_length"": 20160, ""job_size"": 4096, ""lognormal_sigma"": 1.0, ""manual_repair_fail_prob"": 0.75, ""manual_repair_time"": 2880.0, ""max_replications"": 1000, ""num_replications"": 15, ""preemption_wait_time"": 20.0, ""prob_auto_to_manual"": 0.8, ""rack_size"": 8, ""random_failure_rate"": 1.388888888888889e-05, ""recovery_time"": 60.0, ""relative_accuracy"": 0.05, ""seed"": 42, ""spare_pool_size"": 200, ""systematic_failure_fraction"": 0.08, ""systematic_failure_rate_multiplier"": 20.0, ""warm_standbys"": 16, ""weibull_shape"": 1.0, ""working_pool_size"": 4600}"
da28d045aeb687e2f7991924bb1c67e7501cd076,scheduling_comparison.py,Random +ScoredRemoval,DefaultHostSelection(),"ScoredRemoval(initial_score=100.0, failure_penalty=60.0, success_increment=10.0, time_period=1440, retirement_threshold=0.0)",56,14,2079.3500000000004,0.1615889580878638,1742,1163,579,1742,1374,512,1230,183,422,1137,0,396,0,27,0,0,363,141.71181556195967,6,126.99423631123919,347,5.75,"{""adaptive_replications"": false, ""auto_repair_fail_prob"": 0.6, ""auto_repair_time"": 120.0, ""bad_server_regen_interval"": 43200, ""bad_server_regeneration"": false, ""confidence_level"": 0.95, ""diagnosis_probability"": 1.0, ""diagnosis_uncertainty"": 0.0, ""enable_topology"": false, ""failure_distribution"": ""exponential"", ""host_selection_time"": 3.0, ""job_length"": 20160, ""job_size"": 4096, ""lognormal_sigma"": 1.0, ""manual_repair_fail_prob"": 0.75, ""manual_repair_time"": 2880.0, ""max_replications"": 1000, ""num_replications"": 15, ""preemption_wait_time"": 20.0, ""prob_auto_to_manual"": 0.8, ""rack_size"": 8, ""random_failure_rate"": 1.388888888888889e-05, ""recovery_time"": 60.0, ""relative_accuracy"": 0.05, ""seed"": 42, ""spare_pool_size"": 200, ""systematic_failure_fraction"": 0.08, ""systematic_failure_rate_multiplier"": 20.0, ""warm_standbys"": 16, ""weibull_shape"": 1.0, ""working_pool_size"": 4600}"
da28d045aeb687e2f7991924bb1c67e7501cd076,scheduling_comparison.py,FewestFailures +NeverRemove,FewestFailuresFirst(),NeverRemove(),42,0,2129.300000000002,0.15779833748180108,1793,1135,658,1793,1444,515,1278,206,485,1102,0,0,0,6,0,0,369,234.8338028169014,158,128.73239436619718,355,4.7,"{""adaptive_replications"": false, ""auto_repair_fail_prob"": 0.6, ""auto_repair_time"": 120.0, ""bad_server_regen_interval"": 43200, ""bad_server_regeneration"": false, ""confidence_level"": 0.95, ""diagnosis_probability"": 1.0, ""diagnosis_uncertainty"": 0.0, ""enable_topology"": false, ""failure_distribution"": ""exponential"", ""host_selection_time"": 3.0, ""job_length"": 20160, ""job_size"": 4096, ""lognormal_sigma"": 1.0, ""manual_repair_fail_prob"": 0.75, ""manual_repair_time"": 2880.0, ""max_replications"": 1000, ""num_replications"": 15, ""preemption_wait_time"": 20.0, ""prob_auto_to_manual"": 0.8, ""rack_size"": 8, ""random_failure_rate"": 1.388888888888889e-05, ""recovery_time"": 60.0, ""relative_accuracy"": 0.05, ""seed"": 42, ""spare_pool_size"": 200, ""systematic_failure_fraction"": 0.08, ""systematic_failure_rate_multiplier"": 20.0, ""warm_standbys"": 16, ""weibull_shape"": 1.0, ""working_pool_size"": 4600}"
da28d045aeb687e2f7991924bb1c67e7501cd076,scheduling_comparison.py,FewestFailures +NeverRemove,FewestFailuresFirst(),NeverRemove(),43,1,2163.3500000000004,0.15531467400097124,1827,1195,632,1827,1423,543,1284,186,475,1166,0,0,0,7,0,0,370,244.86426592797784,182,124.79224376731302,361,4.77,"{""adaptive_replications"": false, ""auto_repair_fail_prob"": 0.6, ""auto_repair_time"": 120.0, ""bad_server_regen_interval"": 43200, ""bad_server_regeneration"": false, ""confidence_level"": 0.95, ""diagnosis_probability"": 1.0, ""diagnosis_uncertainty"": 0.0, ""enable_topology"": false, ""failure_distribution"": ""exponential"", ""host_selection_time"": 3.0, ""job_length"": 20160, ""job_size"": 4096, ""lognormal_sigma"": 1.0, ""manual_repair_fail_prob"": 0.75, ""manual_repair_time"": 2880.0, ""max_replications"": 1000, ""num_replications"": 15, ""preemption_wait_time"": 20.0, ""prob_auto_to_manual"": 0.8, ""rack_size"": 8, ""random_failure_rate"": 1.388888888888889e-05, ""recovery_time"": 60.0, ""relative_accuracy"": 0.05, ""seed"": 42, ""spare_pool_size"": 200, ""systematic_failure_fraction"": 0.08, ""systematic_failure_rate_multiplier"": 20.0, ""warm_standbys"": 16, ""weibull_shape"": 1.0, ""working_pool_size"": 4600}"
da28d045aeb687e2f7991924bb1c67e7501cd076,scheduling_comparison.py,FewestFailures +NeverRemove,FewestFailuresFirst(),NeverRemove(),44,2,2095.249999999997,0.1603627252117892,1759,1132,627,1759,1388,507,1252,205,458,1096,0,0,0,5,0,0,366,230.88285714285715,151,130.12857142857143,350,5.44,"{""adaptive_replications"": false, ""auto_repair_fail_prob"": 0.6, ""auto_repair_time"": 120.0, ""bad_server_regen_interval"": 43200, ""bad_server_regeneration"": false, ""confidence_level"": 0.95, ""diagnosis_probability"": 1.0, ""diagnosis_uncertainty"": 0.0, ""enable_topology"": false, ""failure_distribution"": ""exponential"", ""host_selection_time"": 3.0, ""job_length"": 20160, ""job_size"": 4096, ""lognormal_sigma"": 1.0, ""manual_repair_fail_prob"": 0.75, ""manual_repair_time"": 2880.0, ""max_replications"": 1000, ""num_replications"": 15, ""preemption_wait_time"": 20.0, ""prob_auto_to_manual"": 0.8, ""rack_size"": 8, ""random_failure_rate"": 1.388888888888889e-05, ""recovery_time"": 60.0, ""relative_accuracy"": 0.05, ""seed"": 42, ""spare_pool_size"": 200, ""systematic_failure_fraction"": 0.08, ""systematic_failure_rate_multiplier"": 20.0, ""warm_standbys"": 16, ""weibull_shape"": 1.0, ""working_pool_size"": 4600}"
da28d045aeb687e2f7991924bb1c67e7501cd076,scheduling_comparison.py,FewestFailures +NeverRemove,FewestFailuresFirst(),NeverRemove(),45,3,2011.3000000000022,0.1670561328494005,1675,1039,636,1675,1328,473,1202,193,471,1011,0,0,0,6,0,0,365,237.3125,165,123.63988095238095,336,6.08,"{""adaptive_replications"": false, ""auto_repair_fail_prob"": 0.6, ""auto_repair_time"": 120.0, ""bad_server_regen_interval"": 43200, ""bad_server_regeneration"": false, ""confidence_level"": 0.95, ""diagnosis_probability"": 1.0, ""diagnosis_uncertainty"": 0.0, ""enable_topology"": false, ""failure_distribution"": ""exponential"", ""host_selection_time"": 3.0, ""job_length"": 20160, ""job_size"": 4096, ""lognormal_sigma"": 1.0, ""manual_repair_fail_prob"": 0.75, ""manual_repair_time"": 2880.0, ""max_replications"": 1000, ""num_replications"": 15, ""preemption_wait_time"": 20.0, ""prob_auto_to_manual"": 0.8, ""rack_size"": 8, ""random_failure_rate"": 1.388888888888889e-05, ""recovery_time"": 60.0, ""relative_accuracy"": 0.05, ""seed"": 42, ""spare_pool_size"": 200, ""systematic_failure_fraction"": 0.08, ""systematic_failure_rate_multiplier"": 20.0, ""warm_standbys"": 16, ""weibull_shape"": 1.0, ""working_pool_size"": 4600}"
da28d045aeb687e2f7991924bb1c67e7501cd076,scheduling_comparison.py,FewestFailures +NeverRemove,FewestFailuresFirst(),NeverRemove(),46,4,2175.299999999999,0.1544614535926076,1839,1142,697,1839,1502,529,1310,220,505,1114,0,0,0,6,0,0,367,222.57575757575756,146,129.34710743801654,363,6.34,"{""adaptive_replications"": false, ""auto_repair_fail_prob"": 0.6, ""auto_repair_time"": 120.0, ""bad_server_regen_interval"": 43200, ""bad_server_regeneration"": false, ""confidence_level"": 0.95, ""diagnosis_probability"": 1.0, ""diagnosis_uncertainty"": 0.0, ""enable_topology"": false, ""failure_distribution"": ""exponential"", ""host_selection_time"": 3.0, ""job_length"": 20160, ""job_size"": 4096, ""lognormal_sigma"": 1.0, ""manual_repair_fail_prob"": 0.75, ""manual_repair_time"": 2880.0, ""max_replications"": 1000, ""num_replications"": 15, ""preemption_wait_time"": 20.0, ""prob_auto_to_manual"": 0.8, ""rack_size"": 8, ""random_failure_rate"": 1.388888888888889e-05, ""recovery_time"": 60.0, ""relative_accuracy"": 0.05, ""seed"": 42, ""spare_pool_size"": 200, ""systematic_failure_fraction"": 0.08, ""systematic_failure_rate_multiplier"": 20.0, ""warm_standbys"": 16, ""weibull_shape"": 1.0, ""working_pool_size"": 4600}"
da28d045aeb687e2f7991924bb1c67e7501cd076,scheduling_comparison.py,FewestFailures +NeverRemove,FewestFailuresFirst(),NeverRemove(),47,5,2062.3499999999985,0.16292093970470636,1726,1109,617,1726,1353,481,1245,187,458,1081,0,0,0,7,0,0,364,239.63662790697674,173,122.9186046511628,344,5.03,"{""adaptive_replications"": false, ""auto_repair_fail_prob"": 0.6, ""auto_repair_time"": 120.0, ""bad_server_regen_interval"": 43200, ""bad_server_regeneration"": false, ""confidence_level"": 0.95, ""diagnosis_probability"": 1.0, ""diagnosis_uncertainty"": 0.0, ""enable_topology"": false, ""failure_distribution"": ""exponential"", ""host_selection_time"": 3.0, ""job_length"": 20160, ""job_size"": 4096, ""lognormal_sigma"": 1.0, ""manual_repair_fail_prob"": 0.75, ""manual_repair_time"": 2880.0, ""max_replications"": 1000, ""num_replications"": 15, ""preemption_wait_time"": 20.0, ""prob_auto_to_manual"": 0.8, ""rack_size"": 8, ""random_failure_rate"": 1.388888888888889e-05, ""recovery_time"": 60.0, ""relative_accuracy"": 0.05, ""seed"": 42, ""spare_pool_size"": 200, ""systematic_failure_fraction"": 0.08, ""systematic_failure_rate_multiplier"": 20.0, ""warm_standbys"": 16, ""weibull_shape"": 1.0, ""working_pool_size"": 4600}"
da28d045aeb687e2f7991924bb1c67e7501cd076,scheduling_comparison.py,FewestFailures +NeverRemove,FewestFailuresFirst(),NeverRemove(),48,6,2145.3999999999955,0.15661415120723474,1809,1160,649,1809,1439,477,1332,174,509,1126,0,0,0,8,0,0,365,251.41340782122904,183,129.10335195530726,358,4.66,"{""adaptive_replications"": false, ""auto_repair_fail_prob"": 0.6, ""auto_repair_time"": 120.0, ""bad_server_regen_interval"": 43200, ""bad_server_regeneration"": false, ""confidence_level"": 0.95, ""diagnosis_probability"": 1.0, ""diagnosis_uncertainty"": 0.0, ""enable_topology"": false, ""failure_distribution"": ""exponential"", ""host_selection_time"": 3.0, ""job_length"": 20160, ""job_size"": 4096, ""lognormal_sigma"": 1.0, ""manual_repair_fail_prob"": 0.75, ""manual_repair_time"": 2880.0, ""max_replications"": 1000, ""num_replications"": 15, ""preemption_wait_time"": 20.0, ""prob_auto_to_manual"": 0.8, ""rack_size"": 8, ""random_failure_rate"": 1.388888888888889e-05, ""recovery_time"": 60.0, ""relative_accuracy"": 0.05, ""seed"": 42, ""spare_pool_size"": 200, ""systematic_failure_fraction"": 0.08, ""systematic_failure_rate_multiplier"": 20.0, ""warm_standbys"": 16, ""weibull_shape"": 1.0, ""working_pool_size"": 4600}"
da28d045aeb687e2f7991924bb1c67e7501cd076,scheduling_comparison.py,FewestFailures +NeverRemove,FewestFailuresFirst(),NeverRemove(),49,7,2147.300000000001,0.15647557397662132,1811,1179,632,1811,1450,521,1290,193,474,1144,0,0,0,6,0,0,369,243.93016759776538,173,136.15921787709496,358,4.89,"{""adaptive_replications"": false, ""auto_repair_fail_prob"": 0.6, ""auto_repair_time"": 120.0, ""bad_server_regen_interval"": 43200, ""bad_server_regeneration"": false, ""confidence_level"": 0.95, ""diagnosis_probability"": 1.0, ""diagnosis_uncertainty"": 0.0, ""enable_topology"": false, ""failure_distribution"": ""exponential"", ""host_selection_time"": 3.0, ""job_length"": 20160, ""job_size"": 4096, ""lognormal_sigma"": 1.0, ""manual_repair_fail_prob"": 0.75, ""manual_repair_time"": 2880.0, ""max_replications"": 1000, ""num_replications"": 15, ""preemption_wait_time"": 20.0, ""prob_auto_to_manual"": 0.8, ""rack_size"": 8, ""random_failure_rate"": 1.388888888888889e-05, ""recovery_time"": 60.0, ""relative_accuracy"": 0.05, ""seed"": 42, ""spare_pool_size"": 200, ""systematic_failure_fraction"": 0.08, ""systematic_failure_rate_multiplier"": 20.0, ""warm_standbys"": 16, ""weibull_shape"": 1.0, ""working_pool_size"": 4600}"
da28d045aeb687e2f7991924bb1c67e7501cd076,scheduling_comparison.py,FewestFailures +NeverRemove,FewestFailuresFirst(),NeverRemove(),50,8,2159.4500000000003,0.15559517469726095,1823,1197,626,1823,1486,526,1297,199,466,1158,0,0,0,9,0,0,369,246.29166666666666,165,130.9777777777778,360,4.91,"{""adaptive_replications"": false, ""auto_repair_fail_prob"": 0.6, ""auto_repair_time"": 120.0, ""bad_server_regen_interval"": 43200, ""bad_server_regeneration"": false, ""confidence_level"": 0.95, ""diagnosis_probability"": 1.0, ""diagnosis_uncertainty"": 0.0, ""enable_topology"": false, ""failure_distribution"": ""exponential"", ""host_selection_time"": 3.0, ""job_length"": 20160, ""job_size"": 4096, ""lognormal_sigma"": 1.0, ""manual_repair_fail_prob"": 0.75, ""manual_repair_time"": 2880.0, ""max_replications"": 1000, ""num_replications"": 15, ""preemption_wait_time"": 20.0, ""prob_auto_to_manual"": 0.8, ""rack_size"": 8, ""random_failure_rate"": 1.388888888888889e-05, ""recovery_time"": 60.0, ""relative_accuracy"": 0.05, ""seed"": 42, ""spare_pool_size"": 200, ""systematic_failure_fraction"": 0.08, ""systematic_failure_rate_multiplier"": 20.0, ""warm_standbys"": 16, ""weibull_shape"": 1.0, ""working_pool_size"": 4600}"
da28d045aeb687e2f7991924bb1c67e7501cd076,scheduling_comparison.py,FewestFailures +NeverRemove,FewestFailuresFirst(),NeverRemove(),51,9,2141.3500000000013,0.15691036028673483,1805,1184,621,1805,1464,519,1286,175,480,1150,0,0,0,7,0,0,367,247.15126050420167,187,124.63585434173669,357,4.2,"{""adaptive_replications"": false, ""auto_repair_fail_prob"": 0.6, ""auto_repair_time"": 120.0, ""bad_server_regen_interval"": 43200, ""bad_server_regeneration"": false, ""confidence_level"": 0.95, ""diagnosis_probability"": 1.0, ""diagnosis_uncertainty"": 0.0, ""enable_topology"": false, ""failure_distribution"": ""exponential"", ""host_selection_time"": 3.0, ""job_length"": 20160, ""job_size"": 4096, ""lognormal_sigma"": 1.0, ""manual_repair_fail_prob"": 0.75, ""manual_repair_time"": 2880.0, ""max_replications"": 1000, ""num_replications"": 15, ""preemption_wait_time"": 20.0, ""prob_auto_to_manual"": 0.8, ""rack_size"": 8, ""random_failure_rate"": 1.388888888888889e-05, ""recovery_time"": 60.0, ""relative_accuracy"": 0.05, ""seed"": 42, ""spare_pool_size"": 200, ""systematic_failure_fraction"": 0.08, ""systematic_failure_rate_multiplier"": 20.0, ""warm_standbys"": 16, ""weibull_shape"": 1.0, ""working_pool_size"": 4600}"
da28d045aeb687e2f7991924bb1c67e7501cd076,scheduling_comparison.py,FewestFailures +NeverRemove,FewestFailuresFirst(),NeverRemove(),52,10,2069.3000000000047,0.1623737495771514,1733,1111,622,1733,1399,445,1288,176,483,1074,0,0,0,6,0,0,367,264.4579710144927,181,128.09855072463768,345,5.54,"{""adaptive_replications"": false, ""auto_repair_fail_prob"": 0.6, ""auto_repair_time"": 120.0, ""bad_server_regen_interval"": 43200, ""bad_server_regeneration"": false, ""confidence_level"": 0.95, ""diagnosis_probability"": 1.0, ""diagnosis_uncertainty"": 0.0, ""enable_topology"": false, ""failure_distribution"": ""exponential"", ""host_selection_time"": 3.0, ""job_length"": 20160, ""job_size"": 4096, ""lognormal_sigma"": 1.0, ""manual_repair_fail_prob"": 0.75, ""manual_repair_time"": 2880.0, ""max_replications"": 1000, ""num_replications"": 15, ""preemption_wait_time"": 20.0, ""prob_auto_to_manual"": 0.8, ""rack_size"": 8, ""random_failure_rate"": 1.388888888888889e-05, ""recovery_time"": 60.0, ""relative_accuracy"": 0.05, ""seed"": 42, ""spare_pool_size"": 200, ""systematic_failure_fraction"": 0.08, ""systematic_failure_rate_multiplier"": 20.0, ""warm_standbys"": 16, ""weibull_shape"": 1.0, ""working_pool_size"": 4600}"
da28d045aeb687e2f7991924bb1c67e7501cd076,scheduling_comparison.py,FewestFailures +NeverRemove,FewestFailuresFirst(),NeverRemove(),53,11,2147.3499999999967,0.1564719305190122,1811,1171,640,1811,1437,509,1302,192,479,1140,0,0,0,7,0,0,372,242.5949720670391,176,136.62011173184356,358,6.0,"{""adaptive_replications"": false, ""auto_repair_fail_prob"": 0.6, ""auto_repair_time"": 120.0, ""bad_server_regen_interval"": 43200, ""bad_server_regeneration"": false, ""confidence_level"": 0.95, ""diagnosis_probability"": 1.0, ""diagnosis_uncertainty"": 0.0, ""enable_topology"": false, ""failure_distribution"": ""exponential"", ""host_selection_time"": 3.0, ""job_length"": 20160, ""job_size"": 4096, ""lognormal_sigma"": 1.0, ""manual_repair_fail_prob"": 0.75, ""manual_repair_time"": 2880.0, ""max_replications"": 1000, ""num_replications"": 15, ""preemption_wait_time"": 20.0, ""prob_auto_to_manual"": 0.8, ""rack_size"": 8, ""random_failure_rate"": 1.388888888888889e-05, ""recovery_time"": 60.0, ""relative_accuracy"": 0.05, ""seed"": 42, ""spare_pool_size"": 200, ""systematic_failure_fraction"": 0.08, ""systematic_failure_rate_multiplier"": 20.0, ""warm_standbys"": 16, ""weibull_shape"": 1.0, ""working_pool_size"": 4600}"
da28d045aeb687e2f7991924bb1c67e7501cd076,scheduling_comparison.py,FewestFailures +NeverRemove,FewestFailuresFirst(),NeverRemove(),54,12,2154.3999999999974,0.15595989602673613,1818,1172,646,1818,1453,492,1326,180,495,1143,0,0,0,8,0,0,366,246.94722222222222,182,131.2111111111111,360,5.72,"{""adaptive_replications"": false, ""auto_repair_fail_prob"": 0.6, ""auto_repair_time"": 120.0, ""bad_server_regen_interval"": 43200, ""bad_server_regeneration"": false, ""confidence_level"": 0.95, ""diagnosis_probability"": 1.0, ""diagnosis_uncertainty"": 0.0, ""enable_topology"": false, ""failure_distribution"": ""exponential"", ""host_selection_time"": 3.0, ""job_length"": 20160, ""job_size"": 4096, ""lognormal_sigma"": 1.0, ""manual_repair_fail_prob"": 0.75, ""manual_repair_time"": 2880.0, ""max_replications"": 1000, ""num_replications"": 15, ""preemption_wait_time"": 20.0, ""prob_auto_to_manual"": 0.8, ""rack_size"": 8, ""random_failure_rate"": 1.388888888888889e-05, ""recovery_time"": 60.0, ""relative_accuracy"": 0.05, ""seed"": 42, ""spare_pool_size"": 200, ""systematic_failure_fraction"": 0.08, ""systematic_failure_rate_multiplier"": 20.0, ""warm_standbys"": 16, ""weibull_shape"": 1.0, ""working_pool_size"": 4600}"
da28d045aeb687e2f7991924bb1c67e7501cd076,scheduling_comparison.py,FewestFailures +NeverRemove,FewestFailuresFirst(),NeverRemove(),55,13,2118.249999999998,0.1586215035996697,1782,1145,637,1782,1395,510,1272,200,469,1113,0,0,0,5,0,0,369,236.08474576271186,166,128.4689265536723,354,3.85,"{""adaptive_replications"": false, ""auto_repair_fail_prob"": 0.6, ""auto_repair_time"": 120.0, ""bad_server_regen_interval"": 43200, ""bad_server_regeneration"": false, ""confidence_level"": 0.95, ""diagnosis_probability"": 1.0, ""diagnosis_uncertainty"": 0.0, ""enable_topology"": false, ""failure_distribution"": ""exponential"", ""host_selection_time"": 3.0, ""job_length"": 20160, ""job_size"": 4096, ""lognormal_sigma"": 1.0, ""manual_repair_fail_prob"": 0.75, ""manual_repair_time"": 2880.0, ""max_replications"": 1000, ""num_replications"": 15, ""preemption_wait_time"": 20.0, ""prob_auto_to_manual"": 0.8, ""rack_size"": 8, ""random_failure_rate"": 1.388888888888889e-05, ""recovery_time"": 60.0, ""relative_accuracy"": 0.05, ""seed"": 42, ""spare_pool_size"": 200, ""systematic_failure_fraction"": 0.08, ""systematic_failure_rate_multiplier"": 20.0, ""warm_standbys"": 16, ""weibull_shape"": 1.0, ""working_pool_size"": 4600}"
da28d045aeb687e2f7991924bb1c67e7501cd076,scheduling_comparison.py,FewestFailures +NeverRemove,FewestFailuresFirst(),NeverRemove(),56,14,2117.349999999997,0.15868892719673205,1781,1125,656,1781,1427,472,1309,181,511,1089,0,0,0,7,0,0,363,244.93201133144476,176,140.3512747875354,353,4.74,"{""adaptive_replications"": false, ""auto_repair_fail_prob"": 0.6, ""auto_repair_time"": 120.0, ""bad_server_regen_interval"": 43200, ""bad_server_regeneration"": false, ""confidence_level"": 0.95, ""diagnosis_probability"": 1.0, ""diagnosis_uncertainty"": 0.0, ""enable_topology"": false, ""failure_distribution"": ""exponential"", ""host_selection_time"": 3.0, ""job_length"": 20160, ""job_size"": 4096, ""lognormal_sigma"": 1.0, ""manual_repair_fail_prob"": 0.75, ""manual_repair_time"": 2880.0, ""max_replications"": 1000, ""num_replications"": 15, ""preemption_wait_time"": 20.0, ""prob_auto_to_manual"": 0.8, ""rack_size"": 8, ""random_failure_rate"": 1.388888888888889e-05, ""recovery_time"": 60.0, ""relative_accuracy"": 0.05, ""seed"": 42, ""spare_pool_size"": 200, ""systematic_failure_fraction"": 0.08, ""systematic_failure_rate_multiplier"": 20.0, ""warm_standbys"": 16, ""weibull_shape"": 1.0, ""working_pool_size"": 4600}"
da28d045aeb687e2f7991924bb1c67e7501cd076,scheduling_comparison.py,FewestFailures +ThresholdRemoval,FewestFailuresFirst(),"ThresholdRemoval(max_failures=2, window_minutes=10080)",42,0,2148.6,0.15638089919017023,1812,1183,629,1812,1456,490,1322,178,487,1147,0,81,0,12,0,0,369,230.3091922005571,139,126.40389972144847,359,4.67,"{""adaptive_replications"": false, ""auto_repair_fail_prob"": 0.6, ""auto_repair_time"": 120.0, ""bad_server_regen_interval"": 43200, ""bad_server_regeneration"": false, ""confidence_level"": 0.95, ""diagnosis_probability"": 1.0, ""diagnosis_uncertainty"": 0.0, ""enable_topology"": false, ""failure_distribution"": ""exponential"", ""host_selection_time"": 3.0, ""job_length"": 20160, ""job_size"": 4096, ""lognormal_sigma"": 1.0, ""manual_repair_fail_prob"": 0.75, ""manual_repair_time"": 2880.0, ""max_replications"": 1000, ""num_replications"": 15, ""preemption_wait_time"": 20.0, ""prob_auto_to_manual"": 0.8, ""rack_size"": 8, ""random_failure_rate"": 1.388888888888889e-05, ""recovery_time"": 60.0, ""relative_accuracy"": 0.05, ""seed"": 42, ""spare_pool_size"": 200, ""systematic_failure_fraction"": 0.08, ""systematic_failure_rate_multiplier"": 20.0, ""warm_standbys"": 16, ""weibull_shape"": 1.0, ""working_pool_size"": 4600}"
da28d045aeb687e2f7991924bb1c67e7501cd076,scheduling_comparison.py,FewestFailures +ThresholdRemoval,FewestFailuresFirst(),"ThresholdRemoval(max_failures=2, window_minutes=10080)",43,1,2056.5500000000006,0.16338041866232278,1720,1109,611,1720,1363,504,1216,180,454,1086,0,69,0,11,0,0,370,235.49854227405248,148,130.67055393586006,343,3.77,"{""adaptive_replications"": false, ""auto_repair_fail_prob"": 0.6, ""auto_repair_time"": 120.0, ""bad_server_regen_interval"": 43200, ""bad_server_regeneration"": false, ""confidence_level"": 0.95, ""diagnosis_probability"": 1.0, ""diagnosis_uncertainty"": 0.0, ""enable_topology"": false, ""failure_distribution"": ""exponential"", ""host_selection_time"": 3.0, ""job_length"": 20160, ""job_size"": 4096, ""lognormal_sigma"": 1.0, ""manual_repair_fail_prob"": 0.75, ""manual_repair_time"": 2880.0, ""max_replications"": 1000, ""num_replications"": 15, ""preemption_wait_time"": 20.0, ""prob_auto_to_manual"": 0.8, ""rack_size"": 8, ""random_failure_rate"": 1.388888888888889e-05, ""recovery_time"": 60.0, ""relative_accuracy"": 0.05, ""seed"": 42, ""spare_pool_size"": 200, ""systematic_failure_fraction"": 0.08, ""systematic_failure_rate_multiplier"": 20.0, ""warm_standbys"": 16, ""weibull_shape"": 1.0, ""working_pool_size"": 4600}"
da28d045aeb687e2f7991924bb1c67e7501cd076,scheduling_comparison.py,FewestFailures +ThresholdRemoval,FewestFailuresFirst(),"ThresholdRemoval(max_failures=2, window_minutes=10080)",44,2,2014.5500000000009,0.16678662728649057,1678,1097,581,1678,1344,469,1209,172,445,1061,0,78,0,11,0,0,366,230.46130952380952,146,126.20238095238095,336,3.75,"{""adaptive_replications"": false, ""auto_repair_fail_prob"": 0.6, ""auto_repair_time"": 120.0, ""bad_server_regen_interval"": 43200, ""bad_server_regeneration"": false, ""confidence_level"": 0.95, ""diagnosis_probability"": 1.0, ""diagnosis_uncertainty"": 0.0, ""enable_topology"": false, ""failure_distribution"": ""exponential"", ""host_selection_time"": 3.0, ""job_length"": 20160, ""job_size"": 4096, ""lognormal_sigma"": 1.0, ""manual_repair_fail_prob"": 0.75, ""manual_repair_time"": 2880.0, ""max_replications"": 1000, ""num_replications"": 15, ""preemption_wait_time"": 20.0, ""prob_auto_to_manual"": 0.8, ""rack_size"": 8, ""random_failure_rate"": 1.388888888888889e-05, ""recovery_time"": 60.0, ""relative_accuracy"": 0.05, ""seed"": 42, ""spare_pool_size"": 200, ""systematic_failure_fraction"": 0.08, ""systematic_failure_rate_multiplier"": 20.0, ""warm_standbys"": 16, ""weibull_shape"": 1.0, ""working_pool_size"": 4600}"
da28d045aeb687e2f7991924bb1c67e7501cd076,scheduling_comparison.py,FewestFailures +ThresholdRemoval,FewestFailuresFirst(),"ThresholdRemoval(max_failures=2, window_minutes=10080)",45,3,2084.5000000000023,0.16118973374910078,1748,1143,605,1748,1407,516,1232,189,439,1120,0,61,0,10,0,0,365,212.54310344827587,127,117.14080459770115,348,3.32,"{""adaptive_replications"": false, ""auto_repair_fail_prob"": 0.6, ""auto_repair_time"": 120.0, ""bad_server_regen_interval"": 43200, ""bad_server_regeneration"": false, ""confidence_level"": 0.95, ""diagnosis_probability"": 1.0, ""diagnosis_uncertainty"": 0.0, ""enable_topology"": false, ""failure_distribution"": ""exponential"", ""host_selection_time"": 3.0, ""job_length"": 20160, ""job_size"": 4096, ""lognormal_sigma"": 1.0, ""manual_repair_fail_prob"": 0.75, ""manual_repair_time"": 2880.0, ""max_replications"": 1000, ""num_replications"": 15, ""preemption_wait_time"": 20.0, ""prob_auto_to_manual"": 0.8, ""rack_size"": 8, ""random_failure_rate"": 1.388888888888889e-05, ""recovery_time"": 60.0, ""relative_accuracy"": 0.05, ""seed"": 42, ""spare_pool_size"": 200, ""systematic_failure_fraction"": 0.08, ""systematic_failure_rate_multiplier"": 20.0, ""warm_standbys"": 16, ""weibull_shape"": 1.0, ""working_pool_size"": 4600}"
da28d045aeb687e2f7991924bb1c67e7501cd076,scheduling_comparison.py,FewestFailures +ThresholdRemoval,FewestFailuresFirst(),"ThresholdRemoval(max_failures=2, window_minutes=10080)",46,4,2138.5499999999993,0.15711580276355552,1802,1185,617,1802,1420,506,1296,170,478,1154,0,62,0,11,0,0,367,231.624649859944,153,119.79551820728291,357,3.29,"{""adaptive_replications"": false, ""auto_repair_fail_prob"": 0.6, ""auto_repair_time"": 120.0, ""bad_server_regen_interval"": 43200, ""bad_server_regeneration"": false, ""confidence_level"": 0.95, ""diagnosis_probability"": 1.0, ""diagnosis_uncertainty"": 0.0, ""enable_topology"": false, ""failure_distribution"": ""exponential"", ""host_selection_time"": 3.0, ""job_length"": 20160, ""job_size"": 4096, ""lognormal_sigma"": 1.0, ""manual_repair_fail_prob"": 0.75, ""manual_repair_time"": 2880.0, ""max_replications"": 1000, ""num_replications"": 15, ""preemption_wait_time"": 20.0, ""prob_auto_to_manual"": 0.8, ""rack_size"": 8, ""random_failure_rate"": 1.388888888888889e-05, ""recovery_time"": 60.0, ""relative_accuracy"": 0.05, ""seed"": 42, ""spare_pool_size"": 200, ""systematic_failure_fraction"": 0.08, ""systematic_failure_rate_multiplier"": 20.0, ""warm_standbys"": 16, ""weibull_shape"": 1.0, ""working_pool_size"": 4600}"
da28d045aeb687e2f7991924bb1c67e7501cd076,scheduling_comparison.py,FewestFailures +ThresholdRemoval,FewestFailuresFirst(),"ThresholdRemoval(max_failures=2, window_minutes=10080)",47,5,2152.600000000002,0.15609030939329188,1816,1184,632,1816,1432,489,1327,176,484,1156,0,74,0,12,0,0,364,229.35376044568244,141,118.43454038997214,359,3.18,"{""adaptive_replications"": false, ""auto_repair_fail_prob"": 0.6, ""auto_repair_time"": 120.0, ""bad_server_regen_interval"": 43200, ""bad_server_regeneration"": false, ""confidence_level"": 0.95, ""diagnosis_probability"": 1.0, ""diagnosis_uncertainty"": 0.0, ""enable_topology"": false, ""failure_distribution"": ""exponential"", ""host_selection_time"": 3.0, ""job_length"": 20160, ""job_size"": 4096, ""lognormal_sigma"": 1.0, ""manual_repair_fail_prob"": 0.75, ""manual_repair_time"": 2880.0, ""max_replications"": 1000, ""num_replications"": 15, ""preemption_wait_time"": 20.0, ""prob_auto_to_manual"": 0.8, ""rack_size"": 8, ""random_failure_rate"": 1.388888888888889e-05, ""recovery_time"": 60.0, ""relative_accuracy"": 0.05, ""seed"": 42, ""spare_pool_size"": 200, ""systematic_failure_fraction"": 0.08, ""systematic_failure_rate_multiplier"": 20.0, ""warm_standbys"": 16, ""weibull_shape"": 1.0, ""working_pool_size"": 4600}"
da28d045aeb687e2f7991924bb1c67e7501cd076,scheduling_comparison.py,FewestFailures +ThresholdRemoval,FewestFailuresFirst(),"ThresholdRemoval(max_failures=2, window_minutes=10080)",48,6,2097.5000000000023,0.1601907032181167,1761,1144,617,1761,1421,468,1293,164,482,1115,0,71,0,10,0,0,365,234.86,152,126.36571428571429,350,3.05,"{""adaptive_replications"": false, ""auto_repair_fail_prob"": 0.6, ""auto_repair_time"": 120.0, ""bad_server_regen_interval"": 43200, ""bad_server_regeneration"": false, ""confidence_level"": 0.95, ""diagnosis_probability"": 1.0, ""diagnosis_uncertainty"": 0.0, ""enable_topology"": false, ""failure_distribution"": ""exponential"", ""host_selection_time"": 3.0, ""job_length"": 20160, ""job_size"": 4096, ""lognormal_sigma"": 1.0, ""manual_repair_fail_prob"": 0.75, ""manual_repair_time"": 2880.0, ""max_replications"": 1000, ""num_replications"": 15, ""preemption_wait_time"": 20.0, ""prob_auto_to_manual"": 0.8, ""rack_size"": 8, ""random_failure_rate"": 1.388888888888889e-05, ""recovery_time"": 60.0, ""relative_accuracy"": 0.05, ""seed"": 42, ""spare_pool_size"": 200, ""systematic_failure_fraction"": 0.08, ""systematic_failure_rate_multiplier"": 20.0, ""warm_standbys"": 16, ""weibull_shape"": 1.0, ""working_pool_size"": 4600}"
da28d045aeb687e2f7991924bb1c67e7501cd076,scheduling_comparison.py,FewestFailures +ThresholdRemoval,FewestFailuresFirst(),"ThresholdRemoval(max_failures=2, window_minutes=10080)",49,7,2084.5500000000006,0.16118586745340716,1748,1145,603,1748,1413,475,1273,185,458,1105,0,57,0,11,0,0,369,232.617816091954,151,123.32471264367815,348,3.12,"{""adaptive_replications"": false, ""auto_repair_fail_prob"": 0.6, ""auto_repair_time"": 120.0, ""bad_server_regen_interval"": 43200, ""bad_server_regeneration"": false, ""confidence_level"": 0.95, ""diagnosis_probability"": 1.0, ""diagnosis_uncertainty"": 0.0, ""enable_topology"": false, ""failure_distribution"": ""exponential"", ""host_selection_time"": 3.0, ""job_length"": 20160, ""job_size"": 4096, ""lognormal_sigma"": 1.0, ""manual_repair_fail_prob"": 0.75, ""manual_repair_time"": 2880.0, ""max_replications"": 1000, ""num_replications"": 15, ""preemption_wait_time"": 20.0, ""prob_auto_to_manual"": 0.8, ""rack_size"": 8, ""random_failure_rate"": 1.388888888888889e-05, ""recovery_time"": 60.0, ""relative_accuracy"": 0.05, ""seed"": 42, ""spare_pool_size"": 200, ""systematic_failure_fraction"": 0.08, ""systematic_failure_rate_multiplier"": 20.0, ""warm_standbys"": 16, ""weibull_shape"": 1.0, ""working_pool_size"": 4600}"
da28d045aeb687e2f7991924bb1c67e7501cd076,scheduling_comparison.py,FewestFailures +ThresholdRemoval,FewestFailuresFirst(),"ThresholdRemoval(max_failures=2, window_minutes=10080)",50,8,2116.5500000000034,0.15874890742009398,1780,1159,621,1780,1435,483,1297,184,476,1120,0,71,0,11,0,0,369,229.26345609065154,143,119.57223796033995,353,3.1,"{""adaptive_replications"": false, ""auto_repair_fail_prob"": 0.6, ""auto_repair_time"": 120.0, ""bad_server_regen_interval"": 43200, ""bad_server_regeneration"": false, ""confidence_level"": 0.95, ""diagnosis_probability"": 1.0, ""diagnosis_uncertainty"": 0.0, ""enable_topology"": false, ""failure_distribution"": ""exponential"", ""host_selection_time"": 3.0, ""job_length"": 20160, ""job_size"": 4096, ""lognormal_sigma"": 1.0, ""manual_repair_fail_prob"": 0.75, ""manual_repair_time"": 2880.0, ""max_replications"": 1000, ""num_replications"": 15, ""preemption_wait_time"": 20.0, ""prob_auto_to_manual"": 0.8, ""rack_size"": 8, ""random_failure_rate"": 1.388888888888889e-05, ""recovery_time"": 60.0, ""relative_accuracy"": 0.05, ""seed"": 42, ""spare_pool_size"": 200, ""systematic_failure_fraction"": 0.08, ""systematic_failure_rate_multiplier"": 20.0, ""warm_standbys"": 16, ""weibull_shape"": 1.0, ""working_pool_size"": 4600}"
da28d045aeb687e2f7991924bb1c67e7501cd076,scheduling_comparison.py,FewestFailures +ThresholdRemoval,FewestFailuresFirst(),"ThresholdRemoval(max_failures=2, window_minutes=10080)",51,9,2031.4999999999995,0.16539502830420844,1695,1112,583,1695,1359,466,1229,184,434,1077,0,56,0,10,0,0,367,226.13274336283186,141,118.89675516224189,339,2.32,"{""adaptive_replications"": false, ""auto_repair_fail_prob"": 0.6, ""auto_repair_time"": 120.0, ""bad_server_regen_interval"": 43200, ""bad_server_regeneration"": false, ""confidence_level"": 0.95, ""diagnosis_probability"": 1.0, ""diagnosis_uncertainty"": 0.0, ""enable_topology"": false, ""failure_distribution"": ""exponential"", ""host_selection_time"": 3.0, ""job_length"": 20160, ""job_size"": 4096, ""lognormal_sigma"": 1.0, ""manual_repair_fail_prob"": 0.75, ""manual_repair_time"": 2880.0, ""max_replications"": 1000, ""num_replications"": 15, ""preemption_wait_time"": 20.0, ""prob_auto_to_manual"": 0.8, ""rack_size"": 8, ""random_failure_rate"": 1.388888888888889e-05, ""recovery_time"": 60.0, ""relative_accuracy"": 0.05, ""seed"": 42, ""spare_pool_size"": 200, ""systematic_failure_fraction"": 0.08, ""systematic_failure_rate_multiplier"": 20.0, ""warm_standbys"": 16, ""weibull_shape"": 1.0, ""working_pool_size"": 4600}"
da28d045aeb687e2f7991924bb1c67e7501cd076,scheduling_comparison.py,FewestFailures +ThresholdRemoval,FewestFailuresFirst(),"ThresholdRemoval(max_failures=2, window_minutes=10080)",52,10,2090.4999999999995,0.16072709878019636,1754,1131,623,1754,1407,495,1259,174,476,1104,0,59,0,10,0,0,367,234.25787965616047,151,128.12034383954153,349,2.2,"{""adaptive_replications"": false, ""auto_repair_fail_prob"": 0.6, ""auto_repair_time"": 120.0, ""bad_server_regen_interval"": 43200, ""bad_server_regeneration"": false, ""confidence_level"": 0.95, ""diagnosis_probability"": 1.0, ""diagnosis_uncertainty"": 0.0, ""enable_topology"": false, ""failure_distribution"": ""exponential"", ""host_selection_time"": 3.0, ""job_length"": 20160, ""job_size"": 4096, ""lognormal_sigma"": 1.0, ""manual_repair_fail_prob"": 0.75, ""manual_repair_time"": 2880.0, ""max_replications"": 1000, ""num_replications"": 15, ""preemption_wait_time"": 20.0, ""prob_auto_to_manual"": 0.8, ""rack_size"": 8, ""random_failure_rate"": 1.388888888888889e-05, ""recovery_time"": 60.0, ""relative_accuracy"": 0.05, ""seed"": 42, ""spare_pool_size"": 200, ""systematic_failure_fraction"": 0.08, ""systematic_failure_rate_multiplier"": 20.0, ""warm_standbys"": 16, ""weibull_shape"": 1.0, ""working_pool_size"": 4600}"
da28d045aeb687e2f7991924bb1c67e7501cd076,scheduling_comparison.py,FewestFailures +ThresholdRemoval,FewestFailuresFirst(),"ThresholdRemoval(max_failures=2, window_minutes=10080)",53,11,2093.6,0.1604891096675587,1757,1144,613,1757,1392,520,1237,172,469,1116,0,86,0,12,0,0,372,226.40401146131805,146,122.2378223495702,349,2.21,"{""adaptive_replications"": false, ""auto_repair_fail_prob"": 0.6, ""auto_repair_time"": 120.0, ""bad_server_regen_interval"": 43200, ""bad_server_regeneration"": false, ""confidence_level"": 0.95, ""diagnosis_probability"": 1.0, ""diagnosis_uncertainty"": 0.0, ""enable_topology"": false, ""failure_distribution"": ""exponential"", ""host_selection_time"": 3.0, ""job_length"": 20160, ""job_size"": 4096, ""lognormal_sigma"": 1.0, ""manual_repair_fail_prob"": 0.75, ""manual_repair_time"": 2880.0, ""max_replications"": 1000, ""num_replications"": 15, ""preemption_wait_time"": 20.0, ""prob_auto_to_manual"": 0.8, ""rack_size"": 8, ""random_failure_rate"": 1.388888888888889e-05, ""recovery_time"": 60.0, ""relative_accuracy"": 0.05, ""seed"": 42, ""spare_pool_size"": 200, ""systematic_failure_fraction"": 0.08, ""systematic_failure_rate_multiplier"": 20.0, ""warm_standbys"": 16, ""weibull_shape"": 1.0, ""working_pool_size"": 4600}"
da28d045aeb687e2f7991924bb1c67e7501cd076,scheduling_comparison.py,FewestFailures +ThresholdRemoval,FewestFailuresFirst(),"ThresholdRemoval(max_failures=2, window_minutes=10080)",54,12,2074.6000000000004,0.16195893184228335,1738,1112,626,1738,1385,483,1255,175,477,1086,0,68,0,12,0,0,366,230.47109826589596,139,121.20520231213872,346,2.45,"{""adaptive_replications"": false, ""auto_repair_fail_prob"": 0.6, ""auto_repair_time"": 120.0, ""bad_server_regen_interval"": 43200, ""bad_server_regeneration"": false, ""confidence_level"": 0.95, ""diagnosis_probability"": 1.0, ""diagnosis_uncertainty"": 0.0, ""enable_topology"": false, ""failure_distribution"": ""exponential"", ""host_selection_time"": 3.0, ""job_length"": 20160, ""job_size"": 4096, ""lognormal_sigma"": 1.0, ""manual_repair_fail_prob"": 0.75, ""manual_repair_time"": 2880.0, ""max_replications"": 1000, ""num_replications"": 15, ""preemption_wait_time"": 20.0, ""prob_auto_to_manual"": 0.8, ""rack_size"": 8, ""random_failure_rate"": 1.388888888888889e-05, ""recovery_time"": 60.0, ""relative_accuracy"": 0.05, ""seed"": 42, ""spare_pool_size"": 200, ""systematic_failure_fraction"": 0.08, ""systematic_failure_rate_multiplier"": 20.0, ""warm_standbys"": 16, ""weibull_shape"": 1.0, ""working_pool_size"": 4600}"
da28d045aeb687e2f7991924bb1c67e7501cd076,scheduling_comparison.py,FewestFailures +ThresholdRemoval,FewestFailuresFirst(),"ThresholdRemoval(max_failures=2, window_minutes=10080)",55,13,2055.5499999999975,0.1634599012429766,1719,1093,626,1719,1395,449,1270,184,465,1070,0,65,0,11,0,0,369,232.03790087463557,137,127.95918367346938,343,2.32,"{""adaptive_replications"": false, ""auto_repair_fail_prob"": 0.6, ""auto_repair_time"": 120.0, ""bad_server_regen_interval"": 43200, ""bad_server_regeneration"": false, ""confidence_level"": 0.95, ""diagnosis_probability"": 1.0, ""diagnosis_uncertainty"": 0.0, ""enable_topology"": false, ""failure_distribution"": ""exponential"", ""host_selection_time"": 3.0, ""job_length"": 20160, ""job_size"": 4096, ""lognormal_sigma"": 1.0, ""manual_repair_fail_prob"": 0.75, ""manual_repair_time"": 2880.0, ""max_replications"": 1000, ""num_replications"": 15, ""preemption_wait_time"": 20.0, ""prob_auto_to_manual"": 0.8, ""rack_size"": 8, ""random_failure_rate"": 1.388888888888889e-05, ""recovery_time"": 60.0, ""relative_accuracy"": 0.05, ""seed"": 42, ""spare_pool_size"": 200, ""systematic_failure_fraction"": 0.08, ""systematic_failure_rate_multiplier"": 20.0, ""warm_standbys"": 16, ""weibull_shape"": 1.0, ""working_pool_size"": 4600}"
da28d045aeb687e2f7991924bb1c67e7501cd076,scheduling_comparison.py,FewestFailures +ThresholdRemoval,FewestFailuresFirst(),"ThresholdRemoval(max_failures=2, window_minutes=10080)",56,14,2115.649999999999,0.1588164393921487,1779,1181,598,1779,1454,476,1303,174,458,1147,0,56,0,13,0,0,363,233.1388101983003,153,120.74220963172804,353,2.31,"{""adaptive_replications"": false, ""auto_repair_fail_prob"": 0.6, ""auto_repair_time"": 120.0, ""bad_server_regen_interval"": 43200, ""bad_server_regeneration"": false, ""confidence_level"": 0.95, ""diagnosis_probability"": 1.0, ""diagnosis_uncertainty"": 0.0, ""enable_topology"": false, ""failure_distribution"": ""exponential"", ""host_selection_time"": 3.0, ""job_length"": 20160, ""job_size"": 4096, ""lognormal_sigma"": 1.0, ""manual_repair_fail_prob"": 0.75, ""manual_repair_time"": 2880.0, ""max_replications"": 1000, ""num_replications"": 15, ""preemption_wait_time"": 20.0, ""prob_auto_to_manual"": 0.8, ""rack_size"": 8, ""random_failure_rate"": 1.388888888888889e-05, ""recovery_time"": 60.0, ""relative_accuracy"": 0.05, ""seed"": 42, ""spare_pool_size"": 200, ""systematic_failure_fraction"": 0.08, ""systematic_failure_rate_multiplier"": 20.0, ""warm_standbys"": 16, ""weibull_shape"": 1.0, ""working_pool_size"": 4600}"
da28d045aeb687e2f7991924bb1c67e7501cd076,scheduling_comparison.py,FewestFailures +ScoredRemoval,FewestFailuresFirst(),"ScoredRemoval(initial_score=100.0, failure_penalty=60.0, success_increment=10.0, time_period=1440, retirement_threshold=0.0)",42,0,2097.2999999999984,0.16020597911600612,1760,1168,592,1760,1422,455,1305,154,471,1135,0,364,0,26,0,0,369,188.68571428571428,25,119.63428571428571,350,2.86,"{""adaptive_replications"": false, ""auto_repair_fail_prob"": 0.6, ""auto_repair_time"": 120.0, ""bad_server_regen_interval"": 43200, ""bad_server_regeneration"": false, ""confidence_level"": 0.95, ""diagnosis_probability"": 1.0, ""diagnosis_uncertainty"": 0.0, ""enable_topology"": false, ""failure_distribution"": ""exponential"", ""host_selection_time"": 3.0, ""job_length"": 20160, ""job_size"": 4096, ""lognormal_sigma"": 1.0, ""manual_repair_fail_prob"": 0.75, ""manual_repair_time"": 2880.0, ""max_replications"": 1000, ""num_replications"": 15, ""preemption_wait_time"": 20.0, ""prob_auto_to_manual"": 0.8, ""rack_size"": 8, ""random_failure_rate"": 1.388888888888889e-05, ""recovery_time"": 60.0, ""relative_accuracy"": 0.05, ""seed"": 42, ""spare_pool_size"": 200, ""systematic_failure_fraction"": 0.08, ""systematic_failure_rate_multiplier"": 20.0, ""warm_standbys"": 16, ""weibull_shape"": 1.0, ""working_pool_size"": 4600}"
da28d045aeb687e2f7991924bb1c67e7501cd076,scheduling_comparison.py,FewestFailures +ScoredRemoval,FewestFailuresFirst(),"ScoredRemoval(initial_score=100.0, failure_penalty=60.0, success_increment=10.0, time_period=1440, retirement_threshold=0.0)",43,1,2130.3000000000015,0.15772426418814256,1793,1210,583,1793,1411,526,1267,165,447,1181,0,354,0,26,0,0,370,197.6629213483146,30,124.09269662921348,356,3.42,"{""adaptive_replications"": false, ""auto_repair_fail_prob"": 0.6, ""auto_repair_time"": 120.0, ""bad_server_regen_interval"": 43200, ""bad_server_regeneration"": false, ""confidence_level"": 0.95, ""diagnosis_probability"": 1.0, ""diagnosis_uncertainty"": 0.0, ""enable_topology"": false, ""failure_distribution"": ""exponential"", ""host_selection_time"": 3.0, ""job_length"": 20160, ""job_size"": 4096, ""lognormal_sigma"": 1.0, ""manual_repair_fail_prob"": 0.75, ""manual_repair_time"": 2880.0, ""max_replications"": 1000, ""num_replications"": 15, ""preemption_wait_time"": 20.0, ""prob_auto_to_manual"": 0.8, ""rack_size"": 8, ""random_failure_rate"": 1.388888888888889e-05, ""recovery_time"": 60.0, ""relative_accuracy"": 0.05, ""seed"": 42, ""spare_pool_size"": 200, ""systematic_failure_fraction"": 0.08, ""systematic_failure_rate_multiplier"": 20.0, ""warm_standbys"": 16, ""weibull_shape"": 1.0, ""working_pool_size"": 4600}"
da28d045aeb687e2f7991924bb1c67e7501cd076,scheduling_comparison.py,FewestFailures +ScoredRemoval,FewestFailuresFirst(),"ScoredRemoval(initial_score=100.0, failure_penalty=60.0, success_increment=10.0, time_period=1440, retirement_threshold=0.0)",44,2,2075.25,0.1619082038308637,1738,1160,578,1738,1381,480,1258,159,446,1133,0,353,0,25,0,0,366,191.1184971098266,30,124.47687861271676,346,3.19,"{""adaptive_replications"": false, ""auto_repair_fail_prob"": 0.6, ""auto_repair_time"": 120.0, ""bad_server_regen_interval"": 43200, ""bad_server_regeneration"": false, ""confidence_level"": 0.95, ""diagnosis_probability"": 1.0, ""diagnosis_uncertainty"": 0.0, ""enable_topology"": false, ""failure_distribution"": ""exponential"", ""host_selection_time"": 3.0, ""job_length"": 20160, ""job_size"": 4096, ""lognormal_sigma"": 1.0, ""manual_repair_fail_prob"": 0.75, ""manual_repair_time"": 2880.0, ""max_replications"": 1000, ""num_replications"": 15, ""preemption_wait_time"": 20.0, ""prob_auto_to_manual"": 0.8, ""rack_size"": 8, ""random_failure_rate"": 1.388888888888889e-05, ""recovery_time"": 60.0, ""relative_accuracy"": 0.05, ""seed"": 42, ""spare_pool_size"": 200, ""systematic_failure_fraction"": 0.08, ""systematic_failure_rate_multiplier"": 20.0, ""warm_standbys"": 16, ""weibull_shape"": 1.0, ""working_pool_size"": 4600}"
da28d045aeb687e2f7991924bb1c67e7501cd076,scheduling_comparison.py,FewestFailures +ScoredRemoval,FewestFailuresFirst(),"ScoredRemoval(initial_score=100.0, failure_penalty=60.0, success_increment=10.0, time_period=1440, retirement_threshold=0.0)",45,3,2038.1500000000015,0.16485538355861978,1701,1138,563,1701,1353,510,1191,187,401,1113,0,317,0,23,0,0,365,175.4764705882353,19,111.56764705882352,340,3.12,"{""adaptive_replications"": false, ""auto_repair_fail_prob"": 0.6, ""auto_repair_time"": 120.0, ""bad_server_regen_interval"": 43200, ""bad_server_regeneration"": false, ""confidence_level"": 0.95, ""diagnosis_probability"": 1.0, ""diagnosis_uncertainty"": 0.0, ""enable_topology"": false, ""failure_distribution"": ""exponential"", ""host_selection_time"": 3.0, ""job_length"": 20160, ""job_size"": 4096, ""lognormal_sigma"": 1.0, ""manual_repair_fail_prob"": 0.75, ""manual_repair_time"": 2880.0, ""max_replications"": 1000, ""num_replications"": 15, ""preemption_wait_time"": 20.0, ""prob_auto_to_manual"": 0.8, ""rack_size"": 8, ""random_failure_rate"": 1.388888888888889e-05, ""recovery_time"": 60.0, ""relative_accuracy"": 0.05, ""seed"": 42, ""spare_pool_size"": 200, ""systematic_failure_fraction"": 0.08, ""systematic_failure_rate_multiplier"": 20.0, ""warm_standbys"": 16, ""weibull_shape"": 1.0, ""working_pool_size"": 4600}"
da28d045aeb687e2f7991924bb1c67e7501cd076,scheduling_comparison.py,FewestFailures +ScoredRemoval,FewestFailuresFirst(),"ScoredRemoval(initial_score=100.0, failure_penalty=60.0, success_increment=10.0, time_period=1440, retirement_threshold=0.0)",46,4,2063.300000000004,0.16284592642853676,1726,1137,589,1726,1356,487,1239,179,432,1115,0,348,0,26,0,0,367,185.3372093023256,22,121.18895348837209,344,3.26,"{""adaptive_replications"": false, ""auto_repair_fail_prob"": 0.6, ""auto_repair_time"": 120.0, ""bad_server_regen_interval"": 43200, ""bad_server_regeneration"": false, ""confidence_level"": 0.95, ""diagnosis_probability"": 1.0, ""diagnosis_uncertainty"": 0.0, ""enable_topology"": false, ""failure_distribution"": ""exponential"", ""host_selection_time"": 3.0, ""job_length"": 20160, ""job_size"": 4096, ""lognormal_sigma"": 1.0, ""manual_repair_fail_prob"": 0.75, ""manual_repair_time"": 2880.0, ""max_replications"": 1000, ""num_replications"": 15, ""preemption_wait_time"": 20.0, ""prob_auto_to_manual"": 0.8, ""rack_size"": 8, ""random_failure_rate"": 1.388888888888889e-05, ""recovery_time"": 60.0, ""relative_accuracy"": 0.05, ""seed"": 42, ""spare_pool_size"": 200, ""systematic_failure_fraction"": 0.08, ""systematic_failure_rate_multiplier"": 20.0, ""warm_standbys"": 16, ""weibull_shape"": 1.0, ""working_pool_size"": 4600}"
da28d045aeb687e2f7991924bb1c67e7501cd076,scheduling_comparison.py,FewestFailures +ScoredRemoval,FewestFailuresFirst(),"ScoredRemoval(initial_score=100.0, failure_penalty=60.0, success_increment=10.0, time_period=1440, retirement_threshold=0.0)",47,5,2031.1500000000017,0.16542352854294373,1694,1126,568,1694,1342,469,1225,172,421,1101,0,309,0,23,0,0,364,187.75221238938053,33,117.96460176991151,339,3.1,"{""adaptive_replications"": false, ""auto_repair_fail_prob"": 0.6, ""auto_repair_time"": 120.0, ""bad_server_regen_interval"": 43200, ""bad_server_regeneration"": false, ""confidence_level"": 0.95, ""diagnosis_probability"": 1.0, ""diagnosis_uncertainty"": 0.0, ""enable_topology"": false, ""failure_distribution"": ""exponential"", ""host_selection_time"": 3.0, ""job_length"": 20160, ""job_size"": 4096, ""lognormal_sigma"": 1.0, ""manual_repair_fail_prob"": 0.75, ""manual_repair_time"": 2880.0, ""max_replications"": 1000, ""num_replications"": 15, ""preemption_wait_time"": 20.0, ""prob_auto_to_manual"": 0.8, ""rack_size"": 8, ""random_failure_rate"": 1.388888888888889e-05, ""recovery_time"": 60.0, ""relative_accuracy"": 0.05, ""seed"": 42, ""spare_pool_size"": 200, ""systematic_failure_fraction"": 0.08, ""systematic_failure_rate_multiplier"": 20.0, ""warm_standbys"": 16, ""weibull_shape"": 1.0, ""working_pool_size"": 4600}"
da28d045aeb687e2f7991924bb1c67e7501cd076,scheduling_comparison.py,FewestFailures +ScoredRemoval,FewestFailuresFirst(),"ScoredRemoval(initial_score=100.0, failure_penalty=60.0, success_increment=10.0, time_period=1440, retirement_threshold=0.0)",48,6,2027.1999999999994,0.16574585635359154,1690,1123,567,1690,1369,481,1209,169,428,1093,0,313,0,24,0,0,365,183.98816568047337,23,120.49112426035504,338,3.01,"{""adaptive_replications"": false, ""auto_repair_fail_prob"": 0.6, ""auto_repair_time"": 120.0, ""bad_server_regen_interval"": 43200, ""bad_server_regeneration"": false, ""confidence_level"": 0.95, ""diagnosis_probability"": 1.0, ""diagnosis_uncertainty"": 0.0, ""enable_topology"": false, ""failure_distribution"": ""exponential"", ""host_selection_time"": 3.0, ""job_length"": 20160, ""job_size"": 4096, ""lognormal_sigma"": 1.0, ""manual_repair_fail_prob"": 0.75, ""manual_repair_time"": 2880.0, ""max_replications"": 1000, ""num_replications"": 15, ""preemption_wait_time"": 20.0, ""prob_auto_to_manual"": 0.8, ""rack_size"": 8, ""random_failure_rate"": 1.388888888888889e-05, ""recovery_time"": 60.0, ""relative_accuracy"": 0.05, ""seed"": 42, ""spare_pool_size"": 200, ""systematic_failure_fraction"": 0.08, ""systematic_failure_rate_multiplier"": 20.0, ""warm_standbys"": 16, ""weibull_shape"": 1.0, ""working_pool_size"": 4600}"
da28d045aeb687e2f7991924bb1c67e7501cd076,scheduling_comparison.py,FewestFailures +ScoredRemoval,FewestFailuresFirst(),"ScoredRemoval(initial_score=100.0, failure_penalty=60.0, success_increment=10.0, time_period=1440, retirement_threshold=0.0)",49,7,2053.299999999999,0.16363902011396322,1716,1140,576,1716,1347,510,1206,171,436,1109,0,320,0,26,0,0,369,184.92419825072886,20,116.32069970845481,343,3.21,"{""adaptive_replications"": false, ""auto_repair_fail_prob"": 0.6, ""auto_repair_time"": 120.0, ""bad_server_regen_interval"": 43200, ""bad_server_regeneration"": false, ""confidence_level"": 0.95, ""diagnosis_probability"": 1.0, ""diagnosis_uncertainty"": 0.0, ""enable_topology"": false, ""failure_distribution"": ""exponential"", ""host_selection_time"": 3.0, ""job_length"": 20160, ""job_size"": 4096, ""lognormal_sigma"": 1.0, ""manual_repair_fail_prob"": 0.75, ""manual_repair_time"": 2880.0, ""max_replications"": 1000, ""num_replications"": 15, ""preemption_wait_time"": 20.0, ""prob_auto_to_manual"": 0.8, ""rack_size"": 8, ""random_failure_rate"": 1.388888888888889e-05, ""recovery_time"": 60.0, ""relative_accuracy"": 0.05, ""seed"": 42, ""spare_pool_size"": 200, ""systematic_failure_fraction"": 0.08, ""systematic_failure_rate_multiplier"": 20.0, ""warm_standbys"": 16, ""weibull_shape"": 1.0, ""working_pool_size"": 4600}"
da28d045aeb687e2f7991924bb1c67e7501cd076,scheduling_comparison.py,FewestFailures +ScoredRemoval,FewestFailuresFirst(),"ScoredRemoval(initial_score=100.0, failure_penalty=60.0, success_increment=10.0, time_period=1440, retirement_threshold=0.0)",50,8,2099.349999999997,0.1600495391430678,1762,1180,582,1762,1435,484,1278,176,441,1145,0,362,0,27,0,0,369,185.9857142857143,24,118.85428571428571,350,3.24,"{""adaptive_replications"": false, ""auto_repair_fail_prob"": 0.6, ""auto_repair_time"": 120.0, ""bad_server_regen_interval"": 43200, ""bad_server_regeneration"": false, ""confidence_level"": 0.95, ""diagnosis_probability"": 1.0, ""diagnosis_uncertainty"": 0.0, ""enable_topology"": false, ""failure_distribution"": ""exponential"", ""host_selection_time"": 3.0, ""job_length"": 20160, ""job_size"": 4096, ""lognormal_sigma"": 1.0, ""manual_repair_fail_prob"": 0.75, ""manual_repair_time"": 2880.0, ""max_replications"": 1000, ""num_replications"": 15, ""preemption_wait_time"": 20.0, ""prob_auto_to_manual"": 0.8, ""rack_size"": 8, ""random_failure_rate"": 1.388888888888889e-05, ""recovery_time"": 60.0, ""relative_accuracy"": 0.05, ""seed"": 42, ""spare_pool_size"": 200, ""systematic_failure_fraction"": 0.08, ""systematic_failure_rate_multiplier"": 20.0, ""warm_standbys"": 16, ""weibull_shape"": 1.0, ""working_pool_size"": 4600}"
da28d045aeb687e2f7991924bb1c67e7501cd076,scheduling_comparison.py,FewestFailures +ScoredRemoval,FewestFailuresFirst(),"ScoredRemoval(initial_score=100.0, failure_penalty=60.0, success_increment=10.0, time_period=1440, retirement_threshold=0.0)",51,9,2084.250000000003,0.16120906801007537,1747,1180,567,1747,1402,470,1277,160,438,1149,0,331,0,25,0,0,367,183.367816091954,27,114.57183908045977,348,3.23,"{""adaptive_replications"": false, ""auto_repair_fail_prob"": 0.6, ""auto_repair_time"": 120.0, ""bad_server_regen_interval"": 43200, ""bad_server_regeneration"": false, ""confidence_level"": 0.95, ""diagnosis_probability"": 1.0, ""diagnosis_uncertainty"": 0.0, ""enable_topology"": false, ""failure_distribution"": ""exponential"", ""host_selection_time"": 3.0, ""job_length"": 20160, ""job_size"": 4096, ""lognormal_sigma"": 1.0, ""manual_repair_fail_prob"": 0.75, ""manual_repair_time"": 2880.0, ""max_replications"": 1000, ""num_replications"": 15, ""preemption_wait_time"": 20.0, ""prob_auto_to_manual"": 0.8, ""rack_size"": 8, ""random_failure_rate"": 1.388888888888889e-05, ""recovery_time"": 60.0, ""relative_accuracy"": 0.05, ""seed"": 42, ""spare_pool_size"": 200, ""systematic_failure_fraction"": 0.08, ""systematic_failure_rate_multiplier"": 20.0, ""warm_standbys"": 16, ""weibull_shape"": 1.0, ""working_pool_size"": 4600}"
da28d045aeb687e2f7991924bb1c67e7501cd076,scheduling_comparison.py,FewestFailures +ScoredRemoval,FewestFailuresFirst(),"ScoredRemoval(initial_score=100.0, failure_penalty=60.0, success_increment=10.0, time_period=1440, retirement_threshold=0.0)",52,10,2063.299999999998,0.1628459264285372,1726,1151,575,1726,1379,513,1213,175,436,1115,0,347,0,26,0,0,367,182.28197674418604,22,114.2936046511628,344,3.27,"{""adaptive_replications"": false, ""auto_repair_fail_prob"": 0.6, ""auto_repair_time"": 120.0, ""bad_server_regen_interval"": 43200, ""bad_server_regeneration"": false, ""confidence_level"": 0.95, ""diagnosis_probability"": 1.0, ""diagnosis_uncertainty"": 0.0, ""enable_topology"": false, ""failure_distribution"": ""exponential"", ""host_selection_time"": 3.0, ""job_length"": 20160, ""job_size"": 4096, ""lognormal_sigma"": 1.0, ""manual_repair_fail_prob"": 0.75, ""manual_repair_time"": 2880.0, ""max_replications"": 1000, ""num_replications"": 15, ""preemption_wait_time"": 20.0, ""prob_auto_to_manual"": 0.8, ""rack_size"": 8, ""random_failure_rate"": 1.388888888888889e-05, ""recovery_time"": 60.0, ""relative_accuracy"": 0.05, ""seed"": 42, ""spare_pool_size"": 200, ""systematic_failure_fraction"": 0.08, ""systematic_failure_rate_multiplier"": 20.0, ""warm_standbys"": 16, ""weibull_shape"": 1.0, ""working_pool_size"": 4600}"
da28d045aeb687e2f7991924bb1c67e7501cd076,scheduling_comparison.py,FewestFailures +ScoredRemoval,FewestFailuresFirst(),"ScoredRemoval(initial_score=100.0, failure_penalty=60.0, success_increment=10.0, time_period=1440, retirement_threshold=0.0)",53,11,2096.249999999998,0.160286225402505,1759,1179,580,1759,1371,500,1259,173,439,1147,0,342,0,25,0,0,372,184.15714285714284,21,118.6,350,3.29,"{""adaptive_replications"": false, ""auto_repair_fail_prob"": 0.6, ""auto_repair_time"": 120.0, ""bad_server_regen_interval"": 43200, ""bad_server_regeneration"": false, ""confidence_level"": 0.95, ""diagnosis_probability"": 1.0, ""diagnosis_uncertainty"": 0.0, ""enable_topology"": false, ""failure_distribution"": ""exponential"", ""host_selection_time"": 3.0, ""job_length"": 20160, ""job_size"": 4096, ""lognormal_sigma"": 1.0, ""manual_repair_fail_prob"": 0.75, ""manual_repair_time"": 2880.0, ""max_replications"": 1000, ""num_replications"": 15, ""preemption_wait_time"": 20.0, ""prob_auto_to_manual"": 0.8, ""rack_size"": 8, ""random_failure_rate"": 1.388888888888889e-05, ""recovery_time"": 60.0, ""relative_accuracy"": 0.05, ""seed"": 42, ""spare_pool_size"": 200, ""systematic_failure_fraction"": 0.08, ""systematic_failure_rate_multiplier"": 20.0, ""warm_standbys"": 16, ""weibull_shape"": 1.0, ""working_pool_size"": 4600}"
da28d045aeb687e2f7991924bb1c67e7501cd076,scheduling_comparison.py,FewestFailures +ScoredRemoval,FewestFailuresFirst(),"ScoredRemoval(initial_score=100.0, failure_penalty=60.0, success_increment=10.0, time_period=1440, retirement_threshold=0.0)",54,12,2046.1999999999994,0.16420682240250242,1709,1149,560,1709,1362,447,1262,149,445,1115,0,330,0,24,0,0,366,193.6169590643275,38,123.47953216374269,342,3.15,"{""adaptive_replications"": false, ""auto_repair_fail_prob"": 0.6, ""auto_repair_time"": 120.0, ""bad_server_regen_interval"": 43200, ""bad_server_regeneration"": false, ""confidence_level"": 0.95, ""diagnosis_probability"": 1.0, ""diagnosis_uncertainty"": 0.0, ""enable_topology"": false, ""failure_distribution"": ""exponential"", ""host_selection_time"": 3.0, ""job_length"": 20160, ""job_size"": 4096, ""lognormal_sigma"": 1.0, ""manual_repair_fail_prob"": 0.75, ""manual_repair_time"": 2880.0, ""max_replications"": 1000, ""num_replications"": 15, ""preemption_wait_time"": 20.0, ""prob_auto_to_manual"": 0.8, ""rack_size"": 8, ""random_failure_rate"": 1.388888888888889e-05, ""recovery_time"": 60.0, ""relative_accuracy"": 0.05, ""seed"": 42, ""spare_pool_size"": 200, ""systematic_failure_fraction"": 0.08, ""systematic_failure_rate_multiplier"": 20.0, ""warm_standbys"": 16, ""weibull_shape"": 1.0, ""working_pool_size"": 4600}"
da28d045aeb687e2f7991924bb1c67e7501cd076,scheduling_comparison.py,FewestFailures +ScoredRemoval,FewestFailuresFirst(),"ScoredRemoval(initial_score=100.0, failure_penalty=60.0, success_increment=10.0, time_period=1440, retirement_threshold=0.0)",55,13,2050.1499999999974,0.16389044704046069,1713,1134,579,1713,1367,465,1248,181,422,1110,0,332,0,23,0,0,369,188.94444444444446,24,125.15204678362574,342,3.29,"{""adaptive_replications"": false, ""auto_repair_fail_prob"": 0.6, ""auto_repair_time"": 120.0, ""bad_server_regen_interval"": 43200, ""bad_server_regeneration"": false, ""confidence_level"": 0.95, ""diagnosis_probability"": 1.0, ""diagnosis_uncertainty"": 0.0, ""enable_topology"": false, ""failure_distribution"": ""exponential"", ""host_selection_time"": 3.0, ""job_length"": 20160, ""job_size"": 4096, ""lognormal_sigma"": 1.0, ""manual_repair_fail_prob"": 0.75, ""manual_repair_time"": 2880.0, ""max_replications"": 1000, ""num_replications"": 15, ""preemption_wait_time"": 20.0, ""prob_auto_to_manual"": 0.8, ""rack_size"": 8, ""random_failure_rate"": 1.388888888888889e-05, ""recovery_time"": 60.0, ""relative_accuracy"": 0.05, ""seed"": 42, ""spare_pool_size"": 200, ""systematic_failure_fraction"": 0.08, ""systematic_failure_rate_multiplier"": 20.0, ""warm_standbys"": 16, ""weibull_shape"": 1.0, ""working_pool_size"": 4600}"
da28d045aeb687e2f7991924bb1c67e7501cd076,scheduling_comparison.py,FewestFailures +ScoredRemoval,FewestFailuresFirst(),"ScoredRemoval(initial_score=100.0, failure_penalty=60.0, success_increment=10.0, time_period=1440, retirement_threshold=0.0)",56,14,2033.2499999999995,0.16525267428992974,1696,1115,581,1696,1365,468,1228,173,435,1088,0,323,0,25,0,0,363,186.72861356932154,27,117.04129793510324,339,3.12,"{""adaptive_replications"": false, ""auto_repair_fail_prob"": 0.6, ""auto_repair_time"": 120.0, ""bad_server_regen_interval"": 43200, ""bad_server_regeneration"": false, ""confidence_level"": 0.95, ""diagnosis_probability"": 1.0, ""diagnosis_uncertainty"": 0.0, ""enable_topology"": false, ""failure_distribution"": ""exponential"", ""host_selection_time"": 3.0, ""job_length"": 20160, ""job_size"": 4096, ""lognormal_sigma"": 1.0, ""manual_repair_fail_prob"": 0.75, ""manual_repair_time"": 2880.0, ""max_replications"": 1000, ""num_replications"": 15, ""preemption_wait_time"": 20.0, ""prob_auto_to_manual"": 0.8, ""rack_size"": 8, ""random_failure_rate"": 1.388888888888889e-05, ""recovery_time"": 60.0, ""relative_accuracy"": 0.05, ""seed"": 42, ""spare_pool_size"": 200, ""systematic_failure_fraction"": 0.08, ""systematic_failure_rate_multiplier"": 20.0, ""warm_standbys"": 16, ""weibull_shape"": 1.0, ""working_pool_size"": 4600}"
da28d045aeb687e2f7991924bb1c67e7501cd076,scheduling_comparison.py,HighestScore +NeverRemove,HighestScoreFirst(),CompositeRemovalPolicy(),42,0,2129.300000000002,0.15779833748180108,1793,1135,658,1793,1444,515,1278,206,485,1102,0,0,0,6,0,0,369,234.8338028169014,158,128.73239436619718,355,3.31,"{""adaptive_replications"": false, ""auto_repair_fail_prob"": 0.6, ""auto_repair_time"": 120.0, ""bad_server_regen_interval"": 43200, ""bad_server_regeneration"": false, ""confidence_level"": 0.95, ""diagnosis_probability"": 1.0, ""diagnosis_uncertainty"": 0.0, ""enable_topology"": false, ""failure_distribution"": ""exponential"", ""host_selection_time"": 3.0, ""job_length"": 20160, ""job_size"": 4096, ""lognormal_sigma"": 1.0, ""manual_repair_fail_prob"": 0.75, ""manual_repair_time"": 2880.0, ""max_replications"": 1000, ""num_replications"": 15, ""preemption_wait_time"": 20.0, ""prob_auto_to_manual"": 0.8, ""rack_size"": 8, ""random_failure_rate"": 1.388888888888889e-05, ""recovery_time"": 60.0, ""relative_accuracy"": 0.05, ""seed"": 42, ""spare_pool_size"": 200, ""systematic_failure_fraction"": 0.08, ""systematic_failure_rate_multiplier"": 20.0, ""warm_standbys"": 16, ""weibull_shape"": 1.0, ""working_pool_size"": 4600}"
da28d045aeb687e2f7991924bb1c67e7501cd076,scheduling_comparison.py,HighestScore +NeverRemove,HighestScoreFirst(),CompositeRemovalPolicy(),43,1,2163.3500000000004,0.15531467400097124,1827,1195,632,1827,1423,543,1284,186,475,1166,0,0,0,7,0,0,370,244.86426592797784,182,124.79224376731302,361,3.92,"{""adaptive_replications"": false, ""auto_repair_fail_prob"": 0.6, ""auto_repair_time"": 120.0, ""bad_server_regen_interval"": 43200, ""bad_server_regeneration"": false, ""confidence_level"": 0.95, ""diagnosis_probability"": 1.0, ""diagnosis_uncertainty"": 0.0, ""enable_topology"": false, ""failure_distribution"": ""exponential"", ""host_selection_time"": 3.0, ""job_length"": 20160, ""job_size"": 4096, ""lognormal_sigma"": 1.0, ""manual_repair_fail_prob"": 0.75, ""manual_repair_time"": 2880.0, ""max_replications"": 1000, ""num_replications"": 15, ""preemption_wait_time"": 20.0, ""prob_auto_to_manual"": 0.8, ""rack_size"": 8, ""random_failure_rate"": 1.388888888888889e-05, ""recovery_time"": 60.0, ""relative_accuracy"": 0.05, ""seed"": 42, ""spare_pool_size"": 200, ""systematic_failure_fraction"": 0.08, ""systematic_failure_rate_multiplier"": 20.0, ""warm_standbys"": 16, ""weibull_shape"": 1.0, ""working_pool_size"": 4600}"
da28d045aeb687e2f7991924bb1c67e7501cd076,scheduling_comparison.py,HighestScore +NeverRemove,HighestScoreFirst(),CompositeRemovalPolicy(),44,2,2095.249999999997,0.1603627252117892,1759,1132,627,1759,1388,507,1252,205,458,1096,0,0,0,5,0,0,366,230.88285714285715,151,130.12857142857143,350,3.68,"{""adaptive_replications"": false, ""auto_repair_fail_prob"": 0.6, ""auto_repair_time"": 120.0, ""bad_server_regen_interval"": 43200, ""bad_server_regeneration"": false, ""confidence_level"": 0.95, ""diagnosis_probability"": 1.0, ""diagnosis_uncertainty"": 0.0, ""enable_topology"": false, ""failure_distribution"": ""exponential"", ""host_selection_time"": 3.0, ""job_length"": 20160, ""job_size"": 4096, ""lognormal_sigma"": 1.0, ""manual_repair_fail_prob"": 0.75, ""manual_repair_time"": 2880.0, ""max_replications"": 1000, ""num_replications"": 15, ""preemption_wait_time"": 20.0, ""prob_auto_to_manual"": 0.8, ""rack_size"": 8, ""random_failure_rate"": 1.388888888888889e-05, ""recovery_time"": 60.0, ""relative_accuracy"": 0.05, ""seed"": 42, ""spare_pool_size"": 200, ""systematic_failure_fraction"": 0.08, ""systematic_failure_rate_multiplier"": 20.0, ""warm_standbys"": 16, ""weibull_shape"": 1.0, ""working_pool_size"": 4600}"
da28d045aeb687e2f7991924bb1c67e7501cd076,scheduling_comparison.py,HighestScore +NeverRemove,HighestScoreFirst(),CompositeRemovalPolicy(),45,3,2011.3000000000022,0.1670561328494005,1675,1039,636,1675,1328,473,1202,193,471,1011,0,0,0,6,0,0,365,237.3125,165,123.63988095238095,336,3.36,"{""adaptive_replications"": false, ""auto_repair_fail_prob"": 0.6, ""auto_repair_time"": 120.0, ""bad_server_regen_interval"": 43200, ""bad_server_regeneration"": false, ""confidence_level"": 0.95, ""diagnosis_probability"": 1.0, ""diagnosis_uncertainty"": 0.0, ""enable_topology"": false, ""failure_distribution"": ""exponential"", ""host_selection_time"": 3.0, ""job_length"": 20160, ""job_size"": 4096, ""lognormal_sigma"": 1.0, ""manual_repair_fail_prob"": 0.75, ""manual_repair_time"": 2880.0, ""max_replications"": 1000, ""num_replications"": 15, ""preemption_wait_time"": 20.0, ""prob_auto_to_manual"": 0.8, ""rack_size"": 8, ""random_failure_rate"": 1.388888888888889e-05, ""recovery_time"": 60.0, ""relative_accuracy"": 0.05, ""seed"": 42, ""spare_pool_size"": 200, ""systematic_failure_fraction"": 0.08, ""systematic_failure_rate_multiplier"": 20.0, ""warm_standbys"": 16, ""weibull_shape"": 1.0, ""working_pool_size"": 4600}"
da28d045aeb687e2f7991924bb1c67e7501cd076,scheduling_comparison.py,HighestScore +NeverRemove,HighestScoreFirst(),CompositeRemovalPolicy(),46,4,2175.299999999999,0.1544614535926076,1839,1142,697,1839,1502,529,1310,220,505,1114,0,0,0,6,0,0,367,222.57575757575756,146,129.34710743801654,363,3.93,"{""adaptive_replications"": false, ""auto_repair_fail_prob"": 0.6, ""auto_repair_time"": 120.0, ""bad_server_regen_interval"": 43200, ""bad_server_regeneration"": false, ""confidence_level"": 0.95, ""diagnosis_probability"": 1.0, ""diagnosis_uncertainty"": 0.0, ""enable_topology"": false, ""failure_distribution"": ""exponential"", ""host_selection_time"": 3.0, ""job_length"": 20160, ""job_size"": 4096, ""lognormal_sigma"": 1.0, ""manual_repair_fail_prob"": 0.75, ""manual_repair_time"": 2880.0, ""max_replications"": 1000, ""num_replications"": 15, ""preemption_wait_time"": 20.0, ""prob_auto_to_manual"": 0.8, ""rack_size"": 8, ""random_failure_rate"": 1.388888888888889e-05, ""recovery_time"": 60.0, ""relative_accuracy"": 0.05, ""seed"": 42, ""spare_pool_size"": 200, ""systematic_failure_fraction"": 0.08, ""systematic_failure_rate_multiplier"": 20.0, ""warm_standbys"": 16, ""weibull_shape"": 1.0, ""working_pool_size"": 4600}"
da28d045aeb687e2f7991924bb1c67e7501cd076,scheduling_comparison.py,HighestScore +NeverRemove,HighestScoreFirst(),CompositeRemovalPolicy(),47,5,2062.3499999999985,0.16292093970470636,1726,1109,617,1726,1353,481,1245,187,458,1081,0,0,0,7,0,0,364,239.63662790697674,173,122.9186046511628,344,3.47,"{""adaptive_replications"": false, ""auto_repair_fail_prob"": 0.6, ""auto_repair_time"": 120.0, ""bad_server_regen_interval"": 43200, ""bad_server_regeneration"": false, ""confidence_level"": 0.95, ""diagnosis_probability"": 1.0, ""diagnosis_uncertainty"": 0.0, ""enable_topology"": false, ""failure_distribution"": ""exponential"", ""host_selection_time"": 3.0, ""job_length"": 20160, ""job_size"": 4096, ""lognormal_sigma"": 1.0, ""manual_repair_fail_prob"": 0.75, ""manual_repair_time"": 2880.0, ""max_replications"": 1000, ""num_replications"": 15, ""preemption_wait_time"": 20.0, ""prob_auto_to_manual"": 0.8, ""rack_size"": 8, ""random_failure_rate"": 1.388888888888889e-05, ""recovery_time"": 60.0, ""relative_accuracy"": 0.05, ""seed"": 42, ""spare_pool_size"": 200, ""systematic_failure_fraction"": 0.08, ""systematic_failure_rate_multiplier"": 20.0, ""warm_standbys"": 16, ""weibull_shape"": 1.0, ""working_pool_size"": 4600}"
da28d045aeb687e2f7991924bb1c67e7501cd076,scheduling_comparison.py,HighestScore +NeverRemove,HighestScoreFirst(),CompositeRemovalPolicy(),48,6,2145.3999999999955,0.15661415120723474,1809,1160,649,1809,1439,477,1332,174,509,1126,0,0,0,8,0,0,365,251.41340782122904,183,129.10335195530726,358,3.66,"{""adaptive_replications"": false, ""auto_repair_fail_prob"": 0.6, ""auto_repair_time"": 120.0, ""bad_server_regen_interval"": 43200, ""bad_server_regeneration"": false, ""confidence_level"": 0.95, ""diagnosis_probability"": 1.0, ""diagnosis_uncertainty"": 0.0, ""enable_topology"": false, ""failure_distribution"": ""exponential"", ""host_selection_time"": 3.0, ""job_length"": 20160, ""job_size"": 4096, ""lognormal_sigma"": 1.0, ""manual_repair_fail_prob"": 0.75, ""manual_repair_time"": 2880.0, ""max_replications"": 1000, ""num_replications"": 15, ""preemption_wait_time"": 20.0, ""prob_auto_to_manual"": 0.8, ""rack_size"": 8, ""random_failure_rate"": 1.388888888888889e-05, ""recovery_time"": 60.0, ""relative_accuracy"": 0.05, ""seed"": 42, ""spare_pool_size"": 200, ""systematic_failure_fraction"": 0.08, ""systematic_failure_rate_multiplier"": 20.0, ""warm_standbys"": 16, ""weibull_shape"": 1.0, ""working_pool_size"": 4600}"
da28d045aeb687e2f7991924bb1c67e7501cd076,scheduling_comparison.py,HighestScore +NeverRemove,HighestScoreFirst(),CompositeRemovalPolicy(),49,7,2147.300000000001,0.15647557397662132,1811,1179,632,1811,1450,521,1290,193,474,1144,0,0,0,6,0,0,369,243.93016759776538,173,136.15921787709496,358,3.88,"{""adaptive_replications"": false, ""auto_repair_fail_prob"": 0.6, ""auto_repair_time"": 120.0, ""bad_server_regen_interval"": 43200, ""bad_server_regeneration"": false, ""confidence_level"": 0.95, ""diagnosis_probability"": 1.0, ""diagnosis_uncertainty"": 0.0, ""enable_topology"": false, ""failure_distribution"": ""exponential"", ""host_selection_time"": 3.0, ""job_length"": 20160, ""job_size"": 4096, ""lognormal_sigma"": 1.0, ""manual_repair_fail_prob"": 0.75, ""manual_repair_time"": 2880.0, ""max_replications"": 1000, ""num_replications"": 15, ""preemption_wait_time"": 20.0, ""prob_auto_to_manual"": 0.8, ""rack_size"": 8, ""random_failure_rate"": 1.388888888888889e-05, ""recovery_time"": 60.0, ""relative_accuracy"": 0.05, ""seed"": 42, ""spare_pool_size"": 200, ""systematic_failure_fraction"": 0.08, ""systematic_failure_rate_multiplier"": 20.0, ""warm_standbys"": 16, ""weibull_shape"": 1.0, ""working_pool_size"": 4600}"
da28d045aeb687e2f7991924bb1c67e7501cd076,scheduling_comparison.py,HighestScore +NeverRemove,HighestScoreFirst(),CompositeRemovalPolicy(),50,8,2159.4500000000003,0.15559517469726095,1823,1197,626,1823,1486,526,1297,199,466,1158,0,0,0,9,0,0,369,246.29166666666666,165,130.9777777777778,360,3.82,"{""adaptive_replications"": false, ""auto_repair_fail_prob"": 0.6, ""auto_repair_time"": 120.0, ""bad_server_regen_interval"": 43200, ""bad_server_regeneration"": false, ""confidence_level"": 0.95, ""diagnosis_probability"": 1.0, ""diagnosis_uncertainty"": 0.0, ""enable_topology"": false, ""failure_distribution"": ""exponential"", ""host_selection_time"": 3.0, ""job_length"": 20160, ""job_size"": 4096, ""lognormal_sigma"": 1.0, ""manual_repair_fail_prob"": 0.75, ""manual_repair_time"": 2880.0, ""max_replications"": 1000, ""num_replications"": 15, ""preemption_wait_time"": 20.0, ""prob_auto_to_manual"": 0.8, ""rack_size"": 8, ""random_failure_rate"": 1.388888888888889e-05, ""recovery_time"": 60.0, ""relative_accuracy"": 0.05, ""seed"": 42, ""spare_pool_size"": 200, ""systematic_failure_fraction"": 0.08, ""systematic_failure_rate_multiplier"": 20.0, ""warm_standbys"": 16, ""weibull_shape"": 1.0, ""working_pool_size"": 4600}"
da28d045aeb687e2f7991924bb1c67e7501cd076,scheduling_comparison.py,HighestScore +NeverRemove,HighestScoreFirst(),CompositeRemovalPolicy(),51,9,2141.3500000000013,0.15691036028673483,1805,1184,621,1805,1464,519,1286,175,480,1150,0,0,0,7,0,0,367,247.15126050420167,187,124.63585434173669,357,3.86,"{""adaptive_replications"": false, ""auto_repair_fail_prob"": 0.6, ""auto_repair_time"": 120.0, ""bad_server_regen_interval"": 43200, ""bad_server_regeneration"": false, ""confidence_level"": 0.95, ""diagnosis_probability"": 1.0, ""diagnosis_uncertainty"": 0.0, ""enable_topology"": false, ""failure_distribution"": ""exponential"", ""host_selection_time"": 3.0, ""job_length"": 20160, ""job_size"": 4096, ""lognormal_sigma"": 1.0, ""manual_repair_fail_prob"": 0.75, ""manual_repair_time"": 2880.0, ""max_replications"": 1000, ""num_replications"": 15, ""preemption_wait_time"": 20.0, ""prob_auto_to_manual"": 0.8, ""rack_size"": 8, ""random_failure_rate"": 1.388888888888889e-05, ""recovery_time"": 60.0, ""relative_accuracy"": 0.05, ""seed"": 42, ""spare_pool_size"": 200, ""systematic_failure_fraction"": 0.08, ""systematic_failure_rate_multiplier"": 20.0, ""warm_standbys"": 16, ""weibull_shape"": 1.0, ""working_pool_size"": 4600}"
da28d045aeb687e2f7991924bb1c67e7501cd076,scheduling_comparison.py,HighestScore +NeverRemove,HighestScoreFirst(),CompositeRemovalPolicy(),52,10,2069.3000000000047,0.1623737495771514,1733,1111,622,1733,1399,445,1288,176,483,1074,0,0,0,6,0,0,367,264.4579710144927,181,128.09855072463768,345,3.76,"{""adaptive_replications"": false, ""auto_repair_fail_prob"": 0.6, ""auto_repair_time"": 120.0, ""bad_server_regen_interval"": 43200, ""bad_server_regeneration"": false, ""confidence_level"": 0.95, ""diagnosis_probability"": 1.0, ""diagnosis_uncertainty"": 0.0, ""enable_topology"": false, ""failure_distribution"": ""exponential"", ""host_selection_time"": 3.0, ""job_length"": 20160, ""job_size"": 4096, ""lognormal_sigma"": 1.0, ""manual_repair_fail_prob"": 0.75, ""manual_repair_time"": 2880.0, ""max_replications"": 1000, ""num_replications"": 15, ""preemption_wait_time"": 20.0, ""prob_auto_to_manual"": 0.8, ""rack_size"": 8, ""random_failure_rate"": 1.388888888888889e-05, ""recovery_time"": 60.0, ""relative_accuracy"": 0.05, ""seed"": 42, ""spare_pool_size"": 200, ""systematic_failure_fraction"": 0.08, ""systematic_failure_rate_multiplier"": 20.0, ""warm_standbys"": 16, ""weibull_shape"": 1.0, ""working_pool_size"": 4600}"
da28d045aeb687e2f7991924bb1c67e7501cd076,scheduling_comparison.py,HighestScore +NeverRemove,HighestScoreFirst(),CompositeRemovalPolicy(),53,11,2147.3499999999967,0.1564719305190122,1811,1171,640,1811,1437,509,1302,192,479,1140,0,0,0,7,0,0,372,242.5949720670391,176,136.62011173184356,358,3.69,"{""adaptive_replications"": false, ""auto_repair_fail_prob"": 0.6, ""auto_repair_time"": 120.0, ""bad_server_regen_interval"": 43200, ""bad_server_regeneration"": false, ""confidence_level"": 0.95, ""diagnosis_probability"": 1.0, ""diagnosis_uncertainty"": 0.0, ""enable_topology"": false, ""failure_distribution"": ""exponential"", ""host_selection_time"": 3.0, ""job_length"": 20160, ""job_size"": 4096, ""lognormal_sigma"": 1.0, ""manual_repair_fail_prob"": 0.75, ""manual_repair_time"": 2880.0, ""max_replications"": 1000, ""num_replications"": 15, ""preemption_wait_time"": 20.0, ""prob_auto_to_manual"": 0.8, ""rack_size"": 8, ""random_failure_rate"": 1.388888888888889e-05, ""recovery_time"": 60.0, ""relative_accuracy"": 0.05, ""seed"": 42, ""spare_pool_size"": 200, ""systematic_failure_fraction"": 0.08, ""systematic_failure_rate_multiplier"": 20.0, ""warm_standbys"": 16, ""weibull_shape"": 1.0, ""working_pool_size"": 4600}"
da28d045aeb687e2f7991924bb1c67e7501cd076,scheduling_comparison.py,HighestScore +NeverRemove,HighestScoreFirst(),CompositeRemovalPolicy(),54,12,2154.3999999999974,0.15595989602673613,1818,1172,646,1818,1453,492,1326,180,495,1143,0,0,0,8,0,0,366,246.94722222222222,182,131.2111111111111,360,3.76,"{""adaptive_replications"": false, ""auto_repair_fail_prob"": 0.6, ""auto_repair_time"": 120.0, ""bad_server_regen_interval"": 43200, ""bad_server_regeneration"": false, ""confidence_level"": 0.95, ""diagnosis_probability"": 1.0, ""diagnosis_uncertainty"": 0.0, ""enable_topology"": false, ""failure_distribution"": ""exponential"", ""host_selection_time"": 3.0, ""job_length"": 20160, ""job_size"": 4096, ""lognormal_sigma"": 1.0, ""manual_repair_fail_prob"": 0.75, ""manual_repair_time"": 2880.0, ""max_replications"": 1000, ""num_replications"": 15, ""preemption_wait_time"": 20.0, ""prob_auto_to_manual"": 0.8, ""rack_size"": 8, ""random_failure_rate"": 1.388888888888889e-05, ""recovery_time"": 60.0, ""relative_accuracy"": 0.05, ""seed"": 42, ""spare_pool_size"": 200, ""systematic_failure_fraction"": 0.08, ""systematic_failure_rate_multiplier"": 20.0, ""warm_standbys"": 16, ""weibull_shape"": 1.0, ""working_pool_size"": 4600}"
da28d045aeb687e2f7991924bb1c67e7501cd076,scheduling_comparison.py,HighestScore +NeverRemove,HighestScoreFirst(),CompositeRemovalPolicy(),55,13,2118.249999999998,0.1586215035996697,1782,1145,637,1782,1395,510,1272,200,469,1113,0,0,0,5,0,0,369,236.08474576271186,166,128.4689265536723,354,3.51,"{""adaptive_replications"": false, ""auto_repair_fail_prob"": 0.6, ""auto_repair_time"": 120.0, ""bad_server_regen_interval"": 43200, ""bad_server_regeneration"": false, ""confidence_level"": 0.95, ""diagnosis_probability"": 1.0, ""diagnosis_uncertainty"": 0.0, ""enable_topology"": false, ""failure_distribution"": ""exponential"", ""host_selection_time"": 3.0, ""job_length"": 20160, ""job_size"": 4096, ""lognormal_sigma"": 1.0, ""manual_repair_fail_prob"": 0.75, ""manual_repair_time"": 2880.0, ""max_replications"": 1000, ""num_replications"": 15, ""preemption_wait_time"": 20.0, ""prob_auto_to_manual"": 0.8, ""rack_size"": 8, ""random_failure_rate"": 1.388888888888889e-05, ""recovery_time"": 60.0, ""relative_accuracy"": 0.05, ""seed"": 42, ""spare_pool_size"": 200, ""systematic_failure_fraction"": 0.08, ""systematic_failure_rate_multiplier"": 20.0, ""warm_standbys"": 16, ""weibull_shape"": 1.0, ""working_pool_size"": 4600}"
da28d045aeb687e2f7991924bb1c67e7501cd076,scheduling_comparison.py,HighestScore +NeverRemove,HighestScoreFirst(),CompositeRemovalPolicy(),56,14,2117.349999999997,0.15868892719673205,1781,1125,656,1781,1427,472,1309,181,511,1089,0,0,0,7,0,0,363,244.93201133144476,176,140.3512747875354,353,3.69,"{""adaptive_replications"": false, ""auto_repair_fail_prob"": 0.6, ""auto_repair_time"": 120.0, ""bad_server_regen_interval"": 43200, ""bad_server_regeneration"": false, ""confidence_level"": 0.95, ""diagnosis_probability"": 1.0, ""diagnosis_uncertainty"": 0.0, ""enable_topology"": false, ""failure_distribution"": ""exponential"", ""host_selection_time"": 3.0, ""job_length"": 20160, ""job_size"": 4096, ""lognormal_sigma"": 1.0, ""manual_repair_fail_prob"": 0.75, ""manual_repair_time"": 2880.0, ""max_replications"": 1000, ""num_replications"": 15, ""preemption_wait_time"": 20.0, ""prob_auto_to_manual"": 0.8, ""rack_size"": 8, ""random_failure_rate"": 1.388888888888889e-05, ""recovery_time"": 60.0, ""relative_accuracy"": 0.05, ""seed"": 42, ""spare_pool_size"": 200, ""systematic_failure_fraction"": 0.08, ""systematic_failure_rate_multiplier"": 20.0, ""warm_standbys"": 16, ""weibull_shape"": 1.0, ""working_pool_size"": 4600}"
da28d045aeb687e2f7991924bb1c67e7501cd076,scheduling_comparison.py,HighestScore +ThresholdRemoval,HighestScoreFirst(),CompositeRemovalPolicy(),42,0,2148.6,0.15638089919017023,1812,1183,629,1812,1456,490,1322,178,487,1147,0,81,0,12,0,0,369,230.3091922005571,139,126.40389972144847,359,3.45,"{""adaptive_replications"": false, ""auto_repair_fail_prob"": 0.6, ""auto_repair_time"": 120.0, ""bad_server_regen_interval"": 43200, ""bad_server_regeneration"": false, ""confidence_level"": 0.95, ""diagnosis_probability"": 1.0, ""diagnosis_uncertainty"": 0.0, ""enable_topology"": false, ""failure_distribution"": ""exponential"", ""host_selection_time"": 3.0, ""job_length"": 20160, ""job_size"": 4096, ""lognormal_sigma"": 1.0, ""manual_repair_fail_prob"": 0.75, ""manual_repair_time"": 2880.0, ""max_replications"": 1000, ""num_replications"": 15, ""preemption_wait_time"": 20.0, ""prob_auto_to_manual"": 0.8, ""rack_size"": 8, ""random_failure_rate"": 1.388888888888889e-05, ""recovery_time"": 60.0, ""relative_accuracy"": 0.05, ""seed"": 42, ""spare_pool_size"": 200, ""systematic_failure_fraction"": 0.08, ""systematic_failure_rate_multiplier"": 20.0, ""warm_standbys"": 16, ""weibull_shape"": 1.0, ""working_pool_size"": 4600}"
da28d045aeb687e2f7991924bb1c67e7501cd076,scheduling_comparison.py,HighestScore +ThresholdRemoval,HighestScoreFirst(),CompositeRemovalPolicy(),43,1,2056.5500000000006,0.16338041866232278,1720,1109,611,1720,1363,504,1216,180,454,1086,0,69,0,11,0,0,370,235.49854227405248,148,130.67055393586006,343,3.67,"{""adaptive_replications"": false, ""auto_repair_fail_prob"": 0.6, ""auto_repair_time"": 120.0, ""bad_server_regen_interval"": 43200, ""bad_server_regeneration"": false, ""confidence_level"": 0.95, ""diagnosis_probability"": 1.0, ""diagnosis_uncertainty"": 0.0, ""enable_topology"": false, ""failure_distribution"": ""exponential"", ""host_selection_time"": 3.0, ""job_length"": 20160, ""job_size"": 4096, ""lognormal_sigma"": 1.0, ""manual_repair_fail_prob"": 0.75, ""manual_repair_time"": 2880.0, ""max_replications"": 1000, ""num_replications"": 15, ""preemption_wait_time"": 20.0, ""prob_auto_to_manual"": 0.8, ""rack_size"": 8, ""random_failure_rate"": 1.388888888888889e-05, ""recovery_time"": 60.0, ""relative_accuracy"": 0.05, ""seed"": 42, ""spare_pool_size"": 200, ""systematic_failure_fraction"": 0.08, ""systematic_failure_rate_multiplier"": 20.0, ""warm_standbys"": 16, ""weibull_shape"": 1.0, ""working_pool_size"": 4600}"
da28d045aeb687e2f7991924bb1c67e7501cd076,scheduling_comparison.py,HighestScore +ThresholdRemoval,HighestScoreFirst(),CompositeRemovalPolicy(),44,2,2014.5500000000009,0.16678662728649057,1678,1097,581,1678,1344,469,1209,172,445,1061,0,78,0,11,0,0,366,230.46130952380952,146,126.20238095238095,336,5.04,"{""adaptive_replications"": false, ""auto_repair_fail_prob"": 0.6, ""auto_repair_time"": 120.0, ""bad_server_regen_interval"": 43200, ""bad_server_regeneration"": false, ""confidence_level"": 0.95, ""diagnosis_probability"": 1.0, ""diagnosis_uncertainty"": 0.0, ""enable_topology"": false, ""failure_distribution"": ""exponential"", ""host_selection_time"": 3.0, ""job_length"": 20160, ""job_size"": 4096, ""lognormal_sigma"": 1.0, ""manual_repair_fail_prob"": 0.75, ""manual_repair_time"": 2880.0, ""max_replications"": 1000, ""num_replications"": 15, ""preemption_wait_time"": 20.0, ""prob_auto_to_manual"": 0.8, ""rack_size"": 8, ""random_failure_rate"": 1.388888888888889e-05, ""recovery_time"": 60.0, ""relative_accuracy"": 0.05, ""seed"": 42, ""spare_pool_size"": 200, ""systematic_failure_fraction"": 0.08, ""systematic_failure_rate_multiplier"": 20.0, ""warm_standbys"": 16, ""weibull_shape"": 1.0, ""working_pool_size"": 4600}"
da28d045aeb687e2f7991924bb1c67e7501cd076,scheduling_comparison.py,HighestScore +ThresholdRemoval,HighestScoreFirst(),CompositeRemovalPolicy(),45,3,2084.5000000000023,0.16118973374910078,1748,1143,605,1748,1407,516,1232,189,439,1120,0,61,0,10,0,0,365,212.54310344827587,127,117.14080459770115,348,3.8,"{""adaptive_replications"": false, ""auto_repair_fail_prob"": 0.6, ""auto_repair_time"": 120.0, ""bad_server_regen_interval"": 43200, ""bad_server_regeneration"": false, ""confidence_level"": 0.95, ""diagnosis_probability"": 1.0, ""diagnosis_uncertainty"": 0.0, ""enable_topology"": false, ""failure_distribution"": ""exponential"", ""host_selection_time"": 3.0, ""job_length"": 20160, ""job_size"": 4096, ""lognormal_sigma"": 1.0, ""manual_repair_fail_prob"": 0.75, ""manual_repair_time"": 2880.0, ""max_replications"": 1000, ""num_replications"": 15, ""preemption_wait_time"": 20.0, ""prob_auto_to_manual"": 0.8, ""rack_size"": 8, ""random_failure_rate"": 1.388888888888889e-05, ""recovery_time"": 60.0, ""relative_accuracy"": 0.05, ""seed"": 42, ""spare_pool_size"": 200, ""systematic_failure_fraction"": 0.08, ""systematic_failure_rate_multiplier"": 20.0, ""warm_standbys"": 16, ""weibull_shape"": 1.0, ""working_pool_size"": 4600}"
da28d045aeb687e2f7991924bb1c67e7501cd076,scheduling_comparison.py,HighestScore +ThresholdRemoval,HighestScoreFirst(),CompositeRemovalPolicy(),46,4,2138.5499999999993,0.15711580276355552,1802,1185,617,1802,1420,506,1296,170,478,1154,0,62,0,11,0,0,367,231.624649859944,153,119.79551820728291,357,3.63,"{""adaptive_replications"": false, ""auto_repair_fail_prob"": 0.6, ""auto_repair_time"": 120.0, ""bad_server_regen_interval"": 43200, ""bad_server_regeneration"": false, ""confidence_level"": 0.95, ""diagnosis_probability"": 1.0, ""diagnosis_uncertainty"": 0.0, ""enable_topology"": false, ""failure_distribution"": ""exponential"", ""host_selection_time"": 3.0, ""job_length"": 20160, ""job_size"": 4096, ""lognormal_sigma"": 1.0, ""manual_repair_fail_prob"": 0.75, ""manual_repair_time"": 2880.0, ""max_replications"": 1000, ""num_replications"": 15, ""preemption_wait_time"": 20.0, ""prob_auto_to_manual"": 0.8, ""rack_size"": 8, ""random_failure_rate"": 1.388888888888889e-05, ""recovery_time"": 60.0, ""relative_accuracy"": 0.05, ""seed"": 42, ""spare_pool_size"": 200, ""systematic_failure_fraction"": 0.08, ""systematic_failure_rate_multiplier"": 20.0, ""warm_standbys"": 16, ""weibull_shape"": 1.0, ""working_pool_size"": 4600}"
da28d045aeb687e2f7991924bb1c67e7501cd076,scheduling_comparison.py,HighestScore +ThresholdRemoval,HighestScoreFirst(),CompositeRemovalPolicy(),47,5,2152.600000000002,0.15609030939329188,1816,1184,632,1816,1432,489,1327,176,484,1156,0,74,0,12,0,0,364,229.35376044568244,141,118.43454038997214,359,3.93,"{""adaptive_replications"": false, ""auto_repair_fail_prob"": 0.6, ""auto_repair_time"": 120.0, ""bad_server_regen_interval"": 43200, ""bad_server_regeneration"": false, ""confidence_level"": 0.95, ""diagnosis_probability"": 1.0, ""diagnosis_uncertainty"": 0.0, ""enable_topology"": false, ""failure_distribution"": ""exponential"", ""host_selection_time"": 3.0, ""job_length"": 20160, ""job_size"": 4096, ""lognormal_sigma"": 1.0, ""manual_repair_fail_prob"": 0.75, ""manual_repair_time"": 2880.0, ""max_replications"": 1000, ""num_replications"": 15, ""preemption_wait_time"": 20.0, ""prob_auto_to_manual"": 0.8, ""rack_size"": 8, ""random_failure_rate"": 1.388888888888889e-05, ""recovery_time"": 60.0, ""relative_accuracy"": 0.05, ""seed"": 42, ""spare_pool_size"": 200, ""systematic_failure_fraction"": 0.08, ""systematic_failure_rate_multiplier"": 20.0, ""warm_standbys"": 16, ""weibull_shape"": 1.0, ""working_pool_size"": 4600}"
da28d045aeb687e2f7991924bb1c67e7501cd076,scheduling_comparison.py,HighestScore +ThresholdRemoval,HighestScoreFirst(),CompositeRemovalPolicy(),48,6,2097.5000000000023,0.1601907032181167,1761,1144,617,1761,1421,468,1293,164,482,1115,0,71,0,10,0,0,365,234.86,152,126.36571428571429,350,3.5,"{""adaptive_replications"": false, ""auto_repair_fail_prob"": 0.6, ""auto_repair_time"": 120.0, ""bad_server_regen_interval"": 43200, ""bad_server_regeneration"": false, ""confidence_level"": 0.95, ""diagnosis_probability"": 1.0, ""diagnosis_uncertainty"": 0.0, ""enable_topology"": false, ""failure_distribution"": ""exponential"", ""host_selection_time"": 3.0, ""job_length"": 20160, ""job_size"": 4096, ""lognormal_sigma"": 1.0, ""manual_repair_fail_prob"": 0.75, ""manual_repair_time"": 2880.0, ""max_replications"": 1000, ""num_replications"": 15, ""preemption_wait_time"": 20.0, ""prob_auto_to_manual"": 0.8, ""rack_size"": 8, ""random_failure_rate"": 1.388888888888889e-05, ""recovery_time"": 60.0, ""relative_accuracy"": 0.05, ""seed"": 42, ""spare_pool_size"": 200, ""systematic_failure_fraction"": 0.08, ""systematic_failure_rate_multiplier"": 20.0, ""warm_standbys"": 16, ""weibull_shape"": 1.0, ""working_pool_size"": 4600}"
da28d045aeb687e2f7991924bb1c67e7501cd076,scheduling_comparison.py,HighestScore +ThresholdRemoval,HighestScoreFirst(),CompositeRemovalPolicy(),49,7,2084.5500000000006,0.16118586745340716,1748,1145,603,1748,1413,475,1273,185,458,1105,0,57,0,11,0,0,369,232.617816091954,151,123.32471264367815,348,3.56,"{""adaptive_replications"": false, ""auto_repair_fail_prob"": 0.6, ""auto_repair_time"": 120.0, ""bad_server_regen_interval"": 43200, ""bad_server_regeneration"": false, ""confidence_level"": 0.95, ""diagnosis_probability"": 1.0, ""diagnosis_uncertainty"": 0.0, ""enable_topology"": false, ""failure_distribution"": ""exponential"", ""host_selection_time"": 3.0, ""job_length"": 20160, ""job_size"": 4096, ""lognormal_sigma"": 1.0, ""manual_repair_fail_prob"": 0.75, ""manual_repair_time"": 2880.0, ""max_replications"": 1000, ""num_replications"": 15, ""preemption_wait_time"": 20.0, ""prob_auto_to_manual"": 0.8, ""rack_size"": 8, ""random_failure_rate"": 1.388888888888889e-05, ""recovery_time"": 60.0, ""relative_accuracy"": 0.05, ""seed"": 42, ""spare_pool_size"": 200, ""systematic_failure_fraction"": 0.08, ""systematic_failure_rate_multiplier"": 20.0, ""warm_standbys"": 16, ""weibull_shape"": 1.0, ""working_pool_size"": 4600}"
da28d045aeb687e2f7991924bb1c67e7501cd076,scheduling_comparison.py,HighestScore +ThresholdRemoval,HighestScoreFirst(),CompositeRemovalPolicy(),50,8,2116.5500000000034,0.15874890742009398,1780,1159,621,1780,1435,483,1297,184,476,1120,0,71,0,11,0,0,369,229.26345609065154,143,119.57223796033995,353,3.73,"{""adaptive_replications"": false, ""auto_repair_fail_prob"": 0.6, ""auto_repair_time"": 120.0, ""bad_server_regen_interval"": 43200, ""bad_server_regeneration"": false, ""confidence_level"": 0.95, ""diagnosis_probability"": 1.0, ""diagnosis_uncertainty"": 0.0, ""enable_topology"": false, ""failure_distribution"": ""exponential"", ""host_selection_time"": 3.0, ""job_length"": 20160, ""job_size"": 4096, ""lognormal_sigma"": 1.0, ""manual_repair_fail_prob"": 0.75, ""manual_repair_time"": 2880.0, ""max_replications"": 1000, ""num_replications"": 15, ""preemption_wait_time"": 20.0, ""prob_auto_to_manual"": 0.8, ""rack_size"": 8, ""random_failure_rate"": 1.388888888888889e-05, ""recovery_time"": 60.0, ""relative_accuracy"": 0.05, ""seed"": 42, ""spare_pool_size"": 200, ""systematic_failure_fraction"": 0.08, ""systematic_failure_rate_multiplier"": 20.0, ""warm_standbys"": 16, ""weibull_shape"": 1.0, ""working_pool_size"": 4600}"
da28d045aeb687e2f7991924bb1c67e7501cd076,scheduling_comparison.py,HighestScore +ThresholdRemoval,HighestScoreFirst(),CompositeRemovalPolicy(),51,9,2031.4999999999995,0.16539502830420844,1695,1112,583,1695,1359,466,1229,184,434,1077,0,56,0,10,0,0,367,226.13274336283186,141,118.89675516224189,339,3.32,"{""adaptive_replications"": false, ""auto_repair_fail_prob"": 0.6, ""auto_repair_time"": 120.0, ""bad_server_regen_interval"": 43200, ""bad_server_regeneration"": false, ""confidence_level"": 0.95, ""diagnosis_probability"": 1.0, ""diagnosis_uncertainty"": 0.0, ""enable_topology"": false, ""failure_distribution"": ""exponential"", ""host_selection_time"": 3.0, ""job_length"": 20160, ""job_size"": 4096, ""lognormal_sigma"": 1.0, ""manual_repair_fail_prob"": 0.75, ""manual_repair_time"": 2880.0, ""max_replications"": 1000, ""num_replications"": 15, ""preemption_wait_time"": 20.0, ""prob_auto_to_manual"": 0.8, ""rack_size"": 8, ""random_failure_rate"": 1.388888888888889e-05, ""recovery_time"": 60.0, ""relative_accuracy"": 0.05, ""seed"": 42, ""spare_pool_size"": 200, ""systematic_failure_fraction"": 0.08, ""systematic_failure_rate_multiplier"": 20.0, ""warm_standbys"": 16, ""weibull_shape"": 1.0, ""working_pool_size"": 4600}"
da28d045aeb687e2f7991924bb1c67e7501cd076,scheduling_comparison.py,HighestScore +ThresholdRemoval,HighestScoreFirst(),CompositeRemovalPolicy(),52,10,2090.4999999999995,0.16072709878019636,1754,1131,623,1754,1407,495,1259,174,476,1104,0,59,0,10,0,0,367,234.25787965616047,151,128.12034383954153,349,3.57,"{""adaptive_replications"": false, ""auto_repair_fail_prob"": 0.6, ""auto_repair_time"": 120.0, ""bad_server_regen_interval"": 43200, ""bad_server_regeneration"": false, ""confidence_level"": 0.95, ""diagnosis_probability"": 1.0, ""diagnosis_uncertainty"": 0.0, ""enable_topology"": false, ""failure_distribution"": ""exponential"", ""host_selection_time"": 3.0, ""job_length"": 20160, ""job_size"": 4096, ""lognormal_sigma"": 1.0, ""manual_repair_fail_prob"": 0.75, ""manual_repair_time"": 2880.0, ""max_replications"": 1000, ""num_replications"": 15, ""preemption_wait_time"": 20.0, ""prob_auto_to_manual"": 0.8, ""rack_size"": 8, ""random_failure_rate"": 1.388888888888889e-05, ""recovery_time"": 60.0, ""relative_accuracy"": 0.05, ""seed"": 42, ""spare_pool_size"": 200, ""systematic_failure_fraction"": 0.08, ""systematic_failure_rate_multiplier"": 20.0, ""warm_standbys"": 16, ""weibull_shape"": 1.0, ""working_pool_size"": 4600}"
da28d045aeb687e2f7991924bb1c67e7501cd076,scheduling_comparison.py,HighestScore +ThresholdRemoval,HighestScoreFirst(),CompositeRemovalPolicy(),53,11,2093.6,0.1604891096675587,1757,1144,613,1757,1392,520,1237,172,469,1116,0,86,0,12,0,0,372,226.40401146131805,146,122.2378223495702,349,3.56,"{""adaptive_replications"": false, ""auto_repair_fail_prob"": 0.6, ""auto_repair_time"": 120.0, ""bad_server_regen_interval"": 43200, ""bad_server_regeneration"": false, ""confidence_level"": 0.95, ""diagnosis_probability"": 1.0, ""diagnosis_uncertainty"": 0.0, ""enable_topology"": false, ""failure_distribution"": ""exponential"", ""host_selection_time"": 3.0, ""job_length"": 20160, ""job_size"": 4096, ""lognormal_sigma"": 1.0, ""manual_repair_fail_prob"": 0.75, ""manual_repair_time"": 2880.0, ""max_replications"": 1000, ""num_replications"": 15, ""preemption_wait_time"": 20.0, ""prob_auto_to_manual"": 0.8, ""rack_size"": 8, ""random_failure_rate"": 1.388888888888889e-05, ""recovery_time"": 60.0, ""relative_accuracy"": 0.05, ""seed"": 42, ""spare_pool_size"": 200, ""systematic_failure_fraction"": 0.08, ""systematic_failure_rate_multiplier"": 20.0, ""warm_standbys"": 16, ""weibull_shape"": 1.0, ""working_pool_size"": 4600}"
da28d045aeb687e2f7991924bb1c67e7501cd076,scheduling_comparison.py,HighestScore +ThresholdRemoval,HighestScoreFirst(),CompositeRemovalPolicy(),54,12,2074.6000000000004,0.16195893184228335,1738,1112,626,1738,1385,483,1255,175,477,1086,0,68,0,12,0,0,366,230.47109826589596,139,121.20520231213872,346,3.59,"{""adaptive_replications"": false, ""auto_repair_fail_prob"": 0.6, ""auto_repair_time"": 120.0, ""bad_server_regen_interval"": 43200, ""bad_server_regeneration"": false, ""confidence_level"": 0.95, ""diagnosis_probability"": 1.0, ""diagnosis_uncertainty"": 0.0, ""enable_topology"": false, ""failure_distribution"": ""exponential"", ""host_selection_time"": 3.0, ""job_length"": 20160, ""job_size"": 4096, ""lognormal_sigma"": 1.0, ""manual_repair_fail_prob"": 0.75, ""manual_repair_time"": 2880.0, ""max_replications"": 1000, ""num_replications"": 15, ""preemption_wait_time"": 20.0, ""prob_auto_to_manual"": 0.8, ""rack_size"": 8, ""random_failure_rate"": 1.388888888888889e-05, ""recovery_time"": 60.0, ""relative_accuracy"": 0.05, ""seed"": 42, ""spare_pool_size"": 200, ""systematic_failure_fraction"": 0.08, ""systematic_failure_rate_multiplier"": 20.0, ""warm_standbys"": 16, ""weibull_shape"": 1.0, ""working_pool_size"": 4600}"
da28d045aeb687e2f7991924bb1c67e7501cd076,scheduling_comparison.py,HighestScore +ThresholdRemoval,HighestScoreFirst(),CompositeRemovalPolicy(),55,13,2055.5499999999975,0.1634599012429766,1719,1093,626,1719,1395,449,1270,184,465,1070,0,65,0,11,0,0,369,232.03790087463557,137,127.95918367346938,343,3.5,"{""adaptive_replications"": false, ""auto_repair_fail_prob"": 0.6, ""auto_repair_time"": 120.0, ""bad_server_regen_interval"": 43200, ""bad_server_regeneration"": false, ""confidence_level"": 0.95, ""diagnosis_probability"": 1.0, ""diagnosis_uncertainty"": 0.0, ""enable_topology"": false, ""failure_distribution"": ""exponential"", ""host_selection_time"": 3.0, ""job_length"": 20160, ""job_size"": 4096, ""lognormal_sigma"": 1.0, ""manual_repair_fail_prob"": 0.75, ""manual_repair_time"": 2880.0, ""max_replications"": 1000, ""num_replications"": 15, ""preemption_wait_time"": 20.0, ""prob_auto_to_manual"": 0.8, ""rack_size"": 8, ""random_failure_rate"": 1.388888888888889e-05, ""recovery_time"": 60.0, ""relative_accuracy"": 0.05, ""seed"": 42, ""spare_pool_size"": 200, ""systematic_failure_fraction"": 0.08, ""systematic_failure_rate_multiplier"": 20.0, ""warm_standbys"": 16, ""weibull_shape"": 1.0, ""working_pool_size"": 4600}"
da28d045aeb687e2f7991924bb1c67e7501cd076,scheduling_comparison.py,HighestScore +ThresholdRemoval,HighestScoreFirst(),CompositeRemovalPolicy(),56,14,2115.649999999999,0.1588164393921487,1779,1181,598,1779,1454,476,1303,174,458,1147,0,56,0,13,0,0,363,233.1388101983003,153,120.74220963172804,353,3.78,"{""adaptive_replications"": false, ""auto_repair_fail_prob"": 0.6, ""auto_repair_time"": 120.0, ""bad_server_regen_interval"": 43200, ""bad_server_regeneration"": false, ""confidence_level"": 0.95, ""diagnosis_probability"": 1.0, ""diagnosis_uncertainty"": 0.0, ""enable_topology"": false, ""failure_distribution"": ""exponential"", ""host_selection_time"": 3.0, ""job_length"": 20160, ""job_size"": 4096, ""lognormal_sigma"": 1.0, ""manual_repair_fail_prob"": 0.75, ""manual_repair_time"": 2880.0, ""max_replications"": 1000, ""num_replications"": 15, ""preemption_wait_time"": 20.0, ""prob_auto_to_manual"": 0.8, ""rack_size"": 8, ""random_failure_rate"": 1.388888888888889e-05, ""recovery_time"": 60.0, ""relative_accuracy"": 0.05, ""seed"": 42, ""spare_pool_size"": 200, ""systematic_failure_fraction"": 0.08, ""systematic_failure_rate_multiplier"": 20.0, ""warm_standbys"": 16, ""weibull_shape"": 1.0, ""working_pool_size"": 4600}"
da28d045aeb687e2f7991924bb1c67e7501cd076,scheduling_comparison.py,HighestScore +ScoredRemoval,HighestScoreFirst(),"ScoredRemoval(initial_score=100.0, failure_penalty=60.0, success_increment=10.0, time_period=1440, retirement_threshold=0.0)",42,0,2097.2999999999984,0.16020597911600612,1760,1168,592,1760,1422,455,1305,154,471,1135,0,364,0,26,0,0,369,188.68571428571428,25,119.63428571428571,350,2.87,"{""adaptive_replications"": false, ""auto_repair_fail_prob"": 0.6, ""auto_repair_time"": 120.0, ""bad_server_regen_interval"": 43200, ""bad_server_regeneration"": false, ""confidence_level"": 0.95, ""diagnosis_probability"": 1.0, ""diagnosis_uncertainty"": 0.0, ""enable_topology"": false, ""failure_distribution"": ""exponential"", ""host_selection_time"": 3.0, ""job_length"": 20160, ""job_size"": 4096, ""lognormal_sigma"": 1.0, ""manual_repair_fail_prob"": 0.75, ""manual_repair_time"": 2880.0, ""max_replications"": 1000, ""num_replications"": 15, ""preemption_wait_time"": 20.0, ""prob_auto_to_manual"": 0.8, ""rack_size"": 8, ""random_failure_rate"": 1.388888888888889e-05, ""recovery_time"": 60.0, ""relative_accuracy"": 0.05, ""seed"": 42, ""spare_pool_size"": 200, ""systematic_failure_fraction"": 0.08, ""systematic_failure_rate_multiplier"": 20.0, ""warm_standbys"": 16, ""weibull_shape"": 1.0, ""working_pool_size"": 4600}"
da28d045aeb687e2f7991924bb1c67e7501cd076,scheduling_comparison.py,HighestScore +ScoredRemoval,HighestScoreFirst(),"ScoredRemoval(initial_score=100.0, failure_penalty=60.0, success_increment=10.0, time_period=1440, retirement_threshold=0.0)",43,1,2130.3000000000015,0.15772426418814256,1793,1210,583,1793,1411,526,1267,165,447,1181,0,354,0,26,0,0,370,197.6629213483146,30,124.09269662921348,356,3.38,"{""adaptive_replications"": false, ""auto_repair_fail_prob"": 0.6, ""auto_repair_time"": 120.0, ""bad_server_regen_interval"": 43200, ""bad_server_regeneration"": false, ""confidence_level"": 0.95, ""diagnosis_probability"": 1.0, ""diagnosis_uncertainty"": 0.0, ""enable_topology"": false, ""failure_distribution"": ""exponential"", ""host_selection_time"": 3.0, ""job_length"": 20160, ""job_size"": 4096, ""lognormal_sigma"": 1.0, ""manual_repair_fail_prob"": 0.75, ""manual_repair_time"": 2880.0, ""max_replications"": 1000, ""num_replications"": 15, ""preemption_wait_time"": 20.0, ""prob_auto_to_manual"": 0.8, ""rack_size"": 8, ""random_failure_rate"": 1.388888888888889e-05, ""recovery_time"": 60.0, ""relative_accuracy"": 0.05, ""seed"": 42, ""spare_pool_size"": 200, ""systematic_failure_fraction"": 0.08, ""systematic_failure_rate_multiplier"": 20.0, ""warm_standbys"": 16, ""weibull_shape"": 1.0, ""working_pool_size"": 4600}"
da28d045aeb687e2f7991924bb1c67e7501cd076,scheduling_comparison.py,HighestScore +ScoredRemoval,HighestScoreFirst(),"ScoredRemoval(initial_score=100.0, failure_penalty=60.0, success_increment=10.0, time_period=1440, retirement_threshold=0.0)",44,2,2075.25,0.1619082038308637,1738,1160,578,1738,1381,480,1258,159,446,1133,0,353,0,25,0,0,366,191.1184971098266,30,124.47687861271676,346,3.39,"{""adaptive_replications"": false, ""auto_repair_fail_prob"": 0.6, ""auto_repair_time"": 120.0, ""bad_server_regen_interval"": 43200, ""bad_server_regeneration"": false, ""confidence_level"": 0.95, ""diagnosis_probability"": 1.0, ""diagnosis_uncertainty"": 0.0, ""enable_topology"": false, ""failure_distribution"": ""exponential"", ""host_selection_time"": 3.0, ""job_length"": 20160, ""job_size"": 4096, ""lognormal_sigma"": 1.0, ""manual_repair_fail_prob"": 0.75, ""manual_repair_time"": 2880.0, ""max_replications"": 1000, ""num_replications"": 15, ""preemption_wait_time"": 20.0, ""prob_auto_to_manual"": 0.8, ""rack_size"": 8, ""random_failure_rate"": 1.388888888888889e-05, ""recovery_time"": 60.0, ""relative_accuracy"": 0.05, ""seed"": 42, ""spare_pool_size"": 200, ""systematic_failure_fraction"": 0.08, ""systematic_failure_rate_multiplier"": 20.0, ""warm_standbys"": 16, ""weibull_shape"": 1.0, ""working_pool_size"": 4600}"
da28d045aeb687e2f7991924bb1c67e7501cd076,scheduling_comparison.py,HighestScore +ScoredRemoval,HighestScoreFirst(),"ScoredRemoval(initial_score=100.0, failure_penalty=60.0, success_increment=10.0, time_period=1440, retirement_threshold=0.0)",45,3,2038.1500000000015,0.16485538355861978,1701,1138,563,1701,1353,510,1191,187,401,1113,0,317,0,23,0,0,365,175.4764705882353,19,111.56764705882352,340,3.08,"{""adaptive_replications"": false, ""auto_repair_fail_prob"": 0.6, ""auto_repair_time"": 120.0, ""bad_server_regen_interval"": 43200, ""bad_server_regeneration"": false, ""confidence_level"": 0.95, ""diagnosis_probability"": 1.0, ""diagnosis_uncertainty"": 0.0, ""enable_topology"": false, ""failure_distribution"": ""exponential"", ""host_selection_time"": 3.0, ""job_length"": 20160, ""job_size"": 4096, ""lognormal_sigma"": 1.0, ""manual_repair_fail_prob"": 0.75, ""manual_repair_time"": 2880.0, ""max_replications"": 1000, ""num_replications"": 15, ""preemption_wait_time"": 20.0, ""prob_auto_to_manual"": 0.8, ""rack_size"": 8, ""random_failure_rate"": 1.388888888888889e-05, ""recovery_time"": 60.0, ""relative_accuracy"": 0.05, ""seed"": 42, ""spare_pool_size"": 200, ""systematic_failure_fraction"": 0.08, ""systematic_failure_rate_multiplier"": 20.0, ""warm_standbys"": 16, ""weibull_shape"": 1.0, ""working_pool_size"": 4600}"
da28d045aeb687e2f7991924bb1c67e7501cd076,scheduling_comparison.py,HighestScore +ScoredRemoval,HighestScoreFirst(),"ScoredRemoval(initial_score=100.0, failure_penalty=60.0, success_increment=10.0, time_period=1440, retirement_threshold=0.0)",46,4,2063.300000000004,0.16284592642853676,1726,1137,589,1726,1356,487,1239,179,432,1115,0,348,0,26,0,0,367,185.3372093023256,22,121.18895348837209,344,3.67,"{""adaptive_replications"": false, ""auto_repair_fail_prob"": 0.6, ""auto_repair_time"": 120.0, ""bad_server_regen_interval"": 43200, ""bad_server_regeneration"": false, ""confidence_level"": 0.95, ""diagnosis_probability"": 1.0, ""diagnosis_uncertainty"": 0.0, ""enable_topology"": false, ""failure_distribution"": ""exponential"", ""host_selection_time"": 3.0, ""job_length"": 20160, ""job_size"": 4096, ""lognormal_sigma"": 1.0, ""manual_repair_fail_prob"": 0.75, ""manual_repair_time"": 2880.0, ""max_replications"": 1000, ""num_replications"": 15, ""preemption_wait_time"": 20.0, ""prob_auto_to_manual"": 0.8, ""rack_size"": 8, ""random_failure_rate"": 1.388888888888889e-05, ""recovery_time"": 60.0, ""relative_accuracy"": 0.05, ""seed"": 42, ""spare_pool_size"": 200, ""systematic_failure_fraction"": 0.08, ""systematic_failure_rate_multiplier"": 20.0, ""warm_standbys"": 16, ""weibull_shape"": 1.0, ""working_pool_size"": 4600}"
da28d045aeb687e2f7991924bb1c67e7501cd076,scheduling_comparison.py,HighestScore +ScoredRemoval,HighestScoreFirst(),"ScoredRemoval(initial_score=100.0, failure_penalty=60.0, success_increment=10.0, time_period=1440, retirement_threshold=0.0)",47,5,2031.1500000000017,0.16542352854294373,1694,1126,568,1694,1342,469,1225,172,421,1101,0,309,0,23,0,0,364,187.75221238938053,33,117.96460176991151,339,3.58,"{""adaptive_replications"": false, ""auto_repair_fail_prob"": 0.6, ""auto_repair_time"": 120.0, ""bad_server_regen_interval"": 43200, ""bad_server_regeneration"": false, ""confidence_level"": 0.95, ""diagnosis_probability"": 1.0, ""diagnosis_uncertainty"": 0.0, ""enable_topology"": false, ""failure_distribution"": ""exponential"", ""host_selection_time"": 3.0, ""job_length"": 20160, ""job_size"": 4096, ""lognormal_sigma"": 1.0, ""manual_repair_fail_prob"": 0.75, ""manual_repair_time"": 2880.0, ""max_replications"": 1000, ""num_replications"": 15, ""preemption_wait_time"": 20.0, ""prob_auto_to_manual"": 0.8, ""rack_size"": 8, ""random_failure_rate"": 1.388888888888889e-05, ""recovery_time"": 60.0, ""relative_accuracy"": 0.05, ""seed"": 42, ""spare_pool_size"": 200, ""systematic_failure_fraction"": 0.08, ""systematic_failure_rate_multiplier"": 20.0, ""warm_standbys"": 16, ""weibull_shape"": 1.0, ""working_pool_size"": 4600}"
da28d045aeb687e2f7991924bb1c67e7501cd076,scheduling_comparison.py,HighestScore +ScoredRemoval,HighestScoreFirst(),"ScoredRemoval(initial_score=100.0, failure_penalty=60.0, success_increment=10.0, time_period=1440, retirement_threshold=0.0)",48,6,2027.1999999999994,0.16574585635359154,1690,1123,567,1690,1369,481,1209,169,428,1093,0,313,0,24,0,0,365,183.98816568047337,23,120.49112426035504,338,3.39,"{""adaptive_replications"": false, ""auto_repair_fail_prob"": 0.6, ""auto_repair_time"": 120.0, ""bad_server_regen_interval"": 43200, ""bad_server_regeneration"": false, ""confidence_level"": 0.95, ""diagnosis_probability"": 1.0, ""diagnosis_uncertainty"": 0.0, ""enable_topology"": false, ""failure_distribution"": ""exponential"", ""host_selection_time"": 3.0, ""job_length"": 20160, ""job_size"": 4096, ""lognormal_sigma"": 1.0, ""manual_repair_fail_prob"": 0.75, ""manual_repair_time"": 2880.0, ""max_replications"": 1000, ""num_replications"": 15, ""preemption_wait_time"": 20.0, ""prob_auto_to_manual"": 0.8, ""rack_size"": 8, ""random_failure_rate"": 1.388888888888889e-05, ""recovery_time"": 60.0, ""relative_accuracy"": 0.05, ""seed"": 42, ""spare_pool_size"": 200, ""systematic_failure_fraction"": 0.08, ""systematic_failure_rate_multiplier"": 20.0, ""warm_standbys"": 16, ""weibull_shape"": 1.0, ""working_pool_size"": 4600}"
da28d045aeb687e2f7991924bb1c67e7501cd076,scheduling_comparison.py,HighestScore +ScoredRemoval,HighestScoreFirst(),"ScoredRemoval(initial_score=100.0, failure_penalty=60.0, success_increment=10.0, time_period=1440, retirement_threshold=0.0)",49,7,2053.299999999999,0.16363902011396322,1716,1140,576,1716,1347,510,1206,171,436,1109,0,320,0,26,0,0,369,184.92419825072886,20,116.32069970845481,343,3.64,"{""adaptive_replications"": false, ""auto_repair_fail_prob"": 0.6, ""auto_repair_time"": 120.0, ""bad_server_regen_interval"": 43200, ""bad_server_regeneration"": false, ""confidence_level"": 0.95, ""diagnosis_probability"": 1.0, ""diagnosis_uncertainty"": 0.0, ""enable_topology"": false, ""failure_distribution"": ""exponential"", ""host_selection_time"": 3.0, ""job_length"": 20160, ""job_size"": 4096, ""lognormal_sigma"": 1.0, ""manual_repair_fail_prob"": 0.75, ""manual_repair_time"": 2880.0, ""max_replications"": 1000, ""num_replications"": 15, ""preemption_wait_time"": 20.0, ""prob_auto_to_manual"": 0.8, ""rack_size"": 8, ""random_failure_rate"": 1.388888888888889e-05, ""recovery_time"": 60.0, ""relative_accuracy"": 0.05, ""seed"": 42, ""spare_pool_size"": 200, ""systematic_failure_fraction"": 0.08, ""systematic_failure_rate_multiplier"": 20.0, ""warm_standbys"": 16, ""weibull_shape"": 1.0, ""working_pool_size"": 4600}"
da28d045aeb687e2f7991924bb1c67e7501cd076,scheduling_comparison.py,HighestScore +ScoredRemoval,HighestScoreFirst(),"ScoredRemoval(initial_score=100.0, failure_penalty=60.0, success_increment=10.0, time_period=1440, retirement_threshold=0.0)",50,8,2099.349999999997,0.1600495391430678,1762,1180,582,1762,1435,484,1278,176,441,1145,0,362,0,27,0,0,369,185.9857142857143,24,118.85428571428571,350,3.53,"{""adaptive_replications"": false, ""auto_repair_fail_prob"": 0.6, ""auto_repair_time"": 120.0, ""bad_server_regen_interval"": 43200, ""bad_server_regeneration"": false, ""confidence_level"": 0.95, ""diagnosis_probability"": 1.0, ""diagnosis_uncertainty"": 0.0, ""enable_topology"": false, ""failure_distribution"": ""exponential"", ""host_selection_time"": 3.0, ""job_length"": 20160, ""job_size"": 4096, ""lognormal_sigma"": 1.0, ""manual_repair_fail_prob"": 0.75, ""manual_repair_time"": 2880.0, ""max_replications"": 1000, ""num_replications"": 15, ""preemption_wait_time"": 20.0, ""prob_auto_to_manual"": 0.8, ""rack_size"": 8, ""random_failure_rate"": 1.388888888888889e-05, ""recovery_time"": 60.0, ""relative_accuracy"": 0.05, ""seed"": 42, ""spare_pool_size"": 200, ""systematic_failure_fraction"": 0.08, ""systematic_failure_rate_multiplier"": 20.0, ""warm_standbys"": 16, ""weibull_shape"": 1.0, ""working_pool_size"": 4600}"
da28d045aeb687e2f7991924bb1c67e7501cd076,scheduling_comparison.py,HighestScore +ScoredRemoval,HighestScoreFirst(),"ScoredRemoval(initial_score=100.0, failure_penalty=60.0, success_increment=10.0, time_period=1440, retirement_threshold=0.0)",51,9,2084.250000000003,0.16120906801007537,1747,1180,567,1747,1402,470,1277,160,438,1149,0,331,0,25,0,0,367,183.367816091954,27,114.57183908045977,348,3.22,"{""adaptive_replications"": false, ""auto_repair_fail_prob"": 0.6, ""auto_repair_time"": 120.0, ""bad_server_regen_interval"": 43200, ""bad_server_regeneration"": false, ""confidence_level"": 0.95, ""diagnosis_probability"": 1.0, ""diagnosis_uncertainty"": 0.0, ""enable_topology"": false, ""failure_distribution"": ""exponential"", ""host_selection_time"": 3.0, ""job_length"": 20160, ""job_size"": 4096, ""lognormal_sigma"": 1.0, ""manual_repair_fail_prob"": 0.75, ""manual_repair_time"": 2880.0, ""max_replications"": 1000, ""num_replications"": 15, ""preemption_wait_time"": 20.0, ""prob_auto_to_manual"": 0.8, ""rack_size"": 8, ""random_failure_rate"": 1.388888888888889e-05, ""recovery_time"": 60.0, ""relative_accuracy"": 0.05, ""seed"": 42, ""spare_pool_size"": 200, ""systematic_failure_fraction"": 0.08, ""systematic_failure_rate_multiplier"": 20.0, ""warm_standbys"": 16, ""weibull_shape"": 1.0, ""working_pool_size"": 4600}"
da28d045aeb687e2f7991924bb1c67e7501cd076,scheduling_comparison.py,HighestScore +ScoredRemoval,HighestScoreFirst(),"ScoredRemoval(initial_score=100.0, failure_penalty=60.0, success_increment=10.0, time_period=1440, retirement_threshold=0.0)",52,10,2063.299999999998,0.1628459264285372,1726,1151,575,1726,1379,513,1213,175,436,1115,0,347,0,26,0,0,367,182.28197674418604,22,114.2936046511628,344,3.31,"{""adaptive_replications"": false, ""auto_repair_fail_prob"": 0.6, ""auto_repair_time"": 120.0, ""bad_server_regen_interval"": 43200, ""bad_server_regeneration"": false, ""confidence_level"": 0.95, ""diagnosis_probability"": 1.0, ""diagnosis_uncertainty"": 0.0, ""enable_topology"": false, ""failure_distribution"": ""exponential"", ""host_selection_time"": 3.0, ""job_length"": 20160, ""job_size"": 4096, ""lognormal_sigma"": 1.0, ""manual_repair_fail_prob"": 0.75, ""manual_repair_time"": 2880.0, ""max_replications"": 1000, ""num_replications"": 15, ""preemption_wait_time"": 20.0, ""prob_auto_to_manual"": 0.8, ""rack_size"": 8, ""random_failure_rate"": 1.388888888888889e-05, ""recovery_time"": 60.0, ""relative_accuracy"": 0.05, ""seed"": 42, ""spare_pool_size"": 200, ""systematic_failure_fraction"": 0.08, ""systematic_failure_rate_multiplier"": 20.0, ""warm_standbys"": 16, ""weibull_shape"": 1.0, ""working_pool_size"": 4600}"
da28d045aeb687e2f7991924bb1c67e7501cd076,scheduling_comparison.py,HighestScore +ScoredRemoval,HighestScoreFirst(),"ScoredRemoval(initial_score=100.0, failure_penalty=60.0, success_increment=10.0, time_period=1440, retirement_threshold=0.0)",53,11,2096.249999999998,0.160286225402505,1759,1179,580,1759,1371,500,1259,173,439,1147,0,342,0,25,0,0,372,184.15714285714284,21,118.6,350,3.51,"{""adaptive_replications"": false, ""auto_repair_fail_prob"": 0.6, ""auto_repair_time"": 120.0, ""bad_server_regen_interval"": 43200, ""bad_server_regeneration"": false, ""confidence_level"": 0.95, ""diagnosis_probability"": 1.0, ""diagnosis_uncertainty"": 0.0, ""enable_topology"": false, ""failure_distribution"": ""exponential"", ""host_selection_time"": 3.0, ""job_length"": 20160, ""job_size"": 4096, ""lognormal_sigma"": 1.0, ""manual_repair_fail_prob"": 0.75, ""manual_repair_time"": 2880.0, ""max_replications"": 1000, ""num_replications"": 15, ""preemption_wait_time"": 20.0, ""prob_auto_to_manual"": 0.8, ""rack_size"": 8, ""random_failure_rate"": 1.388888888888889e-05, ""recovery_time"": 60.0, ""relative_accuracy"": 0.05, ""seed"": 42, ""spare_pool_size"": 200, ""systematic_failure_fraction"": 0.08, ""systematic_failure_rate_multiplier"": 20.0, ""warm_standbys"": 16, ""weibull_shape"": 1.0, ""working_pool_size"": 4600}"
da28d045aeb687e2f7991924bb1c67e7501cd076,scheduling_comparison.py,HighestScore +ScoredRemoval,HighestScoreFirst(),"ScoredRemoval(initial_score=100.0, failure_penalty=60.0, success_increment=10.0, time_period=1440, retirement_threshold=0.0)",54,12,2046.1999999999994,0.16420682240250242,1709,1149,560,1709,1362,447,1262,149,445,1115,0,330,0,24,0,0,366,193.6169590643275,38,123.47953216374269,342,3.1,"{""adaptive_replications"": false, ""auto_repair_fail_prob"": 0.6, ""auto_repair_time"": 120.0, ""bad_server_regen_interval"": 43200, ""bad_server_regeneration"": false, ""confidence_level"": 0.95, ""diagnosis_probability"": 1.0, ""diagnosis_uncertainty"": 0.0, ""enable_topology"": false, ""failure_distribution"": ""exponential"", ""host_selection_time"": 3.0, ""job_length"": 20160, ""job_size"": 4096, ""lognormal_sigma"": 1.0, ""manual_repair_fail_prob"": 0.75, ""manual_repair_time"": 2880.0, ""max_replications"": 1000, ""num_replications"": 15, ""preemption_wait_time"": 20.0, ""prob_auto_to_manual"": 0.8, ""rack_size"": 8, ""random_failure_rate"": 1.388888888888889e-05, ""recovery_time"": 60.0, ""relative_accuracy"": 0.05, ""seed"": 42, ""spare_pool_size"": 200, ""systematic_failure_fraction"": 0.08, ""systematic_failure_rate_multiplier"": 20.0, ""warm_standbys"": 16, ""weibull_shape"": 1.0, ""working_pool_size"": 4600}"
da28d045aeb687e2f7991924bb1c67e7501cd076,scheduling_comparison.py,HighestScore +ScoredRemoval,HighestScoreFirst(),"ScoredRemoval(initial_score=100.0, failure_penalty=60.0, success_increment=10.0, time_period=1440, retirement_threshold=0.0)",55,13,2050.1499999999974,0.16389044704046069,1713,1134,579,1713,1367,465,1248,181,422,1110,0,332,0,23,0,0,369,188.94444444444446,24,125.15204678362574,342,3.76,"{""adaptive_replications"": false, ""auto_repair_fail_prob"": 0.6, ""auto_repair_time"": 120.0, ""bad_server_regen_interval"": 43200, ""bad_server_regeneration"": false, ""confidence_level"": 0.95, ""diagnosis_probability"": 1.0, ""diagnosis_uncertainty"": 0.0, ""enable_topology"": false, ""failure_distribution"": ""exponential"", ""host_selection_time"": 3.0, ""job_length"": 20160, ""job_size"": 4096, ""lognormal_sigma"": 1.0, ""manual_repair_fail_prob"": 0.75, ""manual_repair_time"": 2880.0, ""max_replications"": 1000, ""num_replications"": 15, ""preemption_wait_time"": 20.0, ""prob_auto_to_manual"": 0.8, ""rack_size"": 8, ""random_failure_rate"": 1.388888888888889e-05, ""recovery_time"": 60.0, ""relative_accuracy"": 0.05, ""seed"": 42, ""spare_pool_size"": 200, ""systematic_failure_fraction"": 0.08, ""systematic_failure_rate_multiplier"": 20.0, ""warm_standbys"": 16, ""weibull_shape"": 1.0, ""working_pool_size"": 4600}"
da28d045aeb687e2f7991924bb1c67e7501cd076,scheduling_comparison.py,HighestScore +ScoredRemoval,HighestScoreFirst(),"ScoredRemoval(initial_score=100.0, failure_penalty=60.0, success_increment=10.0, time_period=1440, retirement_threshold=0.0)",56,14,2033.2499999999995,0.16525267428992974,1696,1115,581,1696,1365,468,1228,173,435,1088,0,323,0,25,0,0,363,186.72861356932154,27,117.04129793510324,339,3.13,"{""adaptive_replications"": false, ""auto_repair_fail_prob"": 0.6, ""auto_repair_time"": 120.0, ""bad_server_regen_interval"": 43200, ""bad_server_regeneration"": false, ""confidence_level"": 0.95, ""diagnosis_probability"": 1.0, ""diagnosis_uncertainty"": 0.0, ""enable_topology"": false, ""failure_distribution"": ""exponential"", ""host_selection_time"": 3.0, ""job_length"": 20160, ""job_size"": 4096, ""lognormal_sigma"": 1.0, ""manual_repair_fail_prob"": 0.75, ""manual_repair_time"": 2880.0, ""max_replications"": 1000, ""num_replications"": 15, ""preemption_wait_time"": 20.0, ""prob_auto_to_manual"": 0.8, ""rack_size"": 8, ""random_failure_rate"": 1.388888888888889e-05, ""recovery_time"": 60.0, ""relative_accuracy"": 0.05, ""seed"": 42, ""spare_pool_size"": 200, ""systematic_failure_fraction"": 0.08, ""systematic_failure_rate_multiplier"": 20.0, ""warm_standbys"": 16, ""weibull_shape"": 1.0, ""working_pool_size"": 4600}"
