git_commit,script,label,host_policy,removal_policy,seed,rep,training_time_hrs,etr,total_failures,random_failures,systematic_failures,auto_repairs,manual_repairs,successful_repairs,failed_repairs,bad_servers_cured,bad_server_repair_failures,nonfaulty_repairs,misattributed_repairs,servers_retired,preemption_count,host_selection_count,job_stall_count,cluster_depleted,faulty_in_pool_initial,faulty_in_pool_timeavg,faulty_in_pool_final,faulty_in_active_timeavg,n_monitor_samples,wall_seconds,params_json
da28d045aeb687e2f7991924bb1c67e7501cd076,2d_heatmap_sweep.py,Random+NeverRemove,DefaultHostSelection(),NeverRemove(),42,0,1785.1999999999996,0.18821420569123942,1449,1156,293,1449,1186,1051,398,250,95,1104,0,0,0,4,0,0,369,223.94295302013424,117,193.6778523489933,298,1.34,"{""adaptive_replications"": false, ""auto_repair_fail_prob"": 0.6, ""auto_repair_time"": 120.0, ""bad_server_regen_interval"": 43200, ""bad_server_regeneration"": false, ""confidence_level"": 0.95, ""diagnosis_probability"": 1.0, ""diagnosis_uncertainty"": 0.0, ""enable_topology"": false, ""failure_distribution"": ""exponential"", ""host_selection_time"": 3.0, ""job_length"": 20160, ""job_size"": 4096, ""lognormal_sigma"": 1.0, ""manual_repair_fail_prob"": 0.2, ""manual_repair_time"": 2880.0, ""max_replications"": 1000, ""num_replications"": 30, ""preemption_wait_time"": 20.0, ""prob_auto_to_manual"": 0.8, ""rack_size"": 8, ""random_failure_rate"": 1.388888888888889e-05, ""recovery_time"": 60.0, ""relative_accuracy"": 0.05, ""seed"": 42, ""spare_pool_size"": 200, ""systematic_failure_fraction"": 0.08, ""systematic_failure_rate_multiplier"": 5.0, ""warm_standbys"": 16, ""weibull_shape"": 1.0, ""working_pool_size"": 4600}"
da28d045aeb687e2f7991924bb1c67e7501cd076,2d_heatmap_sweep.py,Random+NeverRemove,DefaultHostSelection(),NeverRemove(),43,1,1775.3000000000002,0.1892637864022985,1439,1180,259,1439,1154,1007,432,229,85,1125,0,0,0,6,0,0,370,231.5033783783784,139,205.6891891891892,296,1.41,"{""adaptive_replications"": false, ""auto_repair_fail_prob"": 0.6, ""auto_repair_time"": 120.0, ""bad_server_regen_interval"": 43200, ""bad_server_regeneration"": false, ""confidence_level"": 0.95, ""diagnosis_probability"": 1.0, ""diagnosis_uncertainty"": 0.0, ""enable_topology"": false, ""failure_distribution"": ""exponential"", ""host_selection_time"": 3.0, ""job_length"": 20160, ""job_size"": 4096, ""lognormal_sigma"": 1.0, ""manual_repair_fail_prob"": 0.2, ""manual_repair_time"": 2880.0, ""max_replications"": 1000, ""num_replications"": 30, ""preemption_wait_time"": 20.0, ""prob_auto_to_manual"": 0.8, ""rack_size"": 8, ""random_failure_rate"": 1.388888888888889e-05, ""recovery_time"": 60.0, ""relative_accuracy"": 0.05, ""seed"": 42, ""spare_pool_size"": 200, ""systematic_failure_fraction"": 0.08, ""systematic_failure_rate_multiplier"": 5.0, ""warm_standbys"": 16, ""weibull_shape"": 1.0, ""working_pool_size"": 4600}"
da28d045aeb687e2f7991924bb1c67e7501cd076,2d_heatmap_sweep.py,Random+NeverRemove,DefaultHostSelection(),NeverRemove(),44,2,1719.3499999999995,0.1954226888068161,1383,1116,267,1383,1107,1017,366,240,81,1062,0,0,0,7,0,0,366,230.09059233449477,125,202.4006968641115,287,1.44,"{""adaptive_replications"": false, ""auto_repair_fail_prob"": 0.6, ""auto_repair_time"": 120.0, ""bad_server_regen_interval"": 43200, ""bad_server_regeneration"": false, ""confidence_level"": 0.95, ""diagnosis_probability"": 1.0, ""diagnosis_uncertainty"": 0.0, ""enable_topology"": false, ""failure_distribution"": ""exponential"", ""host_selection_time"": 3.0, ""job_length"": 20160, ""job_size"": 4096, ""lognormal_sigma"": 1.0, ""manual_repair_fail_prob"": 0.2, ""manual_repair_time"": 2880.0, ""max_replications"": 1000, ""num_replications"": 30, ""preemption_wait_time"": 20.0, ""prob_auto_to_manual"": 0.8, ""rack_size"": 8, ""random_failure_rate"": 1.388888888888889e-05, ""recovery_time"": 60.0, ""relative_accuracy"": 0.05, ""seed"": 42, ""spare_pool_size"": 200, ""systematic_failure_fraction"": 0.08, ""systematic_failure_rate_multiplier"": 5.0, ""warm_standbys"": 16, ""weibull_shape"": 1.0, ""working_pool_size"": 4600}"
da28d045aeb687e2f7991924bb1c67e7501cd076,2d_heatmap_sweep.py,Random+NeverRemove,DefaultHostSelection(),NeverRemove(),45,3,1756.2999999999977,0.19131127939418133,1420,1147,273,1420,1117,1051,369,231,100,1089,0,0,0,6,0,0,365,235.92832764505118,134,206.11945392491467,293,1.5,"{""adaptive_replications"": false, ""auto_repair_fail_prob"": 0.6, ""auto_repair_time"": 120.0, ""bad_server_regen_interval"": 43200, ""bad_server_regeneration"": false, ""confidence_level"": 0.95, ""diagnosis_probability"": 1.0, ""diagnosis_uncertainty"": 0.0, ""enable_topology"": false, ""failure_distribution"": ""exponential"", ""host_selection_time"": 3.0, ""job_length"": 20160, ""job_size"": 4096, ""lognormal_sigma"": 1.0, ""manual_repair_fail_prob"": 0.2, ""manual_repair_time"": 2880.0, ""max_replications"": 1000, ""num_replications"": 30, ""preemption_wait_time"": 20.0, ""prob_auto_to_manual"": 0.8, ""rack_size"": 8, ""random_failure_rate"": 1.388888888888889e-05, ""recovery_time"": 60.0, ""relative_accuracy"": 0.05, ""seed"": 42, ""spare_pool_size"": 200, ""systematic_failure_fraction"": 0.08, ""systematic_failure_rate_multiplier"": 5.0, ""warm_standbys"": 16, ""weibull_shape"": 1.0, ""working_pool_size"": 4600}"
da28d045aeb687e2f7991924bb1c67e7501cd076,2d_heatmap_sweep.py,Random+NeverRemove,DefaultHostSelection(),NeverRemove(),46,4,1775.3000000000025,0.18926378640229818,1439,1144,295,1439,1171,1065,374,253,86,1100,0,0,0,6,0,0,367,216.33445945945945,113,194.69256756756758,296,1.52,"{""adaptive_replications"": false, ""auto_repair_fail_prob"": 0.6, ""auto_repair_time"": 120.0, ""bad_server_regen_interval"": 43200, ""bad_server_regeneration"": false, ""confidence_level"": 0.95, ""diagnosis_probability"": 1.0, ""diagnosis_uncertainty"": 0.0, ""enable_topology"": false, ""failure_distribution"": ""exponential"", ""host_selection_time"": 3.0, ""job_length"": 20160, ""job_size"": 4096, ""lognormal_sigma"": 1.0, ""manual_repair_fail_prob"": 0.2, ""manual_repair_time"": 2880.0, ""max_replications"": 1000, ""num_replications"": 30, ""preemption_wait_time"": 20.0, ""prob_auto_to_manual"": 0.8, ""rack_size"": 8, ""random_failure_rate"": 1.388888888888889e-05, ""recovery_time"": 60.0, ""relative_accuracy"": 0.05, ""seed"": 42, ""spare_pool_size"": 200, ""systematic_failure_fraction"": 0.08, ""systematic_failure_rate_multiplier"": 5.0, ""warm_standbys"": 16, ""weibull_shape"": 1.0, ""working_pool_size"": 4600}"
da28d045aeb687e2f7991924bb1c67e7501cd076,2d_heatmap_sweep.py,Random+NeverRemove,DefaultHostSelection(),NeverRemove(),47,5,1739.2000000000012,0.19319227230910707,1403,1146,257,1403,1130,1012,391,228,96,1079,0,0,0,4,0,0,364,229.51724137931035,136,200.96896551724137,290,1.41,"{""adaptive_replications"": false, ""auto_repair_fail_prob"": 0.6, ""auto_repair_time"": 120.0, ""bad_server_regen_interval"": 43200, ""bad_server_regeneration"": false, ""confidence_level"": 0.95, ""diagnosis_probability"": 1.0, ""diagnosis_uncertainty"": 0.0, ""enable_topology"": false, ""failure_distribution"": ""exponential"", ""host_selection_time"": 3.0, ""job_length"": 20160, ""job_size"": 4096, ""lognormal_sigma"": 1.0, ""manual_repair_fail_prob"": 0.2, ""manual_repair_time"": 2880.0, ""max_replications"": 1000, ""num_replications"": 30, ""preemption_wait_time"": 20.0, ""prob_auto_to_manual"": 0.8, ""rack_size"": 8, ""random_failure_rate"": 1.388888888888889e-05, ""recovery_time"": 60.0, ""relative_accuracy"": 0.05, ""seed"": 42, ""spare_pool_size"": 200, ""systematic_failure_fraction"": 0.08, ""systematic_failure_rate_multiplier"": 5.0, ""warm_standbys"": 16, ""weibull_shape"": 1.0, ""working_pool_size"": 4600}"
da28d045aeb687e2f7991924bb1c67e7501cd076,2d_heatmap_sweep.py,Random+NeverRemove,DefaultHostSelection(),NeverRemove(),48,6,1791.2999999999997,0.1875732708089099,1455,1163,292,1455,1171,1046,409,253,90,1112,0,0,0,6,0,0,365,223.46153846153845,111,195.29096989966555,299,1.7,"{""adaptive_replications"": false, ""auto_repair_fail_prob"": 0.6, ""auto_repair_time"": 120.0, ""bad_server_regen_interval"": 43200, ""bad_server_regeneration"": false, ""confidence_level"": 0.95, ""diagnosis_probability"": 1.0, ""diagnosis_uncertainty"": 0.0, ""enable_topology"": false, ""failure_distribution"": ""exponential"", ""host_selection_time"": 3.0, ""job_length"": 20160, ""job_size"": 4096, ""lognormal_sigma"": 1.0, ""manual_repair_fail_prob"": 0.2, ""manual_repair_time"": 2880.0, ""max_replications"": 1000, ""num_replications"": 30, ""preemption_wait_time"": 20.0, ""prob_auto_to_manual"": 0.8, ""rack_size"": 8, ""random_failure_rate"": 1.388888888888889e-05, ""recovery_time"": 60.0, ""relative_accuracy"": 0.05, ""seed"": 42, ""spare_pool_size"": 200, ""systematic_failure_fraction"": 0.08, ""systematic_failure_rate_multiplier"": 5.0, ""warm_standbys"": 16, ""weibull_shape"": 1.0, ""working_pool_size"": 4600}"
da28d045aeb687e2f7991924bb1c67e7501cd076,2d_heatmap_sweep.py,Random+NeverRemove,DefaultHostSelection(),NeverRemove(),49,7,1728.2999999999993,0.1944106925880922,1392,1118,274,1392,1131,1000,392,226,100,1066,0,0,0,6,0,0,369,239.98961937716263,142,212.2491349480969,289,1.85,"{""adaptive_replications"": false, ""auto_repair_fail_prob"": 0.6, ""auto_repair_time"": 120.0, ""bad_server_regen_interval"": 43200, ""bad_server_regeneration"": false, ""confidence_level"": 0.95, ""diagnosis_probability"": 1.0, ""diagnosis_uncertainty"": 0.0, ""enable_topology"": false, ""failure_distribution"": ""exponential"", ""host_selection_time"": 3.0, ""job_length"": 20160, ""job_size"": 4096, ""lognormal_sigma"": 1.0, ""manual_repair_fail_prob"": 0.2, ""manual_repair_time"": 2880.0, ""max_replications"": 1000, ""num_replications"": 30, ""preemption_wait_time"": 20.0, ""prob_auto_to_manual"": 0.8, ""rack_size"": 8, ""random_failure_rate"": 1.388888888888889e-05, ""recovery_time"": 60.0, ""relative_accuracy"": 0.05, ""seed"": 42, ""spare_pool_size"": 200, ""systematic_failure_fraction"": 0.08, ""systematic_failure_rate_multiplier"": 5.0, ""warm_standbys"": 16, ""weibull_shape"": 1.0, ""working_pool_size"": 4600}"
da28d045aeb687e2f7991924bb1c67e7501cd076,2d_heatmap_sweep.py,Random+NeverRemove,DefaultHostSelection(),NeverRemove(),50,8,1746.3000000000006,0.1924068029548183,1410,1138,272,1410,1124,1020,390,232,92,1086,0,0,0,6,0,0,369,237.1095890410959,137,209.3527397260274,292,1.75,"{""adaptive_replications"": false, ""auto_repair_fail_prob"": 0.6, ""auto_repair_time"": 120.0, ""bad_server_regen_interval"": 43200, ""bad_server_regeneration"": false, ""confidence_level"": 0.95, ""diagnosis_probability"": 1.0, ""diagnosis_uncertainty"": 0.0, ""enable_topology"": false, ""failure_distribution"": ""exponential"", ""host_selection_time"": 3.0, ""job_length"": 20160, ""job_size"": 4096, ""lognormal_sigma"": 1.0, ""manual_repair_fail_prob"": 0.2, ""manual_repair_time"": 2880.0, ""max_replications"": 1000, ""num_replications"": 30, ""preemption_wait_time"": 20.0, ""prob_auto_to_manual"": 0.8, ""rack_size"": 8, ""random_failure_rate"": 1.388888888888889e-05, ""recovery_time"": 60.0, ""relative_accuracy"": 0.05, ""seed"": 42, ""spare_pool_size"": 200, ""systematic_failure_fraction"": 0.08, ""systematic_failure_rate_multiplier"": 5.0, ""warm_standbys"": 16, ""weibull_shape"": 1.0, ""working_pool_size"": 4600}"
da28d045aeb687e2f7991924bb1c67e7501cd076,2d_heatmap_sweep.py,Random+NeverRemove,DefaultHostSelection(),NeverRemove(),51,9,1786.2500000000005,0.18810356892932129,1450,1166,284,1450,1145,1036,414,242,109,1099,0,0,0,5,0,0,367,233.63087248322148,124,202.2281879194631,298,1.65,"{""adaptive_replications"": false, ""auto_repair_fail_prob"": 0.6, ""auto_repair_time"": 120.0, ""bad_server_regen_interval"": 43200, ""bad_server_regeneration"": false, ""confidence_level"": 0.95, ""diagnosis_probability"": 1.0, ""diagnosis_uncertainty"": 0.0, ""enable_topology"": false, ""failure_distribution"": ""exponential"", ""host_selection_time"": 3.0, ""job_length"": 20160, ""job_size"": 4096, ""lognormal_sigma"": 1.0, ""manual_repair_fail_prob"": 0.2, ""manual_repair_time"": 2880.0, ""max_replications"": 1000, ""num_replications"": 30, ""preemption_wait_time"": 20.0, ""prob_auto_to_manual"": 0.8, ""rack_size"": 8, ""random_failure_rate"": 1.388888888888889e-05, ""recovery_time"": 60.0, ""relative_accuracy"": 0.05, ""seed"": 42, ""spare_pool_size"": 200, ""systematic_failure_fraction"": 0.08, ""systematic_failure_rate_multiplier"": 5.0, ""warm_standbys"": 16, ""weibull_shape"": 1.0, ""working_pool_size"": 4600}"
da28d045aeb687e2f7991924bb1c67e7501cd076,2d_heatmap_sweep.py,Random+ScoredRemoval(SC_fast),DefaultHostSelection(),"ScoredRemoval(initial_score=100.0, failure_penalty=60.0, success_increment=5.0, time_period=1440, retirement_threshold=0.0)",42,0,1701.7000000000019,0.19744960921431481,1365,1095,270,1365,1102,959,406,233,87,1045,0,178,0,14,0,0,369,229.1338028169014,121,205.96830985915494,284,2.43,"{""adaptive_replications"": false, ""auto_repair_fail_prob"": 0.6, ""auto_repair_time"": 120.0, ""bad_server_regen_interval"": 43200, ""bad_server_regeneration"": false, ""confidence_level"": 0.95, ""diagnosis_probability"": 1.0, ""diagnosis_uncertainty"": 0.0, ""enable_topology"": false, ""failure_distribution"": ""exponential"", ""host_selection_time"": 3.0, ""job_length"": 20160, ""job_size"": 4096, ""lognormal_sigma"": 1.0, ""manual_repair_fail_prob"": 0.2, ""manual_repair_time"": 2880.0, ""max_replications"": 1000, ""num_replications"": 30, ""preemption_wait_time"": 20.0, ""prob_auto_to_manual"": 0.8, ""rack_size"": 8, ""random_failure_rate"": 1.388888888888889e-05, ""recovery_time"": 60.0, ""relative_accuracy"": 0.05, ""seed"": 42, ""spare_pool_size"": 200, ""systematic_failure_fraction"": 0.08, ""systematic_failure_rate_multiplier"": 5.0, ""warm_standbys"": 16, ""weibull_shape"": 1.0, ""working_pool_size"": 4600}"
da28d045aeb687e2f7991924bb1c67e7501cd076,2d_heatmap_sweep.py,Random+ScoredRemoval(SC_fast),DefaultHostSelection(),"ScoredRemoval(initial_score=100.0, failure_penalty=60.0, success_increment=5.0, time_period=1440, retirement_threshold=0.0)",43,1,1738.8000000000036,0.19323671497584505,1402,1105,297,1402,1127,992,410,240,106,1056,0,175,0,16,0,0,370,226.94482758620688,118,204.2655172413793,290,2.98,"{""adaptive_replications"": false, ""auto_repair_fail_prob"": 0.6, ""auto_repair_time"": 120.0, ""bad_server_regen_interval"": 43200, ""bad_server_regeneration"": false, ""confidence_level"": 0.95, ""diagnosis_probability"": 1.0, ""diagnosis_uncertainty"": 0.0, ""enable_topology"": false, ""failure_distribution"": ""exponential"", ""host_selection_time"": 3.0, ""job_length"": 20160, ""job_size"": 4096, ""lognormal_sigma"": 1.0, ""manual_repair_fail_prob"": 0.2, ""manual_repair_time"": 2880.0, ""max_replications"": 1000, ""num_replications"": 30, ""preemption_wait_time"": 20.0, ""prob_auto_to_manual"": 0.8, ""rack_size"": 8, ""random_failure_rate"": 1.388888888888889e-05, ""recovery_time"": 60.0, ""relative_accuracy"": 0.05, ""seed"": 42, ""spare_pool_size"": 200, ""systematic_failure_fraction"": 0.08, ""systematic_failure_rate_multiplier"": 5.0, ""warm_standbys"": 16, ""weibull_shape"": 1.0, ""working_pool_size"": 4600}"
da28d045aeb687e2f7991924bb1c67e7501cd076,2d_heatmap_sweep.py,Random+ScoredRemoval(SC_fast),DefaultHostSelection(),"ScoredRemoval(initial_score=100.0, failure_penalty=60.0, success_increment=5.0, time_period=1440, retirement_threshold=0.0)",44,2,1790.8499999999997,0.18762040371890448,1454,1180,274,1454,1164,1065,389,265,69,1120,0,178,0,17,0,0,366,211.50167224080266,94,189.0133779264214,299,2.9,"{""adaptive_replications"": false, ""auto_repair_fail_prob"": 0.6, ""auto_repair_time"": 120.0, ""bad_server_regen_interval"": 43200, ""bad_server_regeneration"": false, ""confidence_level"": 0.95, ""diagnosis_probability"": 1.0, ""diagnosis_uncertainty"": 0.0, ""enable_topology"": false, ""failure_distribution"": ""exponential"", ""host_selection_time"": 3.0, ""job_length"": 20160, ""job_size"": 4096, ""lognormal_sigma"": 1.0, ""manual_repair_fail_prob"": 0.2, ""manual_repair_time"": 2880.0, ""max_replications"": 1000, ""num_replications"": 30, ""preemption_wait_time"": 20.0, ""prob_auto_to_manual"": 0.8, ""rack_size"": 8, ""random_failure_rate"": 1.388888888888889e-05, ""recovery_time"": 60.0, ""relative_accuracy"": 0.05, ""seed"": 42, ""spare_pool_size"": 200, ""systematic_failure_fraction"": 0.08, ""systematic_failure_rate_multiplier"": 5.0, ""warm_standbys"": 16, ""weibull_shape"": 1.0, ""working_pool_size"": 4600}"
da28d045aeb687e2f7991924bb1c67e7501cd076,2d_heatmap_sweep.py,Random+ScoredRemoval(SC_fast),DefaultHostSelection(),"ScoredRemoval(initial_score=100.0, failure_penalty=60.0, success_increment=5.0, time_period=1440, retirement_threshold=0.0)",45,3,1731.7500000000027,0.19402338674750966,1395,1107,288,1395,1114,989,406,231,106,1058,0,176,0,15,0,0,365,225.2076124567474,118,202.80622837370242,289,2.83,"{""adaptive_replications"": false, ""auto_repair_fail_prob"": 0.6, ""auto_repair_time"": 120.0, ""bad_server_regen_interval"": 43200, ""bad_server_regeneration"": false, ""confidence_level"": 0.95, ""diagnosis_probability"": 1.0, ""diagnosis_uncertainty"": 0.0, ""enable_topology"": false, ""failure_distribution"": ""exponential"", ""host_selection_time"": 3.0, ""job_length"": 20160, ""job_size"": 4096, ""lognormal_sigma"": 1.0, ""manual_repair_fail_prob"": 0.2, ""manual_repair_time"": 2880.0, ""max_replications"": 1000, ""num_replications"": 30, ""preemption_wait_time"": 20.0, ""prob_auto_to_manual"": 0.8, ""rack_size"": 8, ""random_failure_rate"": 1.388888888888889e-05, ""recovery_time"": 60.0, ""relative_accuracy"": 0.05, ""seed"": 42, ""spare_pool_size"": 200, ""systematic_failure_fraction"": 0.08, ""systematic_failure_rate_multiplier"": 5.0, ""warm_standbys"": 16, ""weibull_shape"": 1.0, ""working_pool_size"": 4600}"
da28d045aeb687e2f7991924bb1c67e7501cd076,2d_heatmap_sweep.py,Random+ScoredRemoval(SC_fast),DefaultHostSelection(),"ScoredRemoval(initial_score=100.0, failure_penalty=60.0, success_increment=5.0, time_period=1440, retirement_threshold=0.0)",46,4,1709.6999999999985,0.19652570626425722,1373,1111,262,1373,1124,973,400,235,77,1061,0,157,0,14,0,0,367,228.84912280701755,125,206.90175438596492,285,3.08,"{""adaptive_replications"": false, ""auto_repair_fail_prob"": 0.6, ""auto_repair_time"": 120.0, ""bad_server_regen_interval"": 43200, ""bad_server_regeneration"": false, ""confidence_level"": 0.95, ""diagnosis_probability"": 1.0, ""diagnosis_uncertainty"": 0.0, ""enable_topology"": false, ""failure_distribution"": ""exponential"", ""host_selection_time"": 3.0, ""job_length"": 20160, ""job_size"": 4096, ""lognormal_sigma"": 1.0, ""manual_repair_fail_prob"": 0.2, ""manual_repair_time"": 2880.0, ""max_replications"": 1000, ""num_replications"": 30, ""preemption_wait_time"": 20.0, ""prob_auto_to_manual"": 0.8, ""rack_size"": 8, ""random_failure_rate"": 1.388888888888889e-05, ""recovery_time"": 60.0, ""relative_accuracy"": 0.05, ""seed"": 42, ""spare_pool_size"": 200, ""systematic_failure_fraction"": 0.08, ""systematic_failure_rate_multiplier"": 5.0, ""warm_standbys"": 16, ""weibull_shape"": 1.0, ""working_pool_size"": 4600}"
da28d045aeb687e2f7991924bb1c67e7501cd076,2d_heatmap_sweep.py,Random+ScoredRemoval(SC_fast),DefaultHostSelection(),"ScoredRemoval(initial_score=100.0, failure_penalty=60.0, success_increment=5.0, time_period=1440, retirement_threshold=0.0)",47,5,1708.75,0.1966349670811993,1372,1102,270,1372,1117,980,392,233,89,1050,0,166,0,15,0,0,364,219.24912280701756,118,197.140350877193,285,2.52,"{""adaptive_replications"": false, ""auto_repair_fail_prob"": 0.6, ""auto_repair_time"": 120.0, ""bad_server_regen_interval"": 43200, ""bad_server_regeneration"": false, ""confidence_level"": 0.95, ""diagnosis_probability"": 1.0, ""diagnosis_uncertainty"": 0.0, ""enable_topology"": false, ""failure_distribution"": ""exponential"", ""host_selection_time"": 3.0, ""job_length"": 20160, ""job_size"": 4096, ""lognormal_sigma"": 1.0, ""manual_repair_fail_prob"": 0.2, ""manual_repair_time"": 2880.0, ""max_replications"": 1000, ""num_replications"": 30, ""preemption_wait_time"": 20.0, ""prob_auto_to_manual"": 0.8, ""rack_size"": 8, ""random_failure_rate"": 1.388888888888889e-05, ""recovery_time"": 60.0, ""relative_accuracy"": 0.05, ""seed"": 42, ""spare_pool_size"": 200, ""systematic_failure_fraction"": 0.08, ""systematic_failure_rate_multiplier"": 5.0, ""warm_standbys"": 16, ""weibull_shape"": 1.0, ""working_pool_size"": 4600}"
da28d045aeb687e2f7991924bb1c67e7501cd076,2d_heatmap_sweep.py,Random+ScoredRemoval(SC_fast),DefaultHostSelection(),"ScoredRemoval(initial_score=100.0, failure_penalty=60.0, success_increment=5.0, time_period=1440, retirement_threshold=0.0)",48,6,1781.7000000000007,0.18858393668967835,1445,1192,253,1445,1167,1031,414,232,89,1124,0,170,0,14,0,0,365,234.74074074074073,121,211.37373737373738,297,2.26,"{""adaptive_replications"": false, ""auto_repair_fail_prob"": 0.6, ""auto_repair_time"": 120.0, ""bad_server_regen_interval"": 43200, ""bad_server_regeneration"": false, ""confidence_level"": 0.95, ""diagnosis_probability"": 1.0, ""diagnosis_uncertainty"": 0.0, ""enable_topology"": false, ""failure_distribution"": ""exponential"", ""host_selection_time"": 3.0, ""job_length"": 20160, ""job_size"": 4096, ""lognormal_sigma"": 1.0, ""manual_repair_fail_prob"": 0.2, ""manual_repair_time"": 2880.0, ""max_replications"": 1000, ""num_replications"": 30, ""preemption_wait_time"": 20.0, ""prob_auto_to_manual"": 0.8, ""rack_size"": 8, ""random_failure_rate"": 1.388888888888889e-05, ""recovery_time"": 60.0, ""relative_accuracy"": 0.05, ""seed"": 42, ""spare_pool_size"": 200, ""systematic_failure_fraction"": 0.08, ""systematic_failure_rate_multiplier"": 5.0, ""warm_standbys"": 16, ""weibull_shape"": 1.0, ""working_pool_size"": 4600}"
da28d045aeb687e2f7991924bb1c67e7501cd076,2d_heatmap_sweep.py,Random+ScoredRemoval(SC_fast),DefaultHostSelection(),"ScoredRemoval(initial_score=100.0, failure_penalty=60.0, success_increment=5.0, time_period=1440, retirement_threshold=0.0)",49,7,1766.799999999999,0.19017432646592744,1430,1150,280,1430,1155,1041,389,247,85,1098,0,187,0,16,0,0,369,231.26779661016948,109,207.86101694915254,295,2.18,"{""adaptive_replications"": false, ""auto_repair_fail_prob"": 0.6, ""auto_repair_time"": 120.0, ""bad_server_regen_interval"": 43200, ""bad_server_regeneration"": false, ""confidence_level"": 0.95, ""diagnosis_probability"": 1.0, ""diagnosis_uncertainty"": 0.0, ""enable_topology"": false, ""failure_distribution"": ""exponential"", ""host_selection_time"": 3.0, ""job_length"": 20160, ""job_size"": 4096, ""lognormal_sigma"": 1.0, ""manual_repair_fail_prob"": 0.2, ""manual_repair_time"": 2880.0, ""max_replications"": 1000, ""num_replications"": 30, ""preemption_wait_time"": 20.0, ""prob_auto_to_manual"": 0.8, ""rack_size"": 8, ""random_failure_rate"": 1.388888888888889e-05, ""recovery_time"": 60.0, ""relative_accuracy"": 0.05, ""seed"": 42, ""spare_pool_size"": 200, ""systematic_failure_fraction"": 0.08, ""systematic_failure_rate_multiplier"": 5.0, ""warm_standbys"": 16, ""weibull_shape"": 1.0, ""working_pool_size"": 4600}"
da28d045aeb687e2f7991924bb1c67e7501cd076,2d_heatmap_sweep.py,Random+ScoredRemoval(SC_fast),DefaultHostSelection(),"ScoredRemoval(initial_score=100.0, failure_penalty=60.0, success_increment=5.0, time_period=1440, retirement_threshold=0.0)",50,8,1762.7999999999995,0.1906058543226683,1426,1148,278,1426,1163,1023,403,243,92,1091,0,192,0,16,0,0,369,224.91156462585033,115,202.72448979591837,294,2.27,"{""adaptive_replications"": false, ""auto_repair_fail_prob"": 0.6, ""auto_repair_time"": 120.0, ""bad_server_regen_interval"": 43200, ""bad_server_regeneration"": false, ""confidence_level"": 0.95, ""diagnosis_probability"": 1.0, ""diagnosis_uncertainty"": 0.0, ""enable_topology"": false, ""failure_distribution"": ""exponential"", ""host_selection_time"": 3.0, ""job_length"": 20160, ""job_size"": 4096, ""lognormal_sigma"": 1.0, ""manual_repair_fail_prob"": 0.2, ""manual_repair_time"": 2880.0, ""max_replications"": 1000, ""num_replications"": 30, ""preemption_wait_time"": 20.0, ""prob_auto_to_manual"": 0.8, ""rack_size"": 8, ""random_failure_rate"": 1.388888888888889e-05, ""recovery_time"": 60.0, ""relative_accuracy"": 0.05, ""seed"": 42, ""spare_pool_size"": 200, ""systematic_failure_fraction"": 0.08, ""systematic_failure_rate_multiplier"": 5.0, ""warm_standbys"": 16, ""weibull_shape"": 1.0, ""working_pool_size"": 4600}"
da28d045aeb687e2f7991924bb1c67e7501cd076,2d_heatmap_sweep.py,Random+ScoredRemoval(SC_fast),DefaultHostSelection(),"ScoredRemoval(initial_score=100.0, failure_penalty=60.0, success_increment=5.0, time_period=1440, retirement_threshold=0.0)",51,9,1766.8499999999997,0.19016894473215035,1430,1166,264,1430,1132,1026,404,231,85,1114,0,186,0,17,0,0,367,233.73898305084745,129,210.7864406779661,295,2.23,"{""adaptive_replications"": false, ""auto_repair_fail_prob"": 0.6, ""auto_repair_time"": 120.0, ""bad_server_regen_interval"": 43200, ""bad_server_regeneration"": false, ""confidence_level"": 0.95, ""diagnosis_probability"": 1.0, ""diagnosis_uncertainty"": 0.0, ""enable_topology"": false, ""failure_distribution"": ""exponential"", ""host_selection_time"": 3.0, ""job_length"": 20160, ""job_size"": 4096, ""lognormal_sigma"": 1.0, ""manual_repair_fail_prob"": 0.2, ""manual_repair_time"": 2880.0, ""max_replications"": 1000, ""num_replications"": 30, ""preemption_wait_time"": 20.0, ""prob_auto_to_manual"": 0.8, ""rack_size"": 8, ""random_failure_rate"": 1.388888888888889e-05, ""recovery_time"": 60.0, ""relative_accuracy"": 0.05, ""seed"": 42, ""spare_pool_size"": 200, ""systematic_failure_fraction"": 0.08, ""systematic_failure_rate_multiplier"": 5.0, ""warm_standbys"": 16, ""weibull_shape"": 1.0, ""working_pool_size"": 4600}"
da28d045aeb687e2f7991924bb1c67e7501cd076,2d_heatmap_sweep.py,FewestFailuresFirst+NeverRemove,FewestFailuresFirst(),NeverRemove(),42,0,1754.3000000000031,0.19152938493986196,1418,1139,279,1418,1132,1031,387,241,90,1087,0,0,0,6,0,0,369,220.77133105802048,128,184.8976109215017,293,1.32,"{""adaptive_replications"": false, ""auto_repair_fail_prob"": 0.6, ""auto_repair_time"": 120.0, ""bad_server_regen_interval"": 43200, ""bad_server_regeneration"": false, ""confidence_level"": 0.95, ""diagnosis_probability"": 1.0, ""diagnosis_uncertainty"": 0.0, ""enable_topology"": false, ""failure_distribution"": ""exponential"", ""host_selection_time"": 3.0, ""job_length"": 20160, ""job_size"": 4096, ""lognormal_sigma"": 1.0, ""manual_repair_fail_prob"": 0.2, ""manual_repair_time"": 2880.0, ""max_replications"": 1000, ""num_replications"": 30, ""preemption_wait_time"": 20.0, ""prob_auto_to_manual"": 0.8, ""rack_size"": 8, ""random_failure_rate"": 1.388888888888889e-05, ""recovery_time"": 60.0, ""relative_accuracy"": 0.05, ""seed"": 42, ""spare_pool_size"": 200, ""systematic_failure_fraction"": 0.08, ""systematic_failure_rate_multiplier"": 5.0, ""warm_standbys"": 16, ""weibull_shape"": 1.0, ""working_pool_size"": 4600}"
da28d045aeb687e2f7991924bb1c67e7501cd076,2d_heatmap_sweep.py,FewestFailuresFirst+NeverRemove,FewestFailuresFirst(),NeverRemove(),43,1,1744.3999999999971,0.19261637239165386,1408,1142,266,1408,1133,1008,400,229,87,1092,0,0,0,8,0,0,370,237.16494845360825,140,205.72852233676977,291,1.39,"{""adaptive_replications"": false, ""auto_repair_fail_prob"": 0.6, ""auto_repair_time"": 120.0, ""bad_server_regen_interval"": 43200, ""bad_server_regeneration"": false, ""confidence_level"": 0.95, ""diagnosis_probability"": 1.0, ""diagnosis_uncertainty"": 0.0, ""enable_topology"": false, ""failure_distribution"": ""exponential"", ""host_selection_time"": 3.0, ""job_length"": 20160, ""job_size"": 4096, ""lognormal_sigma"": 1.0, ""manual_repair_fail_prob"": 0.2, ""manual_repair_time"": 2880.0, ""max_replications"": 1000, ""num_replications"": 30, ""preemption_wait_time"": 20.0, ""prob_auto_to_manual"": 0.8, ""rack_size"": 8, ""random_failure_rate"": 1.388888888888889e-05, ""recovery_time"": 60.0, ""relative_accuracy"": 0.05, ""seed"": 42, ""spare_pool_size"": 200, ""systematic_failure_fraction"": 0.08, ""systematic_failure_rate_multiplier"": 5.0, ""warm_standbys"": 16, ""weibull_shape"": 1.0, ""working_pool_size"": 4600}"
da28d045aeb687e2f7991924bb1c67e7501cd076,2d_heatmap_sweep.py,FewestFailuresFirst+NeverRemove,FewestFailuresFirst(),NeverRemove(),44,2,1761.2500000000014,0.1907735982966641,1425,1147,278,1425,1131,1017,408,240,101,1084,0,0,0,5,0,0,366,229.0204081632653,123,191.16666666666666,294,1.41,"{""adaptive_replications"": false, ""auto_repair_fail_prob"": 0.6, ""auto_repair_time"": 120.0, ""bad_server_regen_interval"": 43200, ""bad_server_regeneration"": false, ""confidence_level"": 0.95, ""diagnosis_probability"": 1.0, ""diagnosis_uncertainty"": 0.0, ""enable_topology"": false, ""failure_distribution"": ""exponential"", ""host_selection_time"": 3.0, ""job_length"": 20160, ""job_size"": 4096, ""lognormal_sigma"": 1.0, ""manual_repair_fail_prob"": 0.2, ""manual_repair_time"": 2880.0, ""max_replications"": 1000, ""num_replications"": 30, ""preemption_wait_time"": 20.0, ""prob_auto_to_manual"": 0.8, ""rack_size"": 8, ""random_failure_rate"": 1.388888888888889e-05, ""recovery_time"": 60.0, ""relative_accuracy"": 0.05, ""seed"": 42, ""spare_pool_size"": 200, ""systematic_failure_fraction"": 0.08, ""systematic_failure_rate_multiplier"": 5.0, ""warm_standbys"": 16, ""weibull_shape"": 1.0, ""working_pool_size"": 4600}"
da28d045aeb687e2f7991924bb1c67e7501cd076,2d_heatmap_sweep.py,FewestFailuresFirst+NeverRemove,FewestFailuresFirst(),NeverRemove(),45,3,1707.2500000000007,0.19680773173231783,1371,1100,271,1371,1075,984,387,218,98,1055,0,0,0,5,0,0,365,238.2,146,200.99649122807017,285,1.36,"{""adaptive_replications"": false, ""auto_repair_fail_prob"": 0.6, ""auto_repair_time"": 120.0, ""bad_server_regen_interval"": 43200, ""bad_server_regeneration"": false, ""confidence_level"": 0.95, ""diagnosis_probability"": 1.0, ""diagnosis_uncertainty"": 0.0, ""enable_topology"": false, ""failure_distribution"": ""exponential"", ""host_selection_time"": 3.0, ""job_length"": 20160, ""job_size"": 4096, ""lognormal_sigma"": 1.0, ""manual_repair_fail_prob"": 0.2, ""manual_repair_time"": 2880.0, ""max_replications"": 1000, ""num_replications"": 30, ""preemption_wait_time"": 20.0, ""prob_auto_to_manual"": 0.8, ""rack_size"": 8, ""random_failure_rate"": 1.388888888888889e-05, ""recovery_time"": 60.0, ""relative_accuracy"": 0.05, ""seed"": 42, ""spare_pool_size"": 200, ""systematic_failure_fraction"": 0.08, ""systematic_failure_rate_multiplier"": 5.0, ""warm_standbys"": 16, ""weibull_shape"": 1.0, ""working_pool_size"": 4600}"
da28d045aeb687e2f7991924bb1c67e7501cd076,2d_heatmap_sweep.py,FewestFailuresFirst+NeverRemove,FewestFailuresFirst(),NeverRemove(),46,4,1765.25,0.1903413114289761,1429,1165,264,1429,1142,997,432,215,94,1120,0,0,0,5,0,0,367,245.9186440677966,149,208.5050847457627,295,1.38,"{""adaptive_replications"": false, ""auto_repair_fail_prob"": 0.6, ""auto_repair_time"": 120.0, ""bad_server_regen_interval"": 43200, ""bad_server_regeneration"": false, ""confidence_level"": 0.95, ""diagnosis_probability"": 1.0, ""diagnosis_uncertainty"": 0.0, ""enable_topology"": false, ""failure_distribution"": ""exponential"", ""host_selection_time"": 3.0, ""job_length"": 20160, ""job_size"": 4096, ""lognormal_sigma"": 1.0, ""manual_repair_fail_prob"": 0.2, ""manual_repair_time"": 2880.0, ""max_replications"": 1000, ""num_replications"": 30, ""preemption_wait_time"": 20.0, ""prob_auto_to_manual"": 0.8, ""rack_size"": 8, ""random_failure_rate"": 1.388888888888889e-05, ""recovery_time"": 60.0, ""relative_accuracy"": 0.05, ""seed"": 42, ""spare_pool_size"": 200, ""systematic_failure_fraction"": 0.08, ""systematic_failure_rate_multiplier"": 5.0, ""warm_standbys"": 16, ""weibull_shape"": 1.0, ""working_pool_size"": 4600}"
da28d045aeb687e2f7991924bb1c67e7501cd076,2d_heatmap_sweep.py,FewestFailuresFirst+NeverRemove,FewestFailuresFirst(),NeverRemove(),47,5,1728.3,0.19441069258809196,1392,1133,259,1392,1099,973,419,219,88,1085,0,0,0,6,0,0,364,231.64359861591694,144,197.72318339100346,289,1.41,"{""adaptive_replications"": false, ""auto_repair_fail_prob"": 0.6, ""auto_repair_time"": 120.0, ""bad_server_regen_interval"": 43200, ""bad_server_regeneration"": false, ""confidence_level"": 0.95, ""diagnosis_probability"": 1.0, ""diagnosis_uncertainty"": 0.0, ""enable_topology"": false, ""failure_distribution"": ""exponential"", ""host_selection_time"": 3.0, ""job_length"": 20160, ""job_size"": 4096, ""lognormal_sigma"": 1.0, ""manual_repair_fail_prob"": 0.2, ""manual_repair_time"": 2880.0, ""max_replications"": 1000, ""num_replications"": 30, ""preemption_wait_time"": 20.0, ""prob_auto_to_manual"": 0.8, ""rack_size"": 8, ""random_failure_rate"": 1.388888888888889e-05, ""recovery_time"": 60.0, ""relative_accuracy"": 0.05, ""seed"": 42, ""spare_pool_size"": 200, ""systematic_failure_fraction"": 0.08, ""systematic_failure_rate_multiplier"": 5.0, ""warm_standbys"": 16, ""weibull_shape"": 1.0, ""working_pool_size"": 4600}"
da28d045aeb687e2f7991924bb1c67e7501cd076,2d_heatmap_sweep.py,FewestFailuresFirst+NeverRemove,FewestFailuresFirst(),NeverRemove(),48,6,1731.3000000000034,0.1940738173626756,1395,1145,250,1395,1128,1006,389,235,77,1083,0,0,0,6,0,0,365,222.41868512110727,130,191.439446366782,289,1.39,"{""adaptive_replications"": false, ""auto_repair_fail_prob"": 0.6, ""auto_repair_time"": 120.0, ""bad_server_regen_interval"": 43200, ""bad_server_regeneration"": false, ""confidence_level"": 0.95, ""diagnosis_probability"": 1.0, ""diagnosis_uncertainty"": 0.0, ""enable_topology"": false, ""failure_distribution"": ""exponential"", ""host_selection_time"": 3.0, ""job_length"": 20160, ""job_size"": 4096, ""lognormal_sigma"": 1.0, ""manual_repair_fail_prob"": 0.2, ""manual_repair_time"": 2880.0, ""max_replications"": 1000, ""num_replications"": 30, ""preemption_wait_time"": 20.0, ""prob_auto_to_manual"": 0.8, ""rack_size"": 8, ""random_failure_rate"": 1.388888888888889e-05, ""recovery_time"": 60.0, ""relative_accuracy"": 0.05, ""seed"": 42, ""spare_pool_size"": 200, ""systematic_failure_fraction"": 0.08, ""systematic_failure_rate_multiplier"": 5.0, ""warm_standbys"": 16, ""weibull_shape"": 1.0, ""working_pool_size"": 4600}"
da28d045aeb687e2f7991924bb1c67e7501cd076,2d_heatmap_sweep.py,FewestFailuresFirst+NeverRemove,FewestFailuresFirst(),NeverRemove(),49,7,1748.3000000000022,0.1921866956471993,1412,1140,272,1412,1135,1016,396,240,88,1084,0,0,0,6,0,0,369,230.52739726027397,128,198.87328767123287,292,1.32,"{""adaptive_replications"": false, ""auto_repair_fail_prob"": 0.6, ""auto_repair_time"": 120.0, ""bad_server_regen_interval"": 43200, ""bad_server_regeneration"": false, ""confidence_level"": 0.95, ""diagnosis_probability"": 1.0, ""diagnosis_uncertainty"": 0.0, ""enable_topology"": false, ""failure_distribution"": ""exponential"", ""host_selection_time"": 3.0, ""job_length"": 20160, ""job_size"": 4096, ""lognormal_sigma"": 1.0, ""manual_repair_fail_prob"": 0.2, ""manual_repair_time"": 2880.0, ""max_replications"": 1000, ""num_replications"": 30, ""preemption_wait_time"": 20.0, ""prob_auto_to_manual"": 0.8, ""rack_size"": 8, ""random_failure_rate"": 1.388888888888889e-05, ""recovery_time"": 60.0, ""relative_accuracy"": 0.05, ""seed"": 42, ""spare_pool_size"": 200, ""systematic_failure_fraction"": 0.08, ""systematic_failure_rate_multiplier"": 5.0, ""warm_standbys"": 16, ""weibull_shape"": 1.0, ""working_pool_size"": 4600}"
da28d045aeb687e2f7991924bb1c67e7501cd076,2d_heatmap_sweep.py,FewestFailuresFirst+NeverRemove,FewestFailuresFirst(),NeverRemove(),50,8,1787.249999999999,0.1879983214435586,1451,1188,263,1451,1170,1054,397,229,86,1136,0,0,0,5,0,0,369,230.59731543624162,140,198.13422818791946,298,1.4,"{""adaptive_replications"": false, ""auto_repair_fail_prob"": 0.6, ""auto_repair_time"": 120.0, ""bad_server_regen_interval"": 43200, ""bad_server_regeneration"": false, ""confidence_level"": 0.95, ""diagnosis_probability"": 1.0, ""diagnosis_uncertainty"": 0.0, ""enable_topology"": false, ""failure_distribution"": ""exponential"", ""host_selection_time"": 3.0, ""job_length"": 20160, ""job_size"": 4096, ""lognormal_sigma"": 1.0, ""manual_repair_fail_prob"": 0.2, ""manual_repair_time"": 2880.0, ""max_replications"": 1000, ""num_replications"": 30, ""preemption_wait_time"": 20.0, ""prob_auto_to_manual"": 0.8, ""rack_size"": 8, ""random_failure_rate"": 1.388888888888889e-05, ""recovery_time"": 60.0, ""relative_accuracy"": 0.05, ""seed"": 42, ""spare_pool_size"": 200, ""systematic_failure_fraction"": 0.08, ""systematic_failure_rate_multiplier"": 5.0, ""warm_standbys"": 16, ""weibull_shape"": 1.0, ""working_pool_size"": 4600}"
da28d045aeb687e2f7991924bb1c67e7501cd076,2d_heatmap_sweep.py,FewestFailuresFirst+NeverRemove,FewestFailuresFirst(),NeverRemove(),51,9,1781.300000000003,0.1886262841744786,1445,1162,283,1445,1171,1073,372,251,89,1105,0,0,0,6,0,0,367,222.7070707070707,113,194.07744107744108,297,1.37,"{""adaptive_replications"": false, ""auto_repair_fail_prob"": 0.6, ""auto_repair_time"": 120.0, ""bad_server_regen_interval"": 43200, ""bad_server_regeneration"": false, ""confidence_level"": 0.95, ""diagnosis_probability"": 1.0, ""diagnosis_uncertainty"": 0.0, ""enable_topology"": false, ""failure_distribution"": ""exponential"", ""host_selection_time"": 3.0, ""job_length"": 20160, ""job_size"": 4096, ""lognormal_sigma"": 1.0, ""manual_repair_fail_prob"": 0.2, ""manual_repair_time"": 2880.0, ""max_replications"": 1000, ""num_replications"": 30, ""preemption_wait_time"": 20.0, ""prob_auto_to_manual"": 0.8, ""rack_size"": 8, ""random_failure_rate"": 1.388888888888889e-05, ""recovery_time"": 60.0, ""relative_accuracy"": 0.05, ""seed"": 42, ""spare_pool_size"": 200, ""systematic_failure_fraction"": 0.08, ""systematic_failure_rate_multiplier"": 5.0, ""warm_standbys"": 16, ""weibull_shape"": 1.0, ""working_pool_size"": 4600}"
da28d045aeb687e2f7991924bb1c67e7501cd076,2d_heatmap_sweep.py,Random+NeverRemove,DefaultHostSelection(),NeverRemove(),42,0,1831.2999999999984,0.18347621907934322,1495,1184,311,1495,1196,849,646,221,152,1122,0,0,0,6,0,0,369,245.76797385620915,148,218.2843137254902,306,1.31,"{""adaptive_replications"": false, ""auto_repair_fail_prob"": 0.6, ""auto_repair_time"": 120.0, ""bad_server_regen_interval"": 43200, ""bad_server_regeneration"": false, ""confidence_level"": 0.95, ""diagnosis_probability"": 1.0, ""diagnosis_uncertainty"": 0.0, ""enable_topology"": false, ""failure_distribution"": ""exponential"", ""host_selection_time"": 3.0, ""job_length"": 20160, ""job_size"": 4096, ""lognormal_sigma"": 1.0, ""manual_repair_fail_prob"": 0.4, ""manual_repair_time"": 2880.0, ""max_replications"": 1000, ""num_replications"": 30, ""preemption_wait_time"": 20.0, ""prob_auto_to_manual"": 0.8, ""rack_size"": 8, ""random_failure_rate"": 1.388888888888889e-05, ""recovery_time"": 60.0, ""relative_accuracy"": 0.05, ""seed"": 42, ""spare_pool_size"": 200, ""systematic_failure_fraction"": 0.08, ""systematic_failure_rate_multiplier"": 5.0, ""warm_standbys"": 16, ""weibull_shape"": 1.0, ""working_pool_size"": 4600}"
da28d045aeb687e2f7991924bb1c67e7501cd076,2d_heatmap_sweep.py,Random+NeverRemove,DefaultHostSelection(),NeverRemove(),43,1,1763.3000000000002,0.19055180627233015,1427,1127,300,1427,1109,799,628,204,159,1064,0,0,0,6,0,0,370,257.68027210884355,167,224.32993197278913,294,1.23,"{""adaptive_replications"": false, ""auto_repair_fail_prob"": 0.6, ""auto_repair_time"": 120.0, ""bad_server_regen_interval"": 43200, ""bad_server_regeneration"": false, ""confidence_level"": 0.95, ""diagnosis_probability"": 1.0, ""diagnosis_uncertainty"": 0.0, ""enable_topology"": false, ""failure_distribution"": ""exponential"", ""host_selection_time"": 3.0, ""job_length"": 20160, ""job_size"": 4096, ""lognormal_sigma"": 1.0, ""manual_repair_fail_prob"": 0.4, ""manual_repair_time"": 2880.0, ""max_replications"": 1000, ""num_replications"": 30, ""preemption_wait_time"": 20.0, ""prob_auto_to_manual"": 0.8, ""rack_size"": 8, ""random_failure_rate"": 1.388888888888889e-05, ""recovery_time"": 60.0, ""relative_accuracy"": 0.05, ""seed"": 42, ""spare_pool_size"": 200, ""systematic_failure_fraction"": 0.08, ""systematic_failure_rate_multiplier"": 5.0, ""warm_standbys"": 16, ""weibull_shape"": 1.0, ""working_pool_size"": 4600}"
da28d045aeb687e2f7991924bb1c67e7501cd076,2d_heatmap_sweep.py,Random+NeverRemove,DefaultHostSelection(),NeverRemove(),44,2,1768.2999999999984,0.19001300684273026,1432,1133,299,1432,1136,826,606,209,146,1077,0,0,0,6,0,0,366,245.88813559322034,156,214.6135593220339,295,1.23,"{""adaptive_replications"": false, ""auto_repair_fail_prob"": 0.6, ""auto_repair_time"": 120.0, ""bad_server_regen_interval"": 43200, ""bad_server_regeneration"": false, ""confidence_level"": 0.95, ""diagnosis_probability"": 1.0, ""diagnosis_uncertainty"": 0.0, ""enable_topology"": false, ""failure_distribution"": ""exponential"", ""host_selection_time"": 3.0, ""job_length"": 20160, ""job_size"": 4096, ""lognormal_sigma"": 1.0, ""manual_repair_fail_prob"": 0.4, ""manual_repair_time"": 2880.0, ""max_replications"": 1000, ""num_replications"": 30, ""preemption_wait_time"": 20.0, ""prob_auto_to_manual"": 0.8, ""rack_size"": 8, ""random_failure_rate"": 1.388888888888889e-05, ""recovery_time"": 60.0, ""relative_accuracy"": 0.05, ""seed"": 42, ""spare_pool_size"": 200, ""systematic_failure_fraction"": 0.08, ""systematic_failure_rate_multiplier"": 5.0, ""warm_standbys"": 16, ""weibull_shape"": 1.0, ""working_pool_size"": 4600}"
da28d045aeb687e2f7991924bb1c67e7501cd076,2d_heatmap_sweep.py,Random+NeverRemove,DefaultHostSelection(),NeverRemove(),45,3,1770.2499999999986,0.18980370004236688,1434,1150,284,1434,1141,781,653,186,164,1084,0,0,0,5,0,0,365,264.3277027027027,178,235.66216216216216,296,1.2,"{""adaptive_replications"": false, ""auto_repair_fail_prob"": 0.6, ""auto_repair_time"": 120.0, ""bad_server_regen_interval"": 43200, ""bad_server_regeneration"": false, ""confidence_level"": 0.95, ""diagnosis_probability"": 1.0, ""diagnosis_uncertainty"": 0.0, ""enable_topology"": false, ""failure_distribution"": ""exponential"", ""host_selection_time"": 3.0, ""job_length"": 20160, ""job_size"": 4096, ""lognormal_sigma"": 1.0, ""manual_repair_fail_prob"": 0.4, ""manual_repair_time"": 2880.0, ""max_replications"": 1000, ""num_replications"": 30, ""preemption_wait_time"": 20.0, ""prob_auto_to_manual"": 0.8, ""rack_size"": 8, ""random_failure_rate"": 1.388888888888889e-05, ""recovery_time"": 60.0, ""relative_accuracy"": 0.05, ""seed"": 42, ""spare_pool_size"": 200, ""systematic_failure_fraction"": 0.08, ""systematic_failure_rate_multiplier"": 5.0, ""warm_standbys"": 16, ""weibull_shape"": 1.0, ""working_pool_size"": 4600}"
da28d045aeb687e2f7991924bb1c67e7501cd076,2d_heatmap_sweep.py,Random+NeverRemove,DefaultHostSelection(),NeverRemove(),46,4,1751.3000000000004,0.1918574773025751,1415,1133,282,1415,1142,765,650,188,142,1085,0,0,0,6,0,0,367,259.81164383561645,178,231.91095890410958,292,1.18,"{""adaptive_replications"": false, ""auto_repair_fail_prob"": 0.6, ""auto_repair_time"": 120.0, ""bad_server_regen_interval"": 43200, ""bad_server_regeneration"": false, ""confidence_level"": 0.95, ""diagnosis_probability"": 1.0, ""diagnosis_uncertainty"": 0.0, ""enable_topology"": false, ""failure_distribution"": ""exponential"", ""host_selection_time"": 3.0, ""job_length"": 20160, ""job_size"": 4096, ""lognormal_sigma"": 1.0, ""manual_repair_fail_prob"": 0.4, ""manual_repair_time"": 2880.0, ""max_replications"": 1000, ""num_replications"": 30, ""preemption_wait_time"": 20.0, ""prob_auto_to_manual"": 0.8, ""rack_size"": 8, ""random_failure_rate"": 1.388888888888889e-05, ""recovery_time"": 60.0, ""relative_accuracy"": 0.05, ""seed"": 42, ""spare_pool_size"": 200, ""systematic_failure_fraction"": 0.08, ""systematic_failure_rate_multiplier"": 5.0, ""warm_standbys"": 16, ""weibull_shape"": 1.0, ""working_pool_size"": 4600}"
da28d045aeb687e2f7991924bb1c67e7501cd076,2d_heatmap_sweep.py,Random+NeverRemove,DefaultHostSelection(),NeverRemove(),47,5,1791.3499999999972,0.18756803528065438,1455,1160,295,1455,1157,824,631,203,149,1103,0,0,0,7,0,0,364,246.13377926421404,158,218.91304347826087,299,1.34,"{""adaptive_replications"": false, ""auto_repair_fail_prob"": 0.6, ""auto_repair_time"": 120.0, ""bad_server_regen_interval"": 43200, ""bad_server_regeneration"": false, ""confidence_level"": 0.95, ""diagnosis_probability"": 1.0, ""diagnosis_uncertainty"": 0.0, ""enable_topology"": false, ""failure_distribution"": ""exponential"", ""host_selection_time"": 3.0, ""job_length"": 20160, ""job_size"": 4096, ""lognormal_sigma"": 1.0, ""manual_repair_fail_prob"": 0.4, ""manual_repair_time"": 2880.0, ""max_replications"": 1000, ""num_replications"": 30, ""preemption_wait_time"": 20.0, ""prob_auto_to_manual"": 0.8, ""rack_size"": 8, ""random_failure_rate"": 1.388888888888889e-05, ""recovery_time"": 60.0, ""relative_accuracy"": 0.05, ""seed"": 42, ""spare_pool_size"": 200, ""systematic_failure_fraction"": 0.08, ""systematic_failure_rate_multiplier"": 5.0, ""warm_standbys"": 16, ""weibull_shape"": 1.0, ""working_pool_size"": 4600}"
da28d045aeb687e2f7991924bb1c67e7501cd076,2d_heatmap_sweep.py,Random+NeverRemove,DefaultHostSelection(),NeverRemove(),48,6,1727.2499999999993,0.19452887537993863,1391,1095,296,1391,1111,748,643,193,164,1034,0,0,0,5,0,0,365,254.77777777777777,171,219.66319444444446,288,1.25,"{""adaptive_replications"": false, ""auto_repair_fail_prob"": 0.6, ""auto_repair_time"": 120.0, ""bad_server_regen_interval"": 43200, ""bad_server_regeneration"": false, ""confidence_level"": 0.95, ""diagnosis_probability"": 1.0, ""diagnosis_uncertainty"": 0.0, ""enable_topology"": false, ""failure_distribution"": ""exponential"", ""host_selection_time"": 3.0, ""job_length"": 20160, ""job_size"": 4096, ""lognormal_sigma"": 1.0, ""manual_repair_fail_prob"": 0.4, ""manual_repair_time"": 2880.0, ""max_replications"": 1000, ""num_replications"": 30, ""preemption_wait_time"": 20.0, ""prob_auto_to_manual"": 0.8, ""rack_size"": 8, ""random_failure_rate"": 1.388888888888889e-05, ""recovery_time"": 60.0, ""relative_accuracy"": 0.05, ""seed"": 42, ""spare_pool_size"": 200, ""systematic_failure_fraction"": 0.08, ""systematic_failure_rate_multiplier"": 5.0, ""warm_standbys"": 16, ""weibull_shape"": 1.0, ""working_pool_size"": 4600}"
da28d045aeb687e2f7991924bb1c67e7501cd076,2d_heatmap_sweep.py,Random+NeverRemove,DefaultHostSelection(),NeverRemove(),49,7,1879.3000000000009,0.1787899749906882,1543,1242,301,1543,1203,863,680,204,167,1172,0,0,0,6,0,0,369,250.86942675159236,160,223.5891719745223,314,1.33,"{""adaptive_replications"": false, ""auto_repair_fail_prob"": 0.6, ""auto_repair_time"": 120.0, ""bad_server_regen_interval"": 43200, ""bad_server_regeneration"": false, ""confidence_level"": 0.95, ""diagnosis_probability"": 1.0, ""diagnosis_uncertainty"": 0.0, ""enable_topology"": false, ""failure_distribution"": ""exponential"", ""host_selection_time"": 3.0, ""job_length"": 20160, ""job_size"": 4096, ""lognormal_sigma"": 1.0, ""manual_repair_fail_prob"": 0.4, ""manual_repair_time"": 2880.0, ""max_replications"": 1000, ""num_replications"": 30, ""preemption_wait_time"": 20.0, ""prob_auto_to_manual"": 0.8, ""rack_size"": 8, ""random_failure_rate"": 1.388888888888889e-05, ""recovery_time"": 60.0, ""relative_accuracy"": 0.05, ""seed"": 42, ""spare_pool_size"": 200, ""systematic_failure_fraction"": 0.08, ""systematic_failure_rate_multiplier"": 5.0, ""warm_standbys"": 16, ""weibull_shape"": 1.0, ""working_pool_size"": 4600}"
da28d045aeb687e2f7991924bb1c67e7501cd076,2d_heatmap_sweep.py,Random+NeverRemove,DefaultHostSelection(),NeverRemove(),50,8,1780.2000000000014,0.18874283788338372,1444,1158,286,1444,1148,812,632,198,143,1103,0,0,0,4,0,0,369,252.57912457912457,169,221.3939393939394,297,1.23,"{""adaptive_replications"": false, ""auto_repair_fail_prob"": 0.6, ""auto_repair_time"": 120.0, ""bad_server_regen_interval"": 43200, ""bad_server_regeneration"": false, ""confidence_level"": 0.95, ""diagnosis_probability"": 1.0, ""diagnosis_uncertainty"": 0.0, ""enable_topology"": false, ""failure_distribution"": ""exponential"", ""host_selection_time"": 3.0, ""job_length"": 20160, ""job_size"": 4096, ""lognormal_sigma"": 1.0, ""manual_repair_fail_prob"": 0.4, ""manual_repair_time"": 2880.0, ""max_replications"": 1000, ""num_replications"": 30, ""preemption_wait_time"": 20.0, ""prob_auto_to_manual"": 0.8, ""rack_size"": 8, ""random_failure_rate"": 1.388888888888889e-05, ""recovery_time"": 60.0, ""relative_accuracy"": 0.05, ""seed"": 42, ""spare_pool_size"": 200, ""systematic_failure_fraction"": 0.08, ""systematic_failure_rate_multiplier"": 5.0, ""warm_standbys"": 16, ""weibull_shape"": 1.0, ""working_pool_size"": 4600}"
da28d045aeb687e2f7991924bb1c67e7501cd076,2d_heatmap_sweep.py,Random+NeverRemove,DefaultHostSelection(),NeverRemove(),51,9,1775.2999999999993,0.18926378640229807,1439,1135,304,1439,1148,798,641,203,170,1066,0,0,0,6,0,0,367,255.70945945945945,163,225.40540540540542,296,1.25,"{""adaptive_replications"": false, ""auto_repair_fail_prob"": 0.6, ""auto_repair_time"": 120.0, ""bad_server_regen_interval"": 43200, ""bad_server_regeneration"": false, ""confidence_level"": 0.95, ""diagnosis_probability"": 1.0, ""diagnosis_uncertainty"": 0.0, ""enable_topology"": false, ""failure_distribution"": ""exponential"", ""host_selection_time"": 3.0, ""job_length"": 20160, ""job_size"": 4096, ""lognormal_sigma"": 1.0, ""manual_repair_fail_prob"": 0.4, ""manual_repair_time"": 2880.0, ""max_replications"": 1000, ""num_replications"": 30, ""preemption_wait_time"": 20.0, ""prob_auto_to_manual"": 0.8, ""rack_size"": 8, ""random_failure_rate"": 1.388888888888889e-05, ""recovery_time"": 60.0, ""relative_accuracy"": 0.05, ""seed"": 42, ""spare_pool_size"": 200, ""systematic_failure_fraction"": 0.08, ""systematic_failure_rate_multiplier"": 5.0, ""warm_standbys"": 16, ""weibull_shape"": 1.0, ""working_pool_size"": 4600}"
da28d045aeb687e2f7991924bb1c67e7501cd076,2d_heatmap_sweep.py,Random+ScoredRemoval(SC_fast),DefaultHostSelection(),"ScoredRemoval(initial_score=100.0, failure_penalty=60.0, success_increment=5.0, time_period=1440, retirement_threshold=0.0)",42,0,1818.799999999999,0.18473718935561903,1482,1171,311,1482,1189,827,655,221,148,1113,0,203,0,16,0,0,369,231.13815789473685,122,207.30921052631578,304,1.63,"{""adaptive_replications"": false, ""auto_repair_fail_prob"": 0.6, ""auto_repair_time"": 120.0, ""bad_server_regen_interval"": 43200, ""bad_server_regeneration"": false, ""confidence_level"": 0.95, ""diagnosis_probability"": 1.0, ""diagnosis_uncertainty"": 0.0, ""enable_topology"": false, ""failure_distribution"": ""exponential"", ""host_selection_time"": 3.0, ""job_length"": 20160, ""job_size"": 4096, ""lognormal_sigma"": 1.0, ""manual_repair_fail_prob"": 0.4, ""manual_repair_time"": 2880.0, ""max_replications"": 1000, ""num_replications"": 30, ""preemption_wait_time"": 20.0, ""prob_auto_to_manual"": 0.8, ""rack_size"": 8, ""random_failure_rate"": 1.388888888888889e-05, ""recovery_time"": 60.0, ""relative_accuracy"": 0.05, ""seed"": 42, ""spare_pool_size"": 200, ""systematic_failure_fraction"": 0.08, ""systematic_failure_rate_multiplier"": 5.0, ""warm_standbys"": 16, ""weibull_shape"": 1.0, ""working_pool_size"": 4600}"
da28d045aeb687e2f7991924bb1c67e7501cd076,2d_heatmap_sweep.py,Random+ScoredRemoval(SC_fast),DefaultHostSelection(),"ScoredRemoval(initial_score=100.0, failure_penalty=60.0, success_increment=5.0, time_period=1440, retirement_threshold=0.0)",43,1,1814.849999999996,0.1851392677080754,1478,1172,306,1478,1196,852,626,210,152,1116,0,218,0,17,0,0,370,236.02640264026402,128,213.42904290429044,303,1.9,"{""adaptive_replications"": false, ""auto_repair_fail_prob"": 0.6, ""auto_repair_time"": 120.0, ""bad_server_regen_interval"": 43200, ""bad_server_regeneration"": false, ""confidence_level"": 0.95, ""diagnosis_probability"": 1.0, ""diagnosis_uncertainty"": 0.0, ""enable_topology"": false, ""failure_distribution"": ""exponential"", ""host_selection_time"": 3.0, ""job_length"": 20160, ""job_size"": 4096, ""lognormal_sigma"": 1.0, ""manual_repair_fail_prob"": 0.4, ""manual_repair_time"": 2880.0, ""max_replications"": 1000, ""num_replications"": 30, ""preemption_wait_time"": 20.0, ""prob_auto_to_manual"": 0.8, ""rack_size"": 8, ""random_failure_rate"": 1.388888888888889e-05, ""recovery_time"": 60.0, ""relative_accuracy"": 0.05, ""seed"": 42, ""spare_pool_size"": 200, ""systematic_failure_fraction"": 0.08, ""systematic_failure_rate_multiplier"": 5.0, ""warm_standbys"": 16, ""weibull_shape"": 1.0, ""working_pool_size"": 4600}"
da28d045aeb687e2f7991924bb1c67e7501cd076,2d_heatmap_sweep.py,Random+ScoredRemoval(SC_fast),DefaultHostSelection(),"ScoredRemoval(initial_score=100.0, failure_penalty=60.0, success_increment=5.0, time_period=1440, retirement_threshold=0.0)",44,2,1820.850000000001,0.18452920339401907,1484,1179,305,1484,1188,861,623,214,153,1117,0,214,0,17,0,0,366,226.13486842105263,127,203.79276315789474,304,1.93,"{""adaptive_replications"": false, ""auto_repair_fail_prob"": 0.6, ""auto_repair_time"": 120.0, ""bad_server_regen_interval"": 43200, ""bad_server_regeneration"": false, ""confidence_level"": 0.95, ""diagnosis_probability"": 1.0, ""diagnosis_uncertainty"": 0.0, ""enable_topology"": false, ""failure_distribution"": ""exponential"", ""host_selection_time"": 3.0, ""job_length"": 20160, ""job_size"": 4096, ""lognormal_sigma"": 1.0, ""manual_repair_fail_prob"": 0.4, ""manual_repair_time"": 2880.0, ""max_replications"": 1000, ""num_replications"": 30, ""preemption_wait_time"": 20.0, ""prob_auto_to_manual"": 0.8, ""rack_size"": 8, ""random_failure_rate"": 1.388888888888889e-05, ""recovery_time"": 60.0, ""relative_accuracy"": 0.05, ""seed"": 42, ""spare_pool_size"": 200, ""systematic_failure_fraction"": 0.08, ""systematic_failure_rate_multiplier"": 5.0, ""warm_standbys"": 16, ""weibull_shape"": 1.0, ""working_pool_size"": 4600}"
da28d045aeb687e2f7991924bb1c67e7501cd076,2d_heatmap_sweep.py,Random+ScoredRemoval(SC_fast),DefaultHostSelection(),"ScoredRemoval(initial_score=100.0, failure_penalty=60.0, success_increment=5.0, time_period=1440, retirement_threshold=0.0)",45,3,1752.8,0.19169329073482425,1416,1145,271,1416,1124,783,633,200,138,1078,0,190,0,16,0,0,365,238.67576791808872,139,215.42662116040955,293,1.8,"{""adaptive_replications"": false, ""auto_repair_fail_prob"": 0.6, ""auto_repair_time"": 120.0, ""bad_server_regen_interval"": 43200, ""bad_server_regeneration"": false, ""confidence_level"": 0.95, ""diagnosis_probability"": 1.0, ""diagnosis_uncertainty"": 0.0, ""enable_topology"": false, ""failure_distribution"": ""exponential"", ""host_selection_time"": 3.0, ""job_length"": 20160, ""job_size"": 4096, ""lognormal_sigma"": 1.0, ""manual_repair_fail_prob"": 0.4, ""manual_repair_time"": 2880.0, ""max_replications"": 1000, ""num_replications"": 30, ""preemption_wait_time"": 20.0, ""prob_auto_to_manual"": 0.8, ""rack_size"": 8, ""random_failure_rate"": 1.388888888888889e-05, ""recovery_time"": 60.0, ""relative_accuracy"": 0.05, ""seed"": 42, ""spare_pool_size"": 200, ""systematic_failure_fraction"": 0.08, ""systematic_failure_rate_multiplier"": 5.0, ""warm_standbys"": 16, ""weibull_shape"": 1.0, ""working_pool_size"": 4600}"
da28d045aeb687e2f7991924bb1c67e7501cd076,2d_heatmap_sweep.py,Random+ScoredRemoval(SC_fast),DefaultHostSelection(),"ScoredRemoval(initial_score=100.0, failure_penalty=60.0, success_increment=5.0, time_period=1440, retirement_threshold=0.0)",46,4,1743.8499999999985,0.19267712245892696,1407,1107,300,1407,1143,791,616,209,166,1032,0,204,0,17,0,0,367,241.72164948453607,127,217.2852233676976,291,1.85,"{""adaptive_replications"": false, ""auto_repair_fail_prob"": 0.6, ""auto_repair_time"": 120.0, ""bad_server_regen_interval"": 43200, ""bad_server_regeneration"": false, ""confidence_level"": 0.95, ""diagnosis_probability"": 1.0, ""diagnosis_uncertainty"": 0.0, ""enable_topology"": false, ""failure_distribution"": ""exponential"", ""host_selection_time"": 3.0, ""job_length"": 20160, ""job_size"": 4096, ""lognormal_sigma"": 1.0, ""manual_repair_fail_prob"": 0.4, ""manual_repair_time"": 2880.0, ""max_replications"": 1000, ""num_replications"": 30, ""preemption_wait_time"": 20.0, ""prob_auto_to_manual"": 0.8, ""rack_size"": 8, ""random_failure_rate"": 1.388888888888889e-05, ""recovery_time"": 60.0, ""relative_accuracy"": 0.05, ""seed"": 42, ""spare_pool_size"": 200, ""systematic_failure_fraction"": 0.08, ""systematic_failure_rate_multiplier"": 5.0, ""warm_standbys"": 16, ""weibull_shape"": 1.0, ""working_pool_size"": 4600}"
da28d045aeb687e2f7991924bb1c67e7501cd076,2d_heatmap_sweep.py,Random+ScoredRemoval(SC_fast),DefaultHostSelection(),"ScoredRemoval(initial_score=100.0, failure_penalty=60.0, success_increment=5.0, time_period=1440, retirement_threshold=0.0)",47,5,1811.9000000000012,0.1854406976102432,1475,1154,321,1475,1178,804,671,210,178,1087,0,213,0,18,0,0,364,229.38741721854305,114,208.7251655629139,302,1.96,"{""adaptive_replications"": false, ""auto_repair_fail_prob"": 0.6, ""auto_repair_time"": 120.0, ""bad_server_regen_interval"": 43200, ""bad_server_regeneration"": false, ""confidence_level"": 0.95, ""diagnosis_probability"": 1.0, ""diagnosis_uncertainty"": 0.0, ""enable_topology"": false, ""failure_distribution"": ""exponential"", ""host_selection_time"": 3.0, ""job_length"": 20160, ""job_size"": 4096, ""lognormal_sigma"": 1.0, ""manual_repair_fail_prob"": 0.4, ""manual_repair_time"": 2880.0, ""max_replications"": 1000, ""num_replications"": 30, ""preemption_wait_time"": 20.0, ""prob_auto_to_manual"": 0.8, ""rack_size"": 8, ""random_failure_rate"": 1.388888888888889e-05, ""recovery_time"": 60.0, ""relative_accuracy"": 0.05, ""seed"": 42, ""spare_pool_size"": 200, ""systematic_failure_fraction"": 0.08, ""systematic_failure_rate_multiplier"": 5.0, ""warm_standbys"": 16, ""weibull_shape"": 1.0, ""working_pool_size"": 4600}"
da28d045aeb687e2f7991924bb1c67e7501cd076,2d_heatmap_sweep.py,Random+ScoredRemoval(SC_fast),DefaultHostSelection(),"ScoredRemoval(initial_score=100.0, failure_penalty=60.0, success_increment=5.0, time_period=1440, retirement_threshold=0.0)",48,6,1840.9000000000021,0.18251941984898656,1504,1195,309,1504,1200,835,669,208,159,1137,0,217,0,18,0,0,365,236.63192182410424,123,215.2442996742671,307,2.07,"{""adaptive_replications"": false, ""auto_repair_fail_prob"": 0.6, ""auto_repair_time"": 120.0, ""bad_server_regen_interval"": 43200, ""bad_server_regeneration"": false, ""confidence_level"": 0.95, ""diagnosis_probability"": 1.0, ""diagnosis_uncertainty"": 0.0, ""enable_topology"": false, ""failure_distribution"": ""exponential"", ""host_selection_time"": 3.0, ""job_length"": 20160, ""job_size"": 4096, ""lognormal_sigma"": 1.0, ""manual_repair_fail_prob"": 0.4, ""manual_repair_time"": 2880.0, ""max_replications"": 1000, ""num_replications"": 30, ""preemption_wait_time"": 20.0, ""prob_auto_to_manual"": 0.8, ""rack_size"": 8, ""random_failure_rate"": 1.388888888888889e-05, ""recovery_time"": 60.0, ""relative_accuracy"": 0.05, ""seed"": 42, ""spare_pool_size"": 200, ""systematic_failure_fraction"": 0.08, ""systematic_failure_rate_multiplier"": 5.0, ""warm_standbys"": 16, ""weibull_shape"": 1.0, ""working_pool_size"": 4600}"
da28d045aeb687e2f7991924bb1c67e7501cd076,2d_heatmap_sweep.py,Random+ScoredRemoval(SC_fast),DefaultHostSelection(),"ScoredRemoval(initial_score=100.0, failure_penalty=60.0, success_increment=5.0, time_period=1440, retirement_threshold=0.0)",49,7,1812.8499999999983,0.18534351987202463,1476,1172,304,1476,1175,834,642,202,159,1115,0,209,0,17,0,0,369,244.04290429042905,140,220.58745874587459,303,1.98,"{""adaptive_replications"": false, ""auto_repair_fail_prob"": 0.6, ""auto_repair_time"": 120.0, ""bad_server_regen_interval"": 43200, ""bad_server_regeneration"": false, ""confidence_level"": 0.95, ""diagnosis_probability"": 1.0, ""diagnosis_uncertainty"": 0.0, ""enable_topology"": false, ""failure_distribution"": ""exponential"", ""host_selection_time"": 3.0, ""job_length"": 20160, ""job_size"": 4096, ""lognormal_sigma"": 1.0, ""manual_repair_fail_prob"": 0.4, ""manual_repair_time"": 2880.0, ""max_replications"": 1000, ""num_replications"": 30, ""preemption_wait_time"": 20.0, ""prob_auto_to_manual"": 0.8, ""rack_size"": 8, ""random_failure_rate"": 1.388888888888889e-05, ""recovery_time"": 60.0, ""relative_accuracy"": 0.05, ""seed"": 42, ""spare_pool_size"": 200, ""systematic_failure_fraction"": 0.08, ""systematic_failure_rate_multiplier"": 5.0, ""warm_standbys"": 16, ""weibull_shape"": 1.0, ""working_pool_size"": 4600}"
da28d045aeb687e2f7991924bb1c67e7501cd076,2d_heatmap_sweep.py,Random+ScoredRemoval(SC_fast),DefaultHostSelection(),"ScoredRemoval(initial_score=100.0, failure_penalty=60.0, success_increment=5.0, time_period=1440, retirement_threshold=0.0)",50,8,1787.7999999999981,0.18794048551292108,1451,1140,311,1451,1159,804,647,198,172,1081,0,206,0,16,0,0,369,247.3020134228188,139,223.85570469798657,298,1.99,"{""adaptive_replications"": false, ""auto_repair_fail_prob"": 0.6, ""auto_repair_time"": 120.0, ""bad_server_regen_interval"": 43200, ""bad_server_regeneration"": false, ""confidence_level"": 0.95, ""diagnosis_probability"": 1.0, ""diagnosis_uncertainty"": 0.0, ""enable_topology"": false, ""failure_distribution"": ""exponential"", ""host_selection_time"": 3.0, ""job_length"": 20160, ""job_size"": 4096, ""lognormal_sigma"": 1.0, ""manual_repair_fail_prob"": 0.4, ""manual_repair_time"": 2880.0, ""max_replications"": 1000, ""num_replications"": 30, ""preemption_wait_time"": 20.0, ""prob_auto_to_manual"": 0.8, ""rack_size"": 8, ""random_failure_rate"": 1.388888888888889e-05, ""recovery_time"": 60.0, ""relative_accuracy"": 0.05, ""seed"": 42, ""spare_pool_size"": 200, ""systematic_failure_fraction"": 0.08, ""systematic_failure_rate_multiplier"": 5.0, ""warm_standbys"": 16, ""weibull_shape"": 1.0, ""working_pool_size"": 4600}"
da28d045aeb687e2f7991924bb1c67e7501cd076,2d_heatmap_sweep.py,Random+ScoredRemoval(SC_fast),DefaultHostSelection(),"ScoredRemoval(initial_score=100.0, failure_penalty=60.0, success_increment=5.0, time_period=1440, retirement_threshold=0.0)",51,9,1801.7999999999986,0.18648018648018658,1465,1174,291,1465,1159,834,631,199,151,1115,0,202,0,16,0,0,367,238.22591362126246,139,216.3654485049834,301,2.0,"{""adaptive_replications"": false, ""auto_repair_fail_prob"": 0.6, ""auto_repair_time"": 120.0, ""bad_server_regen_interval"": 43200, ""bad_server_regeneration"": false, ""confidence_level"": 0.95, ""diagnosis_probability"": 1.0, ""diagnosis_uncertainty"": 0.0, ""enable_topology"": false, ""failure_distribution"": ""exponential"", ""host_selection_time"": 3.0, ""job_length"": 20160, ""job_size"": 4096, ""lognormal_sigma"": 1.0, ""manual_repair_fail_prob"": 0.4, ""manual_repair_time"": 2880.0, ""max_replications"": 1000, ""num_replications"": 30, ""preemption_wait_time"": 20.0, ""prob_auto_to_manual"": 0.8, ""rack_size"": 8, ""random_failure_rate"": 1.388888888888889e-05, ""recovery_time"": 60.0, ""relative_accuracy"": 0.05, ""seed"": 42, ""spare_pool_size"": 200, ""systematic_failure_fraction"": 0.08, ""systematic_failure_rate_multiplier"": 5.0, ""warm_standbys"": 16, ""weibull_shape"": 1.0, ""working_pool_size"": 4600}"
da28d045aeb687e2f7991924bb1c67e7501cd076,2d_heatmap_sweep.py,FewestFailuresFirst+NeverRemove,FewestFailuresFirst(),NeverRemove(),42,0,1709.2499999999968,0.19657744624835483,1373,1103,270,1373,1110,822,551,202,120,1051,0,0,0,5,0,0,369,257.9894736842105,167,215.39649122807018,285,1.15,"{""adaptive_replications"": false, ""auto_repair_fail_prob"": 0.6, ""auto_repair_time"": 120.0, ""bad_server_regen_interval"": 43200, ""bad_server_regeneration"": false, ""confidence_level"": 0.95, ""diagnosis_probability"": 1.0, ""diagnosis_uncertainty"": 0.0, ""enable_topology"": false, ""failure_distribution"": ""exponential"", ""host_selection_time"": 3.0, ""job_length"": 20160, ""job_size"": 4096, ""lognormal_sigma"": 1.0, ""manual_repair_fail_prob"": 0.4, ""manual_repair_time"": 2880.0, ""max_replications"": 1000, ""num_replications"": 30, ""preemption_wait_time"": 20.0, ""prob_auto_to_manual"": 0.8, ""rack_size"": 8, ""random_failure_rate"": 1.388888888888889e-05, ""recovery_time"": 60.0, ""relative_accuracy"": 0.05, ""seed"": 42, ""spare_pool_size"": 200, ""systematic_failure_fraction"": 0.08, ""systematic_failure_rate_multiplier"": 5.0, ""warm_standbys"": 16, ""weibull_shape"": 1.0, ""working_pool_size"": 4600}"
da28d045aeb687e2f7991924bb1c67e7501cd076,2d_heatmap_sweep.py,FewestFailuresFirst+NeverRemove,FewestFailuresFirst(),NeverRemove(),43,1,1745.3499999999983,0.19251153063855433,1409,1134,275,1409,1103,790,619,189,140,1080,0,0,0,7,0,0,370,262.69415807560136,179,207.56013745704468,291,1.25,"{""adaptive_replications"": false, ""auto_repair_fail_prob"": 0.6, ""auto_repair_time"": 120.0, ""bad_server_regen_interval"": 43200, ""bad_server_regeneration"": false, ""confidence_level"": 0.95, ""diagnosis_probability"": 1.0, ""diagnosis_uncertainty"": 0.0, ""enable_topology"": false, ""failure_distribution"": ""exponential"", ""host_selection_time"": 3.0, ""job_length"": 20160, ""job_size"": 4096, ""lognormal_sigma"": 1.0, ""manual_repair_fail_prob"": 0.4, ""manual_repair_time"": 2880.0, ""max_replications"": 1000, ""num_replications"": 30, ""preemption_wait_time"": 20.0, ""prob_auto_to_manual"": 0.8, ""rack_size"": 8, ""random_failure_rate"": 1.388888888888889e-05, ""recovery_time"": 60.0, ""relative_accuracy"": 0.05, ""seed"": 42, ""spare_pool_size"": 200, ""systematic_failure_fraction"": 0.08, ""systematic_failure_rate_multiplier"": 5.0, ""warm_standbys"": 16, ""weibull_shape"": 1.0, ""working_pool_size"": 4600}"
da28d045aeb687e2f7991924bb1c67e7501cd076,2d_heatmap_sweep.py,FewestFailuresFirst+NeverRemove,FewestFailuresFirst(),NeverRemove(),44,2,1776.3000000000031,0.18915723695321696,1440,1153,287,1440,1156,800,640,174,174,1092,0,0,0,6,0,0,366,266.55218855218857,191,216.57912457912457,297,1.29,"{""adaptive_replications"": false, ""auto_repair_fail_prob"": 0.6, ""auto_repair_time"": 120.0, ""bad_server_regen_interval"": 43200, ""bad_server_regeneration"": false, ""confidence_level"": 0.95, ""diagnosis_probability"": 1.0, ""diagnosis_uncertainty"": 0.0, ""enable_topology"": false, ""failure_distribution"": ""exponential"", ""host_selection_time"": 3.0, ""job_length"": 20160, ""job_size"": 4096, ""lognormal_sigma"": 1.0, ""manual_repair_fail_prob"": 0.4, ""manual_repair_time"": 2880.0, ""max_replications"": 1000, ""num_replications"": 30, ""preemption_wait_time"": 20.0, ""prob_auto_to_manual"": 0.8, ""rack_size"": 8, ""random_failure_rate"": 1.388888888888889e-05, ""recovery_time"": 60.0, ""relative_accuracy"": 0.05, ""seed"": 42, ""spare_pool_size"": 200, ""systematic_failure_fraction"": 0.08, ""systematic_failure_rate_multiplier"": 5.0, ""warm_standbys"": 16, ""weibull_shape"": 1.0, ""working_pool_size"": 4600}"
da28d045aeb687e2f7991924bb1c67e7501cd076,2d_heatmap_sweep.py,FewestFailuresFirst+NeverRemove,FewestFailuresFirst(),NeverRemove(),45,3,1777.300000000005,0.1890508074044895,1441,1155,286,1441,1141,821,620,195,143,1103,0,0,0,6,0,0,365,253.27609427609428,167,210.35353535353536,297,1.31,"{""adaptive_replications"": false, ""auto_repair_fail_prob"": 0.6, ""auto_repair_time"": 120.0, ""bad_server_regen_interval"": 43200, ""bad_server_regeneration"": false, ""confidence_level"": 0.95, ""diagnosis_probability"": 1.0, ""diagnosis_uncertainty"": 0.0, ""enable_topology"": false, ""failure_distribution"": ""exponential"", ""host_selection_time"": 3.0, ""job_length"": 20160, ""job_size"": 4096, ""lognormal_sigma"": 1.0, ""manual_repair_fail_prob"": 0.4, ""manual_repair_time"": 2880.0, ""max_replications"": 1000, ""num_replications"": 30, ""preemption_wait_time"": 20.0, ""prob_auto_to_manual"": 0.8, ""rack_size"": 8, ""random_failure_rate"": 1.388888888888889e-05, ""recovery_time"": 60.0, ""relative_accuracy"": 0.05, ""seed"": 42, ""spare_pool_size"": 200, ""systematic_failure_fraction"": 0.08, ""systematic_failure_rate_multiplier"": 5.0, ""warm_standbys"": 16, ""weibull_shape"": 1.0, ""working_pool_size"": 4600}"
da28d045aeb687e2f7991924bb1c67e7501cd076,2d_heatmap_sweep.py,FewestFailuresFirst+NeverRemove,FewestFailuresFirst(),NeverRemove(),46,4,1756.1999999999982,0.1913221728732492,1420,1125,295,1420,1149,780,640,187,165,1068,0,0,0,4,0,0,367,262.0580204778157,176,224.19453924914677,293,1.26,"{""adaptive_replications"": false, ""auto_repair_fail_prob"": 0.6, ""auto_repair_time"": 120.0, ""bad_server_regen_interval"": 43200, ""bad_server_regeneration"": false, ""confidence_level"": 0.95, ""diagnosis_probability"": 1.0, ""diagnosis_uncertainty"": 0.0, ""enable_topology"": false, ""failure_distribution"": ""exponential"", ""host_selection_time"": 3.0, ""job_length"": 20160, ""job_size"": 4096, ""lognormal_sigma"": 1.0, ""manual_repair_fail_prob"": 0.4, ""manual_repair_time"": 2880.0, ""max_replications"": 1000, ""num_replications"": 30, ""preemption_wait_time"": 20.0, ""prob_auto_to_manual"": 0.8, ""rack_size"": 8, ""random_failure_rate"": 1.388888888888889e-05, ""recovery_time"": 60.0, ""relative_accuracy"": 0.05, ""seed"": 42, ""spare_pool_size"": 200, ""systematic_failure_fraction"": 0.08, ""systematic_failure_rate_multiplier"": 5.0, ""warm_standbys"": 16, ""weibull_shape"": 1.0, ""working_pool_size"": 4600}"
da28d045aeb687e2f7991924bb1c67e7501cd076,2d_heatmap_sweep.py,FewestFailuresFirst+NeverRemove,FewestFailuresFirst(),NeverRemove(),47,5,1796.4000000000053,0.18704074816299196,1460,1174,286,1460,1181,805,655,189,158,1113,0,0,0,8,0,0,364,253.48,171,204.74666666666667,300,1.31,"{""adaptive_replications"": false, ""auto_repair_fail_prob"": 0.6, ""auto_repair_time"": 120.0, ""bad_server_regen_interval"": 43200, ""bad_server_regeneration"": false, ""confidence_level"": 0.95, ""diagnosis_probability"": 1.0, ""diagnosis_uncertainty"": 0.0, ""enable_topology"": false, ""failure_distribution"": ""exponential"", ""host_selection_time"": 3.0, ""job_length"": 20160, ""job_size"": 4096, ""lognormal_sigma"": 1.0, ""manual_repair_fail_prob"": 0.4, ""manual_repair_time"": 2880.0, ""max_replications"": 1000, ""num_replications"": 30, ""preemption_wait_time"": 20.0, ""prob_auto_to_manual"": 0.8, ""rack_size"": 8, ""random_failure_rate"": 1.388888888888889e-05, ""recovery_time"": 60.0, ""relative_accuracy"": 0.05, ""seed"": 42, ""spare_pool_size"": 200, ""systematic_failure_fraction"": 0.08, ""systematic_failure_rate_multiplier"": 5.0, ""warm_standbys"": 16, ""weibull_shape"": 1.0, ""working_pool_size"": 4600}"
da28d045aeb687e2f7991924bb1c67e7501cd076,2d_heatmap_sweep.py,FewestFailuresFirst+NeverRemove,FewestFailuresFirst(),NeverRemove(),48,6,1813.350000000002,0.1852924145917774,1477,1178,299,1477,1170,803,674,190,161,1126,0,0,0,7,0,0,365,253.5049504950495,173,204.82508250825083,303,1.36,"{""adaptive_replications"": false, ""auto_repair_fail_prob"": 0.6, ""auto_repair_time"": 120.0, ""bad_server_regen_interval"": 43200, ""bad_server_regeneration"": false, ""confidence_level"": 0.95, ""diagnosis_probability"": 1.0, ""diagnosis_uncertainty"": 0.0, ""enable_topology"": false, ""failure_distribution"": ""exponential"", ""host_selection_time"": 3.0, ""job_length"": 20160, ""job_size"": 4096, ""lognormal_sigma"": 1.0, ""manual_repair_fail_prob"": 0.4, ""manual_repair_time"": 2880.0, ""max_replications"": 1000, ""num_replications"": 30, ""preemption_wait_time"": 20.0, ""prob_auto_to_manual"": 0.8, ""rack_size"": 8, ""random_failure_rate"": 1.388888888888889e-05, ""recovery_time"": 60.0, ""relative_accuracy"": 0.05, ""seed"": 42, ""spare_pool_size"": 200, ""systematic_failure_fraction"": 0.08, ""systematic_failure_rate_multiplier"": 5.0, ""warm_standbys"": 16, ""weibull_shape"": 1.0, ""working_pool_size"": 4600}"
da28d045aeb687e2f7991924bb1c67e7501cd076,2d_heatmap_sweep.py,FewestFailuresFirst+NeverRemove,FewestFailuresFirst(),NeverRemove(),49,7,1736.3500000000013,0.19350937311025948,1400,1121,279,1400,1124,787,613,190,148,1062,0,0,0,7,0,0,369,262.38275862068963,177,217.14827586206897,290,1.29,"{""adaptive_replications"": false, ""auto_repair_fail_prob"": 0.6, ""auto_repair_time"": 120.0, ""bad_server_regen_interval"": 43200, ""bad_server_regeneration"": false, ""confidence_level"": 0.95, ""diagnosis_probability"": 1.0, ""diagnosis_uncertainty"": 0.0, ""enable_topology"": false, ""failure_distribution"": ""exponential"", ""host_selection_time"": 3.0, ""job_length"": 20160, ""job_size"": 4096, ""lognormal_sigma"": 1.0, ""manual_repair_fail_prob"": 0.4, ""manual_repair_time"": 2880.0, ""max_replications"": 1000, ""num_replications"": 30, ""preemption_wait_time"": 20.0, ""prob_auto_to_manual"": 0.8, ""rack_size"": 8, ""random_failure_rate"": 1.388888888888889e-05, ""recovery_time"": 60.0, ""relative_accuracy"": 0.05, ""seed"": 42, ""spare_pool_size"": 200, ""systematic_failure_fraction"": 0.08, ""systematic_failure_rate_multiplier"": 5.0, ""warm_standbys"": 16, ""weibull_shape"": 1.0, ""working_pool_size"": 4600}"
da28d045aeb687e2f7991924bb1c67e7501cd076,2d_heatmap_sweep.py,FewestFailuresFirst+NeverRemove,FewestFailuresFirst(),NeverRemove(),50,8,1657.3000000000004,0.20273939540216013,1321,1049,272,1321,1083,740,581,198,134,989,0,0,0,6,0,0,369,253.96028880866427,170,206.21299638989169,277,1.19,"{""adaptive_replications"": false, ""auto_repair_fail_prob"": 0.6, ""auto_repair_time"": 120.0, ""bad_server_regen_interval"": 43200, ""bad_server_regeneration"": false, ""confidence_level"": 0.95, ""diagnosis_probability"": 1.0, ""diagnosis_uncertainty"": 0.0, ""enable_topology"": false, ""failure_distribution"": ""exponential"", ""host_selection_time"": 3.0, ""job_length"": 20160, ""job_size"": 4096, ""lognormal_sigma"": 1.0, ""manual_repair_fail_prob"": 0.4, ""manual_repair_time"": 2880.0, ""max_replications"": 1000, ""num_replications"": 30, ""preemption_wait_time"": 20.0, ""prob_auto_to_manual"": 0.8, ""rack_size"": 8, ""random_failure_rate"": 1.388888888888889e-05, ""recovery_time"": 60.0, ""relative_accuracy"": 0.05, ""seed"": 42, ""spare_pool_size"": 200, ""systematic_failure_fraction"": 0.08, ""systematic_failure_rate_multiplier"": 5.0, ""warm_standbys"": 16, ""weibull_shape"": 1.0, ""working_pool_size"": 4600}"
da28d045aeb687e2f7991924bb1c67e7501cd076,2d_heatmap_sweep.py,FewestFailuresFirst+NeverRemove,FewestFailuresFirst(),NeverRemove(),51,9,1725.2000000000014,0.19476002782286103,1389,1115,274,1389,1097,792,597,206,116,1067,0,0,0,4,0,0,367,247.40972222222223,160,205.27777777777777,288,1.28,"{""adaptive_replications"": false, ""auto_repair_fail_prob"": 0.6, ""auto_repair_time"": 120.0, ""bad_server_regen_interval"": 43200, ""bad_server_regeneration"": false, ""confidence_level"": 0.95, ""diagnosis_probability"": 1.0, ""diagnosis_uncertainty"": 0.0, ""enable_topology"": false, ""failure_distribution"": ""exponential"", ""host_selection_time"": 3.0, ""job_length"": 20160, ""job_size"": 4096, ""lognormal_sigma"": 1.0, ""manual_repair_fail_prob"": 0.4, ""manual_repair_time"": 2880.0, ""max_replications"": 1000, ""num_replications"": 30, ""preemption_wait_time"": 20.0, ""prob_auto_to_manual"": 0.8, ""rack_size"": 8, ""random_failure_rate"": 1.388888888888889e-05, ""recovery_time"": 60.0, ""relative_accuracy"": 0.05, ""seed"": 42, ""spare_pool_size"": 200, ""systematic_failure_fraction"": 0.08, ""systematic_failure_rate_multiplier"": 5.0, ""warm_standbys"": 16, ""weibull_shape"": 1.0, ""working_pool_size"": 4600}"
da28d045aeb687e2f7991924bb1c67e7501cd076,2d_heatmap_sweep.py,Random+NeverRemove,DefaultHostSelection(),NeverRemove(),42,0,1870.35,0.17964552089181174,1534,1204,330,1534,1236,607,927,177,223,1134,0,0,0,7,0,0,369,267.9230769230769,189,235.23397435897436,312,1.3,"{""adaptive_replications"": false, ""auto_repair_fail_prob"": 0.6, ""auto_repair_time"": 120.0, ""bad_server_regen_interval"": 43200, ""bad_server_regeneration"": false, ""confidence_level"": 0.95, ""diagnosis_probability"": 1.0, ""diagnosis_uncertainty"": 0.0, ""enable_topology"": false, ""failure_distribution"": ""exponential"", ""host_selection_time"": 3.0, ""job_length"": 20160, ""job_size"": 4096, ""lognormal_sigma"": 1.0, ""manual_repair_fail_prob"": 0.6, ""manual_repair_time"": 2880.0, ""max_replications"": 1000, ""num_replications"": 30, ""preemption_wait_time"": 20.0, ""prob_auto_to_manual"": 0.8, ""rack_size"": 8, ""random_failure_rate"": 1.388888888888889e-05, ""recovery_time"": 60.0, ""relative_accuracy"": 0.05, ""seed"": 42, ""spare_pool_size"": 200, ""systematic_failure_fraction"": 0.08, ""systematic_failure_rate_multiplier"": 5.0, ""warm_standbys"": 16, ""weibull_shape"": 1.0, ""working_pool_size"": 4600}"
da28d045aeb687e2f7991924bb1c67e7501cd076,2d_heatmap_sweep.py,Random+NeverRemove,DefaultHostSelection(),NeverRemove(),43,1,1899.3999999999983,0.17689796777929898,1563,1209,354,1563,1273,619,944,161,260,1142,0,0,0,8,0,0,370,273.37854889589903,204,238.65299684542586,317,1.4,"{""adaptive_replications"": false, ""auto_repair_fail_prob"": 0.6, ""auto_repair_time"": 120.0, ""bad_server_regen_interval"": 43200, ""bad_server_regeneration"": false, ""confidence_level"": 0.95, ""diagnosis_probability"": 1.0, ""diagnosis_uncertainty"": 0.0, ""enable_topology"": false, ""failure_distribution"": ""exponential"", ""host_selection_time"": 3.0, ""job_length"": 20160, ""job_size"": 4096, ""lognormal_sigma"": 1.0, ""manual_repair_fail_prob"": 0.6, ""manual_repair_time"": 2880.0, ""max_replications"": 1000, ""num_replications"": 30, ""preemption_wait_time"": 20.0, ""prob_auto_to_manual"": 0.8, ""rack_size"": 8, ""random_failure_rate"": 1.388888888888889e-05, ""recovery_time"": 60.0, ""relative_accuracy"": 0.05, ""seed"": 42, ""spare_pool_size"": 200, ""systematic_failure_fraction"": 0.08, ""systematic_failure_rate_multiplier"": 5.0, ""warm_standbys"": 16, ""weibull_shape"": 1.0, ""working_pool_size"": 4600}"
da28d045aeb687e2f7991924bb1c67e7501cd076,2d_heatmap_sweep.py,Random+NeverRemove,DefaultHostSelection(),NeverRemove(),44,2,1824.349999999999,0.1841751856825716,1488,1133,355,1488,1196,636,852,184,228,1076,0,0,0,7,0,0,366,261.3081967213115,178,231.80983606557376,305,1.3,"{""adaptive_replications"": false, ""auto_repair_fail_prob"": 0.6, ""auto_repair_time"": 120.0, ""bad_server_regen_interval"": 43200, ""bad_server_regeneration"": false, ""confidence_level"": 0.95, ""diagnosis_probability"": 1.0, ""diagnosis_uncertainty"": 0.0, ""enable_topology"": false, ""failure_distribution"": ""exponential"", ""host_selection_time"": 3.0, ""job_length"": 20160, ""job_size"": 4096, ""lognormal_sigma"": 1.0, ""manual_repair_fail_prob"": 0.6, ""manual_repair_time"": 2880.0, ""max_replications"": 1000, ""num_replications"": 30, ""preemption_wait_time"": 20.0, ""prob_auto_to_manual"": 0.8, ""rack_size"": 8, ""random_failure_rate"": 1.388888888888889e-05, ""recovery_time"": 60.0, ""relative_accuracy"": 0.05, ""seed"": 42, ""spare_pool_size"": 200, ""systematic_failure_fraction"": 0.08, ""systematic_failure_rate_multiplier"": 5.0, ""warm_standbys"": 16, ""weibull_shape"": 1.0, ""working_pool_size"": 4600}"
da28d045aeb687e2f7991924bb1c67e7501cd076,2d_heatmap_sweep.py,Random+NeverRemove,DefaultHostSelection(),NeverRemove(),45,3,1858.3000000000027,0.18081041812409185,1522,1197,325,1522,1236,622,900,160,248,1114,0,0,0,6,0,0,365,277.3322580645161,204,249.7225806451613,310,1.33,"{""adaptive_replications"": false, ""auto_repair_fail_prob"": 0.6, ""auto_repair_time"": 120.0, ""bad_server_regen_interval"": 43200, ""bad_server_regeneration"": false, ""confidence_level"": 0.95, ""diagnosis_probability"": 1.0, ""diagnosis_uncertainty"": 0.0, ""enable_topology"": false, ""failure_distribution"": ""exponential"", ""host_selection_time"": 3.0, ""job_length"": 20160, ""job_size"": 4096, ""lognormal_sigma"": 1.0, ""manual_repair_fail_prob"": 0.6, ""manual_repair_time"": 2880.0, ""max_replications"": 1000, ""num_replications"": 30, ""preemption_wait_time"": 20.0, ""prob_auto_to_manual"": 0.8, ""rack_size"": 8, ""random_failure_rate"": 1.388888888888889e-05, ""recovery_time"": 60.0, ""relative_accuracy"": 0.05, ""seed"": 42, ""spare_pool_size"": 200, ""systematic_failure_fraction"": 0.08, ""systematic_failure_rate_multiplier"": 5.0, ""warm_standbys"": 16, ""weibull_shape"": 1.0, ""working_pool_size"": 4600}"
da28d045aeb687e2f7991924bb1c67e7501cd076,2d_heatmap_sweep.py,Random+NeverRemove,DefaultHostSelection(),NeverRemove(),46,4,1816.25,0.18499655884377192,1480,1149,331,1480,1187,609,871,158,235,1087,0,0,0,5,0,0,367,279.56435643564356,204,239.6006600660066,303,1.35,"{""adaptive_replications"": false, ""auto_repair_fail_prob"": 0.6, ""auto_repair_time"": 120.0, ""bad_server_regen_interval"": 43200, ""bad_server_regeneration"": false, ""confidence_level"": 0.95, ""diagnosis_probability"": 1.0, ""diagnosis_uncertainty"": 0.0, ""enable_topology"": false, ""failure_distribution"": ""exponential"", ""host_selection_time"": 3.0, ""job_length"": 20160, ""job_size"": 4096, ""lognormal_sigma"": 1.0, ""manual_repair_fail_prob"": 0.6, ""manual_repair_time"": 2880.0, ""max_replications"": 1000, ""num_replications"": 30, ""preemption_wait_time"": 20.0, ""prob_auto_to_manual"": 0.8, ""rack_size"": 8, ""random_failure_rate"": 1.388888888888889e-05, ""recovery_time"": 60.0, ""relative_accuracy"": 0.05, ""seed"": 42, ""spare_pool_size"": 200, ""systematic_failure_fraction"": 0.08, ""systematic_failure_rate_multiplier"": 5.0, ""warm_standbys"": 16, ""weibull_shape"": 1.0, ""working_pool_size"": 4600}"
da28d045aeb687e2f7991924bb1c67e7501cd076,2d_heatmap_sweep.py,Random+NeverRemove,DefaultHostSelection(),NeverRemove(),47,5,1774.15,0.18938646675872908,1438,1101,337,1438,1121,601,837,168,218,1052,0,0,0,3,0,0,364,268.4560810810811,190,238.5439189189189,296,1.27,"{""adaptive_replications"": false, ""auto_repair_fail_prob"": 0.6, ""auto_repair_time"": 120.0, ""bad_server_regen_interval"": 43200, ""bad_server_regeneration"": false, ""confidence_level"": 0.95, ""diagnosis_probability"": 1.0, ""diagnosis_uncertainty"": 0.0, ""enable_topology"": false, ""failure_distribution"": ""exponential"", ""host_selection_time"": 3.0, ""job_length"": 20160, ""job_size"": 4096, ""lognormal_sigma"": 1.0, ""manual_repair_fail_prob"": 0.6, ""manual_repair_time"": 2880.0, ""max_replications"": 1000, ""num_replications"": 30, ""preemption_wait_time"": 20.0, ""prob_auto_to_manual"": 0.8, ""rack_size"": 8, ""random_failure_rate"": 1.388888888888889e-05, ""recovery_time"": 60.0, ""relative_accuracy"": 0.05, ""seed"": 42, ""spare_pool_size"": 200, ""systematic_failure_fraction"": 0.08, ""systematic_failure_rate_multiplier"": 5.0, ""warm_standbys"": 16, ""weibull_shape"": 1.0, ""working_pool_size"": 4600}"
da28d045aeb687e2f7991924bb1c67e7501cd076,2d_heatmap_sweep.py,Random+NeverRemove,DefaultHostSelection(),NeverRemove(),48,6,1853.2500000000014,0.18130311614730873,1517,1175,342,1517,1207,620,897,166,237,1114,0,0,0,5,0,0,365,269.14239482200645,196,238.3009708737864,309,1.38,"{""adaptive_replications"": false, ""auto_repair_fail_prob"": 0.6, ""auto_repair_time"": 120.0, ""bad_server_regen_interval"": 43200, ""bad_server_regeneration"": false, ""confidence_level"": 0.95, ""diagnosis_probability"": 1.0, ""diagnosis_uncertainty"": 0.0, ""enable_topology"": false, ""failure_distribution"": ""exponential"", ""host_selection_time"": 3.0, ""job_length"": 20160, ""job_size"": 4096, ""lognormal_sigma"": 1.0, ""manual_repair_fail_prob"": 0.6, ""manual_repair_time"": 2880.0, ""max_replications"": 1000, ""num_replications"": 30, ""preemption_wait_time"": 20.0, ""prob_auto_to_manual"": 0.8, ""rack_size"": 8, ""random_failure_rate"": 1.388888888888889e-05, ""recovery_time"": 60.0, ""relative_accuracy"": 0.05, ""seed"": 42, ""spare_pool_size"": 200, ""systematic_failure_fraction"": 0.08, ""systematic_failure_rate_multiplier"": 5.0, ""warm_standbys"": 16, ""weibull_shape"": 1.0, ""working_pool_size"": 4600}"
da28d045aeb687e2f7991924bb1c67e7501cd076,2d_heatmap_sweep.py,Random+NeverRemove,DefaultHostSelection(),NeverRemove(),49,7,1831.2499999999975,0.18348122866894157,1495,1158,337,1495,1192,639,856,160,237,1098,0,0,0,5,0,0,369,274.4019607843137,201,246.47712418300654,306,1.34,"{""adaptive_replications"": false, ""auto_repair_fail_prob"": 0.6, ""auto_repair_time"": 120.0, ""bad_server_regen_interval"": 43200, ""bad_server_regeneration"": false, ""confidence_level"": 0.95, ""diagnosis_probability"": 1.0, ""diagnosis_uncertainty"": 0.0, ""enable_topology"": false, ""failure_distribution"": ""exponential"", ""host_selection_time"": 3.0, ""job_length"": 20160, ""job_size"": 4096, ""lognormal_sigma"": 1.0, ""manual_repair_fail_prob"": 0.6, ""manual_repair_time"": 2880.0, ""max_replications"": 1000, ""num_replications"": 30, ""preemption_wait_time"": 20.0, ""prob_auto_to_manual"": 0.8, ""rack_size"": 8, ""random_failure_rate"": 1.388888888888889e-05, ""recovery_time"": 60.0, ""relative_accuracy"": 0.05, ""seed"": 42, ""spare_pool_size"": 200, ""systematic_failure_fraction"": 0.08, ""systematic_failure_rate_multiplier"": 5.0, ""warm_standbys"": 16, ""weibull_shape"": 1.0, ""working_pool_size"": 4600}"
da28d045aeb687e2f7991924bb1c67e7501cd076,2d_heatmap_sweep.py,Random+NeverRemove,DefaultHostSelection(),NeverRemove(),50,8,1813.3000000000004,0.1852975238515416,1477,1158,319,1477,1194,574,903,166,216,1095,0,0,0,6,0,0,369,274.9438943894389,201,240.0957095709571,303,1.31,"{""adaptive_replications"": false, ""auto_repair_fail_prob"": 0.6, ""auto_repair_time"": 120.0, ""bad_server_regen_interval"": 43200, ""bad_server_regeneration"": false, ""confidence_level"": 0.95, ""diagnosis_probability"": 1.0, ""diagnosis_uncertainty"": 0.0, ""enable_topology"": false, ""failure_distribution"": ""exponential"", ""host_selection_time"": 3.0, ""job_length"": 20160, ""job_size"": 4096, ""lognormal_sigma"": 1.0, ""manual_repair_fail_prob"": 0.6, ""manual_repair_time"": 2880.0, ""max_replications"": 1000, ""num_replications"": 30, ""preemption_wait_time"": 20.0, ""prob_auto_to_manual"": 0.8, ""rack_size"": 8, ""random_failure_rate"": 1.388888888888889e-05, ""recovery_time"": 60.0, ""relative_accuracy"": 0.05, ""seed"": 42, ""spare_pool_size"": 200, ""systematic_failure_fraction"": 0.08, ""systematic_failure_rate_multiplier"": 5.0, ""warm_standbys"": 16, ""weibull_shape"": 1.0, ""working_pool_size"": 4600}"
da28d045aeb687e2f7991924bb1c67e7501cd076,2d_heatmap_sweep.py,Random+NeverRemove,DefaultHostSelection(),NeverRemove(),51,9,1791.2999999999981,0.18757327080891023,1455,1146,309,1455,1155,596,859,160,227,1068,0,0,0,6,0,0,367,273.4113712374582,203,241.69565217391303,299,1.33,"{""adaptive_replications"": false, ""auto_repair_fail_prob"": 0.6, ""auto_repair_time"": 120.0, ""bad_server_regen_interval"": 43200, ""bad_server_regeneration"": false, ""confidence_level"": 0.95, ""diagnosis_probability"": 1.0, ""diagnosis_uncertainty"": 0.0, ""enable_topology"": false, ""failure_distribution"": ""exponential"", ""host_selection_time"": 3.0, ""job_length"": 20160, ""job_size"": 4096, ""lognormal_sigma"": 1.0, ""manual_repair_fail_prob"": 0.6, ""manual_repair_time"": 2880.0, ""max_replications"": 1000, ""num_replications"": 30, ""preemption_wait_time"": 20.0, ""prob_auto_to_manual"": 0.8, ""rack_size"": 8, ""random_failure_rate"": 1.388888888888889e-05, ""recovery_time"": 60.0, ""relative_accuracy"": 0.05, ""seed"": 42, ""spare_pool_size"": 200, ""systematic_failure_fraction"": 0.08, ""systematic_failure_rate_multiplier"": 5.0, ""warm_standbys"": 16, ""weibull_shape"": 1.0, ""working_pool_size"": 4600}"
da28d045aeb687e2f7991924bb1c67e7501cd076,2d_heatmap_sweep.py,Random+ScoredRemoval(SC_fast),DefaultHostSelection(),"ScoredRemoval(initial_score=100.0, failure_penalty=60.0, success_increment=5.0, time_period=1440, retirement_threshold=0.0)",42,0,1781.8499999999976,0.18856806128462042,1445,1118,327,1445,1147,566,879,150,239,1056,0,221,0,17,0,0,369,256.4208754208754,163,229.16835016835017,297,1.68,"{""adaptive_replications"": false, ""auto_repair_fail_prob"": 0.6, ""auto_repair_time"": 120.0, ""bad_server_regen_interval"": 43200, ""bad_server_regeneration"": false, ""confidence_level"": 0.95, ""diagnosis_probability"": 1.0, ""diagnosis_uncertainty"": 0.0, ""enable_topology"": false, ""failure_distribution"": ""exponential"", ""host_selection_time"": 3.0, ""job_length"": 20160, ""job_size"": 4096, ""lognormal_sigma"": 1.0, ""manual_repair_fail_prob"": 0.6, ""manual_repair_time"": 2880.0, ""max_replications"": 1000, ""num_replications"": 30, ""preemption_wait_time"": 20.0, ""prob_auto_to_manual"": 0.8, ""rack_size"": 8, ""random_failure_rate"": 1.388888888888889e-05, ""recovery_time"": 60.0, ""relative_accuracy"": 0.05, ""seed"": 42, ""spare_pool_size"": 200, ""systematic_failure_fraction"": 0.08, ""systematic_failure_rate_multiplier"": 5.0, ""warm_standbys"": 16, ""weibull_shape"": 1.0, ""working_pool_size"": 4600}"
da28d045aeb687e2f7991924bb1c67e7501cd076,2d_heatmap_sweep.py,Random+ScoredRemoval(SC_fast),DefaultHostSelection(),"ScoredRemoval(initial_score=100.0, failure_penalty=60.0, success_increment=5.0, time_period=1440, retirement_threshold=0.0)",43,1,1878.0000000000014,0.1789137380191695,1541,1190,351,1541,1243,606,935,168,245,1128,0,240,0,20,0,0,370,249.1464968152866,141,225.38216560509554,314,2.07,"{""adaptive_replications"": false, ""auto_repair_fail_prob"": 0.6, ""auto_repair_time"": 120.0, ""bad_server_regen_interval"": 43200, ""bad_server_regeneration"": false, ""confidence_level"": 0.95, ""diagnosis_probability"": 1.0, ""diagnosis_uncertainty"": 0.0, ""enable_topology"": false, ""failure_distribution"": ""exponential"", ""host_selection_time"": 3.0, ""job_length"": 20160, ""job_size"": 4096, ""lognormal_sigma"": 1.0, ""manual_repair_fail_prob"": 0.6, ""manual_repair_time"": 2880.0, ""max_replications"": 1000, ""num_replications"": 30, ""preemption_wait_time"": 20.0, ""prob_auto_to_manual"": 0.8, ""rack_size"": 8, ""random_failure_rate"": 1.388888888888889e-05, ""recovery_time"": 60.0, ""relative_accuracy"": 0.05, ""seed"": 42, ""spare_pool_size"": 200, ""systematic_failure_fraction"": 0.08, ""systematic_failure_rate_multiplier"": 5.0, ""warm_standbys"": 16, ""weibull_shape"": 1.0, ""working_pool_size"": 4600}"
da28d045aeb687e2f7991924bb1c67e7501cd076,2d_heatmap_sweep.py,Random+ScoredRemoval(SC_fast),DefaultHostSelection(),"ScoredRemoval(initial_score=100.0, failure_penalty=60.0, success_increment=5.0, time_period=1440, retirement_threshold=0.0)",44,2,1795.8499999999992,0.18709803157279223,1459,1157,302,1459,1163,603,856,160,216,1083,0,229,0,17,0,0,366,255.29,152,229.68666666666667,300,1.98,"{""adaptive_replications"": false, ""auto_repair_fail_prob"": 0.6, ""auto_repair_time"": 120.0, ""bad_server_regen_interval"": 43200, ""bad_server_regeneration"": false, ""confidence_level"": 0.95, ""diagnosis_probability"": 1.0, ""diagnosis_uncertainty"": 0.0, ""enable_topology"": false, ""failure_distribution"": ""exponential"", ""host_selection_time"": 3.0, ""job_length"": 20160, ""job_size"": 4096, ""lognormal_sigma"": 1.0, ""manual_repair_fail_prob"": 0.6, ""manual_repair_time"": 2880.0, ""max_replications"": 1000, ""num_replications"": 30, ""preemption_wait_time"": 20.0, ""prob_auto_to_manual"": 0.8, ""rack_size"": 8, ""random_failure_rate"": 1.388888888888889e-05, ""recovery_time"": 60.0, ""relative_accuracy"": 0.05, ""seed"": 42, ""spare_pool_size"": 200, ""systematic_failure_fraction"": 0.08, ""systematic_failure_rate_multiplier"": 5.0, ""warm_standbys"": 16, ""weibull_shape"": 1.0, ""working_pool_size"": 4600}"
da28d045aeb687e2f7991924bb1c67e7501cd076,2d_heatmap_sweep.py,Random+ScoredRemoval(SC_fast),DefaultHostSelection(),"ScoredRemoval(initial_score=100.0, failure_penalty=60.0, success_increment=5.0, time_period=1440, retirement_threshold=0.0)",45,3,1782.8500000000006,0.18846229351880445,1446,1140,306,1446,1187,590,856,147,227,1072,0,214,0,17,0,0,365,258.86577181208054,159,235.73489932885906,298,1.92,"{""adaptive_replications"": false, ""auto_repair_fail_prob"": 0.6, ""auto_repair_time"": 120.0, ""bad_server_regen_interval"": 43200, ""bad_server_regeneration"": false, ""confidence_level"": 0.95, ""diagnosis_probability"": 1.0, ""diagnosis_uncertainty"": 0.0, ""enable_topology"": false, ""failure_distribution"": ""exponential"", ""host_selection_time"": 3.0, ""job_length"": 20160, ""job_size"": 4096, ""lognormal_sigma"": 1.0, ""manual_repair_fail_prob"": 0.6, ""manual_repair_time"": 2880.0, ""max_replications"": 1000, ""num_replications"": 30, ""preemption_wait_time"": 20.0, ""prob_auto_to_manual"": 0.8, ""rack_size"": 8, ""random_failure_rate"": 1.388888888888889e-05, ""recovery_time"": 60.0, ""relative_accuracy"": 0.05, ""seed"": 42, ""spare_pool_size"": 200, ""systematic_failure_fraction"": 0.08, ""systematic_failure_rate_multiplier"": 5.0, ""warm_standbys"": 16, ""weibull_shape"": 1.0, ""working_pool_size"": 4600}"
da28d045aeb687e2f7991924bb1c67e7501cd076,2d_heatmap_sweep.py,Random+ScoredRemoval(SC_fast),DefaultHostSelection(),"ScoredRemoval(initial_score=100.0, failure_penalty=60.0, success_increment=5.0, time_period=1440, retirement_threshold=0.0)",46,4,1794.9999999999998,0.18718662952646253,1458,1127,331,1458,1169,578,880,145,249,1064,0,226,0,20,0,0,367,260.3666666666667,157,235.74333333333334,300,1.9,"{""adaptive_replications"": false, ""auto_repair_fail_prob"": 0.6, ""auto_repair_time"": 120.0, ""bad_server_regen_interval"": 43200, ""bad_server_regeneration"": false, ""confidence_level"": 0.95, ""diagnosis_probability"": 1.0, ""diagnosis_uncertainty"": 0.0, ""enable_topology"": false, ""failure_distribution"": ""exponential"", ""host_selection_time"": 3.0, ""job_length"": 20160, ""job_size"": 4096, ""lognormal_sigma"": 1.0, ""manual_repair_fail_prob"": 0.6, ""manual_repair_time"": 2880.0, ""max_replications"": 1000, ""num_replications"": 30, ""preemption_wait_time"": 20.0, ""prob_auto_to_manual"": 0.8, ""rack_size"": 8, ""random_failure_rate"": 1.388888888888889e-05, ""recovery_time"": 60.0, ""relative_accuracy"": 0.05, ""seed"": 42, ""spare_pool_size"": 200, ""systematic_failure_fraction"": 0.08, ""systematic_failure_rate_multiplier"": 5.0, ""warm_standbys"": 16, ""weibull_shape"": 1.0, ""working_pool_size"": 4600}"
da28d045aeb687e2f7991924bb1c67e7501cd076,2d_heatmap_sweep.py,Random+ScoredRemoval(SC_fast),DefaultHostSelection(),"ScoredRemoval(initial_score=100.0, failure_penalty=60.0, success_increment=5.0, time_period=1440, retirement_threshold=0.0)",47,5,1811.9000000000008,0.18544069761024237,1475,1154,321,1475,1189,620,855,157,226,1092,0,225,0,18,0,0,364,257.887417218543,151,233.99006622516555,302,1.93,"{""adaptive_replications"": false, ""auto_repair_fail_prob"": 0.6, ""auto_repair_time"": 120.0, ""bad_server_regen_interval"": 43200, ""bad_server_regeneration"": false, ""confidence_level"": 0.95, ""diagnosis_probability"": 1.0, ""diagnosis_uncertainty"": 0.0, ""enable_topology"": false, ""failure_distribution"": ""exponential"", ""host_selection_time"": 3.0, ""job_length"": 20160, ""job_size"": 4096, ""lognormal_sigma"": 1.0, ""manual_repair_fail_prob"": 0.6, ""manual_repair_time"": 2880.0, ""max_replications"": 1000, ""num_replications"": 30, ""preemption_wait_time"": 20.0, ""prob_auto_to_manual"": 0.8, ""rack_size"": 8, ""random_failure_rate"": 1.388888888888889e-05, ""recovery_time"": 60.0, ""relative_accuracy"": 0.05, ""seed"": 42, ""spare_pool_size"": 200, ""systematic_failure_fraction"": 0.08, ""systematic_failure_rate_multiplier"": 5.0, ""warm_standbys"": 16, ""weibull_shape"": 1.0, ""working_pool_size"": 4600}"
da28d045aeb687e2f7991924bb1c67e7501cd076,2d_heatmap_sweep.py,Random+ScoredRemoval(SC_fast),DefaultHostSelection(),"ScoredRemoval(initial_score=100.0, failure_penalty=60.0, success_increment=5.0, time_period=1440, retirement_threshold=0.0)",48,6,1802.9500000000028,0.1863612412989816,1466,1143,323,1466,1172,575,891,143,236,1087,0,251,0,19,0,0,365,258.797342192691,159,233.80398671096344,301,1.92,"{""adaptive_replications"": false, ""auto_repair_fail_prob"": 0.6, ""auto_repair_time"": 120.0, ""bad_server_regen_interval"": 43200, ""bad_server_regeneration"": false, ""confidence_level"": 0.95, ""diagnosis_probability"": 1.0, ""diagnosis_uncertainty"": 0.0, ""enable_topology"": false, ""failure_distribution"": ""exponential"", ""host_selection_time"": 3.0, ""job_length"": 20160, ""job_size"": 4096, ""lognormal_sigma"": 1.0, ""manual_repair_fail_prob"": 0.6, ""manual_repair_time"": 2880.0, ""max_replications"": 1000, ""num_replications"": 30, ""preemption_wait_time"": 20.0, ""prob_auto_to_manual"": 0.8, ""rack_size"": 8, ""random_failure_rate"": 1.388888888888889e-05, ""recovery_time"": 60.0, ""relative_accuracy"": 0.05, ""seed"": 42, ""spare_pool_size"": 200, ""systematic_failure_fraction"": 0.08, ""systematic_failure_rate_multiplier"": 5.0, ""warm_standbys"": 16, ""weibull_shape"": 1.0, ""working_pool_size"": 4600}"
da28d045aeb687e2f7991924bb1c67e7501cd076,2d_heatmap_sweep.py,Random+ScoredRemoval(SC_fast),DefaultHostSelection(),"ScoredRemoval(initial_score=100.0, failure_penalty=60.0, success_increment=5.0, time_period=1440, retirement_threshold=0.0)",49,7,1831.9,0.18341612533435228,1495,1153,342,1495,1205,570,925,162,247,1086,0,225,0,18,0,0,369,252.36928104575162,146,227.52287581699346,306,1.99,"{""adaptive_replications"": false, ""auto_repair_fail_prob"": 0.6, ""auto_repair_time"": 120.0, ""bad_server_regen_interval"": 43200, ""bad_server_regeneration"": false, ""confidence_level"": 0.95, ""diagnosis_probability"": 1.0, ""diagnosis_uncertainty"": 0.0, ""enable_topology"": false, ""failure_distribution"": ""exponential"", ""host_selection_time"": 3.0, ""job_length"": 20160, ""job_size"": 4096, ""lognormal_sigma"": 1.0, ""manual_repair_fail_prob"": 0.6, ""manual_repair_time"": 2880.0, ""max_replications"": 1000, ""num_replications"": 30, ""preemption_wait_time"": 20.0, ""prob_auto_to_manual"": 0.8, ""rack_size"": 8, ""random_failure_rate"": 1.388888888888889e-05, ""recovery_time"": 60.0, ""relative_accuracy"": 0.05, ""seed"": 42, ""spare_pool_size"": 200, ""systematic_failure_fraction"": 0.08, ""systematic_failure_rate_multiplier"": 5.0, ""warm_standbys"": 16, ""weibull_shape"": 1.0, ""working_pool_size"": 4600}"
da28d045aeb687e2f7991924bb1c67e7501cd076,2d_heatmap_sweep.py,Random+ScoredRemoval(SC_fast),DefaultHostSelection(),"ScoredRemoval(initial_score=100.0, failure_penalty=60.0, success_increment=5.0, time_period=1440, retirement_threshold=0.0)",50,8,1789.8000000000022,0.18773047267851137,1453,1150,303,1453,1185,592,861,169,201,1083,0,217,0,16,0,0,369,254.8160535117057,150,230.27759197324414,299,1.92,"{""adaptive_replications"": false, ""auto_repair_fail_prob"": 0.6, ""auto_repair_time"": 120.0, ""bad_server_regen_interval"": 43200, ""bad_server_regeneration"": false, ""confidence_level"": 0.95, ""diagnosis_probability"": 1.0, ""diagnosis_uncertainty"": 0.0, ""enable_topology"": false, ""failure_distribution"": ""exponential"", ""host_selection_time"": 3.0, ""job_length"": 20160, ""job_size"": 4096, ""lognormal_sigma"": 1.0, ""manual_repair_fail_prob"": 0.6, ""manual_repair_time"": 2880.0, ""max_replications"": 1000, ""num_replications"": 30, ""preemption_wait_time"": 20.0, ""prob_auto_to_manual"": 0.8, ""rack_size"": 8, ""random_failure_rate"": 1.388888888888889e-05, ""recovery_time"": 60.0, ""relative_accuracy"": 0.05, ""seed"": 42, ""spare_pool_size"": 200, ""systematic_failure_fraction"": 0.08, ""systematic_failure_rate_multiplier"": 5.0, ""warm_standbys"": 16, ""weibull_shape"": 1.0, ""working_pool_size"": 4600}"
da28d045aeb687e2f7991924bb1c67e7501cd076,2d_heatmap_sweep.py,Random+ScoredRemoval(SC_fast),DefaultHostSelection(),"ScoredRemoval(initial_score=100.0, failure_penalty=60.0, success_increment=5.0, time_period=1440, retirement_threshold=0.0)",51,9,1839.8999999999994,0.1826186205772056,1503,1175,328,1503,1201,599,904,163,234,1106,0,222,0,18,0,0,367,243.1270358306189,139,220.03257328990227,307,1.92,"{""adaptive_replications"": false, ""auto_repair_fail_prob"": 0.6, ""auto_repair_time"": 120.0, ""bad_server_regen_interval"": 43200, ""bad_server_regeneration"": false, ""confidence_level"": 0.95, ""diagnosis_probability"": 1.0, ""diagnosis_uncertainty"": 0.0, ""enable_topology"": false, ""failure_distribution"": ""exponential"", ""host_selection_time"": 3.0, ""job_length"": 20160, ""job_size"": 4096, ""lognormal_sigma"": 1.0, ""manual_repair_fail_prob"": 0.6, ""manual_repair_time"": 2880.0, ""max_replications"": 1000, ""num_replications"": 30, ""preemption_wait_time"": 20.0, ""prob_auto_to_manual"": 0.8, ""rack_size"": 8, ""random_failure_rate"": 1.388888888888889e-05, ""recovery_time"": 60.0, ""relative_accuracy"": 0.05, ""seed"": 42, ""spare_pool_size"": 200, ""systematic_failure_fraction"": 0.08, ""systematic_failure_rate_multiplier"": 5.0, ""warm_standbys"": 16, ""weibull_shape"": 1.0, ""working_pool_size"": 4600}"
da28d045aeb687e2f7991924bb1c67e7501cd076,2d_heatmap_sweep.py,FewestFailuresFirst+NeverRemove,FewestFailuresFirst(),NeverRemove(),42,0,1788.3499999999983,0.1878826851567086,1452,1146,306,1452,1150,619,833,156,199,1097,0,0,0,7,0,0,369,279.23745819397993,211,214.66889632107024,299,1.17,"{""adaptive_replications"": false, ""auto_repair_fail_prob"": 0.6, ""auto_repair_time"": 120.0, ""bad_server_regen_interval"": 43200, ""bad_server_regeneration"": false, ""confidence_level"": 0.95, ""diagnosis_probability"": 1.0, ""diagnosis_uncertainty"": 0.0, ""enable_topology"": false, ""failure_distribution"": ""exponential"", ""host_selection_time"": 3.0, ""job_length"": 20160, ""job_size"": 4096, ""lognormal_sigma"": 1.0, ""manual_repair_fail_prob"": 0.6, ""manual_repair_time"": 2880.0, ""max_replications"": 1000, ""num_replications"": 30, ""preemption_wait_time"": 20.0, ""prob_auto_to_manual"": 0.8, ""rack_size"": 8, ""random_failure_rate"": 1.388888888888889e-05, ""recovery_time"": 60.0, ""relative_accuracy"": 0.05, ""seed"": 42, ""spare_pool_size"": 200, ""systematic_failure_fraction"": 0.08, ""systematic_failure_rate_multiplier"": 5.0, ""warm_standbys"": 16, ""weibull_shape"": 1.0, ""working_pool_size"": 4600}"
da28d045aeb687e2f7991924bb1c67e7501cd076,2d_heatmap_sweep.py,FewestFailuresFirst+NeverRemove,FewestFailuresFirst(),NeverRemove(),43,1,1787.2499999999993,0.18799832144355855,1451,1142,309,1451,1148,627,824,166,207,1078,0,0,0,5,0,0,370,277.8422818791946,202,220.19463087248323,298,1.23,"{""adaptive_replications"": false, ""auto_repair_fail_prob"": 0.6, ""auto_repair_time"": 120.0, ""bad_server_regen_interval"": 43200, ""bad_server_regeneration"": false, ""confidence_level"": 0.95, ""diagnosis_probability"": 1.0, ""diagnosis_uncertainty"": 0.0, ""enable_topology"": false, ""failure_distribution"": ""exponential"", ""host_selection_time"": 3.0, ""job_length"": 20160, ""job_size"": 4096, ""lognormal_sigma"": 1.0, ""manual_repair_fail_prob"": 0.6, ""manual_repair_time"": 2880.0, ""max_replications"": 1000, ""num_replications"": 30, ""preemption_wait_time"": 20.0, ""prob_auto_to_manual"": 0.8, ""rack_size"": 8, ""random_failure_rate"": 1.388888888888889e-05, ""recovery_time"": 60.0, ""relative_accuracy"": 0.05, ""seed"": 42, ""spare_pool_size"": 200, ""systematic_failure_fraction"": 0.08, ""systematic_failure_rate_multiplier"": 5.0, ""warm_standbys"": 16, ""weibull_shape"": 1.0, ""working_pool_size"": 4600}"
da28d045aeb687e2f7991924bb1c67e7501cd076,2d_heatmap_sweep.py,FewestFailuresFirst+NeverRemove,FewestFailuresFirst(),NeverRemove(),44,2,1788.3000000000052,0.18788793826539152,1452,1161,291,1452,1163,593,859,139,201,1112,0,0,0,6,0,0,366,279.87290969899664,222,223.7458193979933,299,1.22,"{""adaptive_replications"": false, ""auto_repair_fail_prob"": 0.6, ""auto_repair_time"": 120.0, ""bad_server_regen_interval"": 43200, ""bad_server_regeneration"": false, ""confidence_level"": 0.95, ""diagnosis_probability"": 1.0, ""diagnosis_uncertainty"": 0.0, ""enable_topology"": false, ""failure_distribution"": ""exponential"", ""host_selection_time"": 3.0, ""job_length"": 20160, ""job_size"": 4096, ""lognormal_sigma"": 1.0, ""manual_repair_fail_prob"": 0.6, ""manual_repair_time"": 2880.0, ""max_replications"": 1000, ""num_replications"": 30, ""preemption_wait_time"": 20.0, ""prob_auto_to_manual"": 0.8, ""rack_size"": 8, ""random_failure_rate"": 1.388888888888889e-05, ""recovery_time"": 60.0, ""relative_accuracy"": 0.05, ""seed"": 42, ""spare_pool_size"": 200, ""systematic_failure_fraction"": 0.08, ""systematic_failure_rate_multiplier"": 5.0, ""warm_standbys"": 16, ""weibull_shape"": 1.0, ""working_pool_size"": 4600}"
da28d045aeb687e2f7991924bb1c67e7501cd076,2d_heatmap_sweep.py,FewestFailuresFirst+NeverRemove,FewestFailuresFirst(),NeverRemove(),45,3,1751.2499999999984,0.1918629550321199,1415,1117,298,1415,1121,569,846,146,214,1055,0,0,0,5,0,0,365,276.0650684931507,212,224.59931506849315,292,1.2,"{""adaptive_replications"": false, ""auto_repair_fail_prob"": 0.6, ""auto_repair_time"": 120.0, ""bad_server_regen_interval"": 43200, ""bad_server_regeneration"": false, ""confidence_level"": 0.95, ""diagnosis_probability"": 1.0, ""diagnosis_uncertainty"": 0.0, ""enable_topology"": false, ""failure_distribution"": ""exponential"", ""host_selection_time"": 3.0, ""job_length"": 20160, ""job_size"": 4096, ""lognormal_sigma"": 1.0, ""manual_repair_fail_prob"": 0.6, ""manual_repair_time"": 2880.0, ""max_replications"": 1000, ""num_replications"": 30, ""preemption_wait_time"": 20.0, ""prob_auto_to_manual"": 0.8, ""rack_size"": 8, ""random_failure_rate"": 1.388888888888889e-05, ""recovery_time"": 60.0, ""relative_accuracy"": 0.05, ""seed"": 42, ""spare_pool_size"": 200, ""systematic_failure_fraction"": 0.08, ""systematic_failure_rate_multiplier"": 5.0, ""warm_standbys"": 16, ""weibull_shape"": 1.0, ""working_pool_size"": 4600}"
da28d045aeb687e2f7991924bb1c67e7501cd076,2d_heatmap_sweep.py,FewestFailuresFirst+NeverRemove,FewestFailuresFirst(),NeverRemove(),46,4,1773.250000000001,0.1894825884675035,1437,1117,320,1437,1166,589,848,160,216,1061,0,0,0,5,0,0,367,271.76013513513516,205,215.11824324324326,296,1.22,"{""adaptive_replications"": false, ""auto_repair_fail_prob"": 0.6, ""auto_repair_time"": 120.0, ""bad_server_regen_interval"": 43200, ""bad_server_regeneration"": false, ""confidence_level"": 0.95, ""diagnosis_probability"": 1.0, ""diagnosis_uncertainty"": 0.0, ""enable_topology"": false, ""failure_distribution"": ""exponential"", ""host_selection_time"": 3.0, ""job_length"": 20160, ""job_size"": 4096, ""lognormal_sigma"": 1.0, ""manual_repair_fail_prob"": 0.6, ""manual_repair_time"": 2880.0, ""max_replications"": 1000, ""num_replications"": 30, ""preemption_wait_time"": 20.0, ""prob_auto_to_manual"": 0.8, ""rack_size"": 8, ""random_failure_rate"": 1.388888888888889e-05, ""recovery_time"": 60.0, ""relative_accuracy"": 0.05, ""seed"": 42, ""spare_pool_size"": 200, ""systematic_failure_fraction"": 0.08, ""systematic_failure_rate_multiplier"": 5.0, ""warm_standbys"": 16, ""weibull_shape"": 1.0, ""working_pool_size"": 4600}"
da28d045aeb687e2f7991924bb1c67e7501cd076,2d_heatmap_sweep.py,FewestFailuresFirst+NeverRemove,FewestFailuresFirst(),NeverRemove(),47,5,1789.4000000000005,0.18777243768861038,1453,1154,299,1453,1177,565,888,148,215,1090,0,0,0,8,0,0,364,282.87959866220734,214,215.7123745819398,299,1.24,"{""adaptive_replications"": false, ""auto_repair_fail_prob"": 0.6, ""auto_repair_time"": 120.0, ""bad_server_regen_interval"": 43200, ""bad_server_regeneration"": false, ""confidence_level"": 0.95, ""diagnosis_probability"": 1.0, ""diagnosis_uncertainty"": 0.0, ""enable_topology"": false, ""failure_distribution"": ""exponential"", ""host_selection_time"": 3.0, ""job_length"": 20160, ""job_size"": 4096, ""lognormal_sigma"": 1.0, ""manual_repair_fail_prob"": 0.6, ""manual_repair_time"": 2880.0, ""max_replications"": 1000, ""num_replications"": 30, ""preemption_wait_time"": 20.0, ""prob_auto_to_manual"": 0.8, ""rack_size"": 8, ""random_failure_rate"": 1.388888888888889e-05, ""recovery_time"": 60.0, ""relative_accuracy"": 0.05, ""seed"": 42, ""spare_pool_size"": 200, ""systematic_failure_fraction"": 0.08, ""systematic_failure_rate_multiplier"": 5.0, ""warm_standbys"": 16, ""weibull_shape"": 1.0, ""working_pool_size"": 4600}"
da28d045aeb687e2f7991924bb1c67e7501cd076,2d_heatmap_sweep.py,FewestFailuresFirst+NeverRemove,FewestFailuresFirst(),NeverRemove(),48,6,1771.350000000001,0.18968583283935975,1435,1124,311,1435,1146,549,886,147,226,1062,0,0,0,7,0,0,365,277.1756756756757,215,213.76013513513513,296,1.25,"{""adaptive_replications"": false, ""auto_repair_fail_prob"": 0.6, ""auto_repair_time"": 120.0, ""bad_server_regen_interval"": 43200, ""bad_server_regeneration"": false, ""confidence_level"": 0.95, ""diagnosis_probability"": 1.0, ""diagnosis_uncertainty"": 0.0, ""enable_topology"": false, ""failure_distribution"": ""exponential"", ""host_selection_time"": 3.0, ""job_length"": 20160, ""job_size"": 4096, ""lognormal_sigma"": 1.0, ""manual_repair_fail_prob"": 0.6, ""manual_repair_time"": 2880.0, ""max_replications"": 1000, ""num_replications"": 30, ""preemption_wait_time"": 20.0, ""prob_auto_to_manual"": 0.8, ""rack_size"": 8, ""random_failure_rate"": 1.388888888888889e-05, ""recovery_time"": 60.0, ""relative_accuracy"": 0.05, ""seed"": 42, ""spare_pool_size"": 200, ""systematic_failure_fraction"": 0.08, ""systematic_failure_rate_multiplier"": 5.0, ""warm_standbys"": 16, ""weibull_shape"": 1.0, ""working_pool_size"": 4600}"
da28d045aeb687e2f7991924bb1c67e7501cd076,2d_heatmap_sweep.py,FewestFailuresFirst+NeverRemove,FewestFailuresFirst(),NeverRemove(),49,7,1803.4000000000005,0.18631473882666047,1467,1159,308,1467,1173,593,874,151,216,1100,0,0,0,8,0,0,369,282.5215946843854,212,217.13953488372093,301,1.29,"{""adaptive_replications"": false, ""auto_repair_fail_prob"": 0.6, ""auto_repair_time"": 120.0, ""bad_server_regen_interval"": 43200, ""bad_server_regeneration"": false, ""confidence_level"": 0.95, ""diagnosis_probability"": 1.0, ""diagnosis_uncertainty"": 0.0, ""enable_topology"": false, ""failure_distribution"": ""exponential"", ""host_selection_time"": 3.0, ""job_length"": 20160, ""job_size"": 4096, ""lognormal_sigma"": 1.0, ""manual_repair_fail_prob"": 0.6, ""manual_repair_time"": 2880.0, ""max_replications"": 1000, ""num_replications"": 30, ""preemption_wait_time"": 20.0, ""prob_auto_to_manual"": 0.8, ""rack_size"": 8, ""random_failure_rate"": 1.388888888888889e-05, ""recovery_time"": 60.0, ""relative_accuracy"": 0.05, ""seed"": 42, ""spare_pool_size"": 200, ""systematic_failure_fraction"": 0.08, ""systematic_failure_rate_multiplier"": 5.0, ""warm_standbys"": 16, ""weibull_shape"": 1.0, ""working_pool_size"": 4600}"
da28d045aeb687e2f7991924bb1c67e7501cd076,2d_heatmap_sweep.py,FewestFailuresFirst+NeverRemove,FewestFailuresFirst(),NeverRemove(),50,8,1736.2499999999998,0.19352051835853154,1400,1086,314,1400,1126,543,857,139,237,1024,0,0,0,5,0,0,369,287.6655172413793,229,229.88275862068966,290,1.19,"{""adaptive_replications"": false, ""auto_repair_fail_prob"": 0.6, ""auto_repair_time"": 120.0, ""bad_server_regen_interval"": 43200, ""bad_server_regeneration"": false, ""confidence_level"": 0.95, ""diagnosis_probability"": 1.0, ""diagnosis_uncertainty"": 0.0, ""enable_topology"": false, ""failure_distribution"": ""exponential"", ""host_selection_time"": 3.0, ""job_length"": 20160, ""job_size"": 4096, ""lognormal_sigma"": 1.0, ""manual_repair_fail_prob"": 0.6, ""manual_repair_time"": 2880.0, ""max_replications"": 1000, ""num_replications"": 30, ""preemption_wait_time"": 20.0, ""prob_auto_to_manual"": 0.8, ""rack_size"": 8, ""random_failure_rate"": 1.388888888888889e-05, ""recovery_time"": 60.0, ""relative_accuracy"": 0.05, ""seed"": 42, ""spare_pool_size"": 200, ""systematic_failure_fraction"": 0.08, ""systematic_failure_rate_multiplier"": 5.0, ""warm_standbys"": 16, ""weibull_shape"": 1.0, ""working_pool_size"": 4600}"
da28d045aeb687e2f7991924bb1c67e7501cd076,2d_heatmap_sweep.py,FewestFailuresFirst+NeverRemove,FewestFailuresFirst(),NeverRemove(),51,9,1759.3500000000015,0.19097962315627917,1423,1112,311,1423,1125,559,864,155,215,1053,0,0,0,7,0,0,367,275.812925170068,209,210.92857142857142,294,1.27,"{""adaptive_replications"": false, ""auto_repair_fail_prob"": 0.6, ""auto_repair_time"": 120.0, ""bad_server_regen_interval"": 43200, ""bad_server_regeneration"": false, ""confidence_level"": 0.95, ""diagnosis_probability"": 1.0, ""diagnosis_uncertainty"": 0.0, ""enable_topology"": false, ""failure_distribution"": ""exponential"", ""host_selection_time"": 3.0, ""job_length"": 20160, ""job_size"": 4096, ""lognormal_sigma"": 1.0, ""manual_repair_fail_prob"": 0.6, ""manual_repair_time"": 2880.0, ""max_replications"": 1000, ""num_replications"": 30, ""preemption_wait_time"": 20.0, ""prob_auto_to_manual"": 0.8, ""rack_size"": 8, ""random_failure_rate"": 1.388888888888889e-05, ""recovery_time"": 60.0, ""relative_accuracy"": 0.05, ""seed"": 42, ""spare_pool_size"": 200, ""systematic_failure_fraction"": 0.08, ""systematic_failure_rate_multiplier"": 5.0, ""warm_standbys"": 16, ""weibull_shape"": 1.0, ""working_pool_size"": 4600}"
da28d045aeb687e2f7991924bb1c67e7501cd076,2d_heatmap_sweep.py,Random+NeverRemove,DefaultHostSelection(),NeverRemove(),42,0,1882.299999999998,0.17850502045370048,1546,1155,391,1546,1240,448,1098,128,327,1091,0,0,0,6,0,0,369,297.2388535031847,233,264.7229299363057,314,1.27,"{""adaptive_replications"": false, ""auto_repair_fail_prob"": 0.6, ""auto_repair_time"": 120.0, ""bad_server_regen_interval"": 43200, ""bad_server_regeneration"": false, ""confidence_level"": 0.95, ""diagnosis_probability"": 1.0, ""diagnosis_uncertainty"": 0.0, ""enable_topology"": false, ""failure_distribution"": ""exponential"", ""host_selection_time"": 3.0, ""job_length"": 20160, ""job_size"": 4096, ""lognormal_sigma"": 1.0, ""manual_repair_fail_prob"": 0.75, ""manual_repair_time"": 2880.0, ""max_replications"": 1000, ""num_replications"": 30, ""preemption_wait_time"": 20.0, ""prob_auto_to_manual"": 0.8, ""rack_size"": 8, ""random_failure_rate"": 1.388888888888889e-05, ""recovery_time"": 60.0, ""relative_accuracy"": 0.05, ""seed"": 42, ""spare_pool_size"": 200, ""systematic_failure_fraction"": 0.08, ""systematic_failure_rate_multiplier"": 5.0, ""warm_standbys"": 16, ""weibull_shape"": 1.0, ""working_pool_size"": 4600}"
da28d045aeb687e2f7991924bb1c67e7501cd076,2d_heatmap_sweep.py,Random+NeverRemove,DefaultHostSelection(),NeverRemove(),43,1,1815.1999999999991,0.18510356985456133,1479,1107,372,1479,1146,434,1045,136,302,1041,0,0,0,4,0,0,370,288.7029702970297,228,253.65346534653466,303,1.24,"{""adaptive_replications"": false, ""auto_repair_fail_prob"": 0.6, ""auto_repair_time"": 120.0, ""bad_server_regen_interval"": 43200, ""bad_server_regeneration"": false, ""confidence_level"": 0.95, ""diagnosis_probability"": 1.0, ""diagnosis_uncertainty"": 0.0, ""enable_topology"": false, ""failure_distribution"": ""exponential"", ""host_selection_time"": 3.0, ""job_length"": 20160, ""job_size"": 4096, ""lognormal_sigma"": 1.0, ""manual_repair_fail_prob"": 0.75, ""manual_repair_time"": 2880.0, ""max_replications"": 1000, ""num_replications"": 30, ""preemption_wait_time"": 20.0, ""prob_auto_to_manual"": 0.8, ""rack_size"": 8, ""random_failure_rate"": 1.388888888888889e-05, ""recovery_time"": 60.0, ""relative_accuracy"": 0.05, ""seed"": 42, ""spare_pool_size"": 200, ""systematic_failure_fraction"": 0.08, ""systematic_failure_rate_multiplier"": 5.0, ""warm_standbys"": 16, ""weibull_shape"": 1.0, ""working_pool_size"": 4600}"
da28d045aeb687e2f7991924bb1c67e7501cd076,2d_heatmap_sweep.py,Random+NeverRemove,DefaultHostSelection(),NeverRemove(),44,2,1845.3499999999997,0.18207928035332058,1509,1145,364,1509,1193,457,1052,136,309,1064,0,0,0,7,0,0,366,287.7207792207792,229,257.0681818181818,308,1.27,"{""adaptive_replications"": false, ""auto_repair_fail_prob"": 0.6, ""auto_repair_time"": 120.0, ""bad_server_regen_interval"": 43200, ""bad_server_regeneration"": false, ""confidence_level"": 0.95, ""diagnosis_probability"": 1.0, ""diagnosis_uncertainty"": 0.0, ""enable_topology"": false, ""failure_distribution"": ""exponential"", ""host_selection_time"": 3.0, ""job_length"": 20160, ""job_size"": 4096, ""lognormal_sigma"": 1.0, ""manual_repair_fail_prob"": 0.75, ""manual_repair_time"": 2880.0, ""max_replications"": 1000, ""num_replications"": 30, ""preemption_wait_time"": 20.0, ""prob_auto_to_manual"": 0.8, ""rack_size"": 8, ""random_failure_rate"": 1.388888888888889e-05, ""recovery_time"": 60.0, ""relative_accuracy"": 0.05, ""seed"": 42, ""spare_pool_size"": 200, ""systematic_failure_fraction"": 0.08, ""systematic_failure_rate_multiplier"": 5.0, ""warm_standbys"": 16, ""weibull_shape"": 1.0, ""working_pool_size"": 4600}"
da28d045aeb687e2f7991924bb1c67e7501cd076,2d_heatmap_sweep.py,Random+NeverRemove,DefaultHostSelection(),NeverRemove(),45,3,1862.2999999999972,0.18042205874456366,1526,1157,369,1526,1229,446,1080,127,302,1097,0,0,0,6,0,0,365,290.96784565916397,227,256.4951768488746,311,1.3,"{""adaptive_replications"": false, ""auto_repair_fail_prob"": 0.6, ""auto_repair_time"": 120.0, ""bad_server_regen_interval"": 43200, ""bad_server_regeneration"": false, ""confidence_level"": 0.95, ""diagnosis_probability"": 1.0, ""diagnosis_uncertainty"": 0.0, ""enable_topology"": false, ""failure_distribution"": ""exponential"", ""host_selection_time"": 3.0, ""job_length"": 20160, ""job_size"": 4096, ""lognormal_sigma"": 1.0, ""manual_repair_fail_prob"": 0.75, ""manual_repair_time"": 2880.0, ""max_replications"": 1000, ""num_replications"": 30, ""preemption_wait_time"": 20.0, ""prob_auto_to_manual"": 0.8, ""rack_size"": 8, ""random_failure_rate"": 1.388888888888889e-05, ""recovery_time"": 60.0, ""relative_accuracy"": 0.05, ""seed"": 42, ""spare_pool_size"": 200, ""systematic_failure_fraction"": 0.08, ""systematic_failure_rate_multiplier"": 5.0, ""warm_standbys"": 16, ""weibull_shape"": 1.0, ""working_pool_size"": 4600}"
da28d045aeb687e2f7991924bb1c67e7501cd076,2d_heatmap_sweep.py,Random+NeverRemove,DefaultHostSelection(),NeverRemove(),46,4,1860.2500000000007,0.1806208842897458,1524,1155,369,1524,1228,443,1081,136,308,1080,0,0,0,5,0,0,367,287.94533762057875,227,251.86816720257235,311,1.28,"{""adaptive_replications"": false, ""auto_repair_fail_prob"": 0.6, ""auto_repair_time"": 120.0, ""bad_server_regen_interval"": 43200, ""bad_server_regeneration"": false, ""confidence_level"": 0.95, ""diagnosis_probability"": 1.0, ""diagnosis_uncertainty"": 0.0, ""enable_topology"": false, ""failure_distribution"": ""exponential"", ""host_selection_time"": 3.0, ""job_length"": 20160, ""job_size"": 4096, ""lognormal_sigma"": 1.0, ""manual_repair_fail_prob"": 0.75, ""manual_repair_time"": 2880.0, ""max_replications"": 1000, ""num_replications"": 30, ""preemption_wait_time"": 20.0, ""prob_auto_to_manual"": 0.8, ""rack_size"": 8, ""random_failure_rate"": 1.388888888888889e-05, ""recovery_time"": 60.0, ""relative_accuracy"": 0.05, ""seed"": 42, ""spare_pool_size"": 200, ""systematic_failure_fraction"": 0.08, ""systematic_failure_rate_multiplier"": 5.0, ""warm_standbys"": 16, ""weibull_shape"": 1.0, ""working_pool_size"": 4600}"
da28d045aeb687e2f7991924bb1c67e7501cd076,2d_heatmap_sweep.py,Random+NeverRemove,DefaultHostSelection(),NeverRemove(),47,5,1882.3499999999976,0.17850027890668566,1546,1188,358,1546,1237,454,1092,116,322,1108,0,0,0,7,0,0,364,294.9267515923567,243,260.9076433121019,314,1.3,"{""adaptive_replications"": false, ""auto_repair_fail_prob"": 0.6, ""auto_repair_time"": 120.0, ""bad_server_regen_interval"": 43200, ""bad_server_regeneration"": false, ""confidence_level"": 0.95, ""diagnosis_probability"": 1.0, ""diagnosis_uncertainty"": 0.0, ""enable_topology"": false, ""failure_distribution"": ""exponential"", ""host_selection_time"": 3.0, ""job_length"": 20160, ""job_size"": 4096, ""lognormal_sigma"": 1.0, ""manual_repair_fail_prob"": 0.75, ""manual_repair_time"": 2880.0, ""max_replications"": 1000, ""num_replications"": 30, ""preemption_wait_time"": 20.0, ""prob_auto_to_manual"": 0.8, ""rack_size"": 8, ""random_failure_rate"": 1.388888888888889e-05, ""recovery_time"": 60.0, ""relative_accuracy"": 0.05, ""seed"": 42, ""spare_pool_size"": 200, ""systematic_failure_fraction"": 0.08, ""systematic_failure_rate_multiplier"": 5.0, ""warm_standbys"": 16, ""weibull_shape"": 1.0, ""working_pool_size"": 4600}"
da28d045aeb687e2f7991924bb1c67e7501cd076,2d_heatmap_sweep.py,Random+NeverRemove,DefaultHostSelection(),NeverRemove(),48,6,1748.2,0.19219768905159576,1412,1079,333,1412,1123,414,998,114,286,1012,0,0,0,4,0,0,365,300.23972602739724,244,262.1164383561644,292,1.2,"{""adaptive_replications"": false, ""auto_repair_fail_prob"": 0.6, ""auto_repair_time"": 120.0, ""bad_server_regen_interval"": 43200, ""bad_server_regeneration"": false, ""confidence_level"": 0.95, ""diagnosis_probability"": 1.0, ""diagnosis_uncertainty"": 0.0, ""enable_topology"": false, ""failure_distribution"": ""exponential"", ""host_selection_time"": 3.0, ""job_length"": 20160, ""job_size"": 4096, ""lognormal_sigma"": 1.0, ""manual_repair_fail_prob"": 0.75, ""manual_repair_time"": 2880.0, ""max_replications"": 1000, ""num_replications"": 30, ""preemption_wait_time"": 20.0, ""prob_auto_to_manual"": 0.8, ""rack_size"": 8, ""random_failure_rate"": 1.388888888888889e-05, ""recovery_time"": 60.0, ""relative_accuracy"": 0.05, ""seed"": 42, ""spare_pool_size"": 200, ""systematic_failure_fraction"": 0.08, ""systematic_failure_rate_multiplier"": 5.0, ""warm_standbys"": 16, ""weibull_shape"": 1.0, ""working_pool_size"": 4600}"
da28d045aeb687e2f7991924bb1c67e7501cd076,2d_heatmap_sweep.py,Random+NeverRemove,DefaultHostSelection(),NeverRemove(),49,7,1890.2499999999989,0.17775426530882163,1554,1163,391,1554,1248,450,1104,142,305,1107,0,0,0,5,0,0,369,289.76582278481015,221,256.88607594936707,316,1.32,"{""adaptive_replications"": false, ""auto_repair_fail_prob"": 0.6, ""auto_repair_time"": 120.0, ""bad_server_regen_interval"": 43200, ""bad_server_regeneration"": false, ""confidence_level"": 0.95, ""diagnosis_probability"": 1.0, ""diagnosis_uncertainty"": 0.0, ""enable_topology"": false, ""failure_distribution"": ""exponential"", ""host_selection_time"": 3.0, ""job_length"": 20160, ""job_size"": 4096, ""lognormal_sigma"": 1.0, ""manual_repair_fail_prob"": 0.75, ""manual_repair_time"": 2880.0, ""max_replications"": 1000, ""num_replications"": 30, ""preemption_wait_time"": 20.0, ""prob_auto_to_manual"": 0.8, ""rack_size"": 8, ""random_failure_rate"": 1.388888888888889e-05, ""recovery_time"": 60.0, ""relative_accuracy"": 0.05, ""seed"": 42, ""spare_pool_size"": 200, ""systematic_failure_fraction"": 0.08, ""systematic_failure_rate_multiplier"": 5.0, ""warm_standbys"": 16, ""weibull_shape"": 1.0, ""working_pool_size"": 4600}"
da28d045aeb687e2f7991924bb1c67e7501cd076,2d_heatmap_sweep.py,Random+NeverRemove,DefaultHostSelection(),NeverRemove(),50,8,1842.3499999999979,0.18237577007626155,1506,1123,383,1506,1216,444,1062,145,313,1048,0,0,0,7,0,0,369,288.5357142857143,217,254.9512987012987,308,1.29,"{""adaptive_replications"": false, ""auto_repair_fail_prob"": 0.6, ""auto_repair_time"": 120.0, ""bad_server_regen_interval"": 43200, ""bad_server_regeneration"": false, ""confidence_level"": 0.95, ""diagnosis_probability"": 1.0, ""diagnosis_uncertainty"": 0.0, ""enable_topology"": false, ""failure_distribution"": ""exponential"", ""host_selection_time"": 3.0, ""job_length"": 20160, ""job_size"": 4096, ""lognormal_sigma"": 1.0, ""manual_repair_fail_prob"": 0.75, ""manual_repair_time"": 2880.0, ""max_replications"": 1000, ""num_replications"": 30, ""preemption_wait_time"": 20.0, ""prob_auto_to_manual"": 0.8, ""rack_size"": 8, ""random_failure_rate"": 1.388888888888889e-05, ""recovery_time"": 60.0, ""relative_accuracy"": 0.05, ""seed"": 42, ""spare_pool_size"": 200, ""systematic_failure_fraction"": 0.08, ""systematic_failure_rate_multiplier"": 5.0, ""warm_standbys"": 16, ""weibull_shape"": 1.0, ""working_pool_size"": 4600}"
da28d045aeb687e2f7991924bb1c67e7501cd076,2d_heatmap_sweep.py,Random+NeverRemove,DefaultHostSelection(),NeverRemove(),51,9,1865.3999999999994,0.18012222579607606,1529,1156,373,1529,1210,427,1102,131,309,1089,0,0,0,8,0,0,367,289.7041800643087,231,259.2636655948553,311,1.31,"{""adaptive_replications"": false, ""auto_repair_fail_prob"": 0.6, ""auto_repair_time"": 120.0, ""bad_server_regen_interval"": 43200, ""bad_server_regeneration"": false, ""confidence_level"": 0.95, ""diagnosis_probability"": 1.0, ""diagnosis_uncertainty"": 0.0, ""enable_topology"": false, ""failure_distribution"": ""exponential"", ""host_selection_time"": 3.0, ""job_length"": 20160, ""job_size"": 4096, ""lognormal_sigma"": 1.0, ""manual_repair_fail_prob"": 0.75, ""manual_repair_time"": 2880.0, ""max_replications"": 1000, ""num_replications"": 30, ""preemption_wait_time"": 20.0, ""prob_auto_to_manual"": 0.8, ""rack_size"": 8, ""random_failure_rate"": 1.388888888888889e-05, ""recovery_time"": 60.0, ""relative_accuracy"": 0.05, ""seed"": 42, ""spare_pool_size"": 200, ""systematic_failure_fraction"": 0.08, ""systematic_failure_rate_multiplier"": 5.0, ""warm_standbys"": 16, ""weibull_shape"": 1.0, ""working_pool_size"": 4600}"
da28d045aeb687e2f7991924bb1c67e7501cd076,2d_heatmap_sweep.py,Random+ScoredRemoval(SC_fast),DefaultHostSelection(),"ScoredRemoval(initial_score=100.0, failure_penalty=60.0, success_increment=5.0, time_period=1440, retirement_threshold=0.0)",42,0,1855.0000000000011,0.18113207547169832,1518,1159,359,1518,1215,405,1113,113,312,1093,0,272,0,20,0,0,369,265.9935483870968,160,241.01612903225808,310,1.64,"{""adaptive_replications"": false, ""auto_repair_fail_prob"": 0.6, ""auto_repair_time"": 120.0, ""bad_server_regen_interval"": 43200, ""bad_server_regeneration"": false, ""confidence_level"": 0.95, ""diagnosis_probability"": 1.0, ""diagnosis_uncertainty"": 0.0, ""enable_topology"": false, ""failure_distribution"": ""exponential"", ""host_selection_time"": 3.0, ""job_length"": 20160, ""job_size"": 4096, ""lognormal_sigma"": 1.0, ""manual_repair_fail_prob"": 0.75, ""manual_repair_time"": 2880.0, ""max_replications"": 1000, ""num_replications"": 30, ""preemption_wait_time"": 20.0, ""prob_auto_to_manual"": 0.8, ""rack_size"": 8, ""random_failure_rate"": 1.388888888888889e-05, ""recovery_time"": 60.0, ""relative_accuracy"": 0.05, ""seed"": 42, ""spare_pool_size"": 200, ""systematic_failure_fraction"": 0.08, ""systematic_failure_rate_multiplier"": 5.0, ""warm_standbys"": 16, ""weibull_shape"": 1.0, ""working_pool_size"": 4600}"
da28d045aeb687e2f7991924bb1c67e7501cd076,2d_heatmap_sweep.py,Random+ScoredRemoval(SC_fast),DefaultHostSelection(),"ScoredRemoval(initial_score=100.0, failure_penalty=60.0, success_increment=5.0, time_period=1440, retirement_threshold=0.0)",43,1,1799.9,0.18667703761320154,1463,1114,349,1463,1161,410,1053,112,288,1063,0,216,0,18,0,0,370,271.54,176,244.99,300,1.86,"{""adaptive_replications"": false, ""auto_repair_fail_prob"": 0.6, ""auto_repair_time"": 120.0, ""bad_server_regen_interval"": 43200, ""bad_server_regeneration"": false, ""confidence_level"": 0.95, ""diagnosis_probability"": 1.0, ""diagnosis_uncertainty"": 0.0, ""enable_topology"": false, ""failure_distribution"": ""exponential"", ""host_selection_time"": 3.0, ""job_length"": 20160, ""job_size"": 4096, ""lognormal_sigma"": 1.0, ""manual_repair_fail_prob"": 0.75, ""manual_repair_time"": 2880.0, ""max_replications"": 1000, ""num_replications"": 30, ""preemption_wait_time"": 20.0, ""prob_auto_to_manual"": 0.8, ""rack_size"": 8, ""random_failure_rate"": 1.388888888888889e-05, ""recovery_time"": 60.0, ""relative_accuracy"": 0.05, ""seed"": 42, ""spare_pool_size"": 200, ""systematic_failure_fraction"": 0.08, ""systematic_failure_rate_multiplier"": 5.0, ""warm_standbys"": 16, ""weibull_shape"": 1.0, ""working_pool_size"": 4600}"
da28d045aeb687e2f7991924bb1c67e7501cd076,2d_heatmap_sweep.py,Random+ScoredRemoval(SC_fast),DefaultHostSelection(),"ScoredRemoval(initial_score=100.0, failure_penalty=60.0, success_increment=5.0, time_period=1440, retirement_threshold=0.0)",44,2,1817.9500000000019,0.18482356500453795,1481,1139,342,1481,1201,422,1059,109,299,1073,0,237,0,19,0,0,366,269.54125412541254,179,245.86468646864685,303,1.86,"{""adaptive_replications"": false, ""auto_repair_fail_prob"": 0.6, ""auto_repair_time"": 120.0, ""bad_server_regen_interval"": 43200, ""bad_server_regeneration"": false, ""confidence_level"": 0.95, ""diagnosis_probability"": 1.0, ""diagnosis_uncertainty"": 0.0, ""enable_topology"": false, ""failure_distribution"": ""exponential"", ""host_selection_time"": 3.0, ""job_length"": 20160, ""job_size"": 4096, ""lognormal_sigma"": 1.0, ""manual_repair_fail_prob"": 0.75, ""manual_repair_time"": 2880.0, ""max_replications"": 1000, ""num_replications"": 30, ""preemption_wait_time"": 20.0, ""prob_auto_to_manual"": 0.8, ""rack_size"": 8, ""random_failure_rate"": 1.388888888888889e-05, ""recovery_time"": 60.0, ""relative_accuracy"": 0.05, ""seed"": 42, ""spare_pool_size"": 200, ""systematic_failure_fraction"": 0.08, ""systematic_failure_rate_multiplier"": 5.0, ""warm_standbys"": 16, ""weibull_shape"": 1.0, ""working_pool_size"": 4600}"
da28d045aeb687e2f7991924bb1c67e7501cd076,2d_heatmap_sweep.py,Random+ScoredRemoval(SC_fast),DefaultHostSelection(),"ScoredRemoval(initial_score=100.0, failure_penalty=60.0, success_increment=5.0, time_period=1440, retirement_threshold=0.0)",45,3,1834.9500000000019,0.1831112564375049,1498,1158,340,1498,1202,419,1079,112,293,1093,0,243,0,19,0,0,365,267.5326797385621,172,242.0359477124183,306,1.88,"{""adaptive_replications"": false, ""auto_repair_fail_prob"": 0.6, ""auto_repair_time"": 120.0, ""bad_server_regen_interval"": 43200, ""bad_server_regeneration"": false, ""confidence_level"": 0.95, ""diagnosis_probability"": 1.0, ""diagnosis_uncertainty"": 0.0, ""enable_topology"": false, ""failure_distribution"": ""exponential"", ""host_selection_time"": 3.0, ""job_length"": 20160, ""job_size"": 4096, ""lognormal_sigma"": 1.0, ""manual_repair_fail_prob"": 0.75, ""manual_repair_time"": 2880.0, ""max_replications"": 1000, ""num_replications"": 30, ""preemption_wait_time"": 20.0, ""prob_auto_to_manual"": 0.8, ""rack_size"": 8, ""random_failure_rate"": 1.388888888888889e-05, ""recovery_time"": 60.0, ""relative_accuracy"": 0.05, ""seed"": 42, ""spare_pool_size"": 200, ""systematic_failure_fraction"": 0.08, ""systematic_failure_rate_multiplier"": 5.0, ""warm_standbys"": 16, ""weibull_shape"": 1.0, ""working_pool_size"": 4600}"
da28d045aeb687e2f7991924bb1c67e7501cd076,2d_heatmap_sweep.py,Random+ScoredRemoval(SC_fast),DefaultHostSelection(),"ScoredRemoval(initial_score=100.0, failure_penalty=60.0, success_increment=5.0, time_period=1440, retirement_threshold=0.0)",46,4,1815.8999999999985,0.18503221543036585,1479,1153,326,1479,1176,446,1033,124,290,1065,0,232,0,18,0,0,367,259.32343234323434,153,234.36303630363037,303,1.89,"{""adaptive_replications"": false, ""auto_repair_fail_prob"": 0.6, ""auto_repair_time"": 120.0, ""bad_server_regen_interval"": 43200, ""bad_server_regeneration"": false, ""confidence_level"": 0.95, ""diagnosis_probability"": 1.0, ""diagnosis_uncertainty"": 0.0, ""enable_topology"": false, ""failure_distribution"": ""exponential"", ""host_selection_time"": 3.0, ""job_length"": 20160, ""job_size"": 4096, ""lognormal_sigma"": 1.0, ""manual_repair_fail_prob"": 0.75, ""manual_repair_time"": 2880.0, ""max_replications"": 1000, ""num_replications"": 30, ""preemption_wait_time"": 20.0, ""prob_auto_to_manual"": 0.8, ""rack_size"": 8, ""random_failure_rate"": 1.388888888888889e-05, ""recovery_time"": 60.0, ""relative_accuracy"": 0.05, ""seed"": 42, ""spare_pool_size"": 200, ""systematic_failure_fraction"": 0.08, ""systematic_failure_rate_multiplier"": 5.0, ""warm_standbys"": 16, ""weibull_shape"": 1.0, ""working_pool_size"": 4600}"
da28d045aeb687e2f7991924bb1c67e7501cd076,2d_heatmap_sweep.py,Random+ScoredRemoval(SC_fast),DefaultHostSelection(),"ScoredRemoval(initial_score=100.0, failure_penalty=60.0, success_increment=5.0, time_period=1440, retirement_threshold=0.0)",47,5,1824.999999999996,0.18410958904109614,1488,1157,331,1488,1160,408,1080,116,291,1081,0,244,0,20,0,0,364,264.0950819672131,158,240.30819672131148,305,1.87,"{""adaptive_replications"": false, ""auto_repair_fail_prob"": 0.6, ""auto_repair_time"": 120.0, ""bad_server_regen_interval"": 43200, ""bad_server_regeneration"": false, ""confidence_level"": 0.95, ""diagnosis_probability"": 1.0, ""diagnosis_uncertainty"": 0.0, ""enable_topology"": false, ""failure_distribution"": ""exponential"", ""host_selection_time"": 3.0, ""job_length"": 20160, ""job_size"": 4096, ""lognormal_sigma"": 1.0, ""manual_repair_fail_prob"": 0.75, ""manual_repair_time"": 2880.0, ""max_replications"": 1000, ""num_replications"": 30, ""preemption_wait_time"": 20.0, ""prob_auto_to_manual"": 0.8, ""rack_size"": 8, ""random_failure_rate"": 1.388888888888889e-05, ""recovery_time"": 60.0, ""relative_accuracy"": 0.05, ""seed"": 42, ""spare_pool_size"": 200, ""systematic_failure_fraction"": 0.08, ""systematic_failure_rate_multiplier"": 5.0, ""warm_standbys"": 16, ""weibull_shape"": 1.0, ""working_pool_size"": 4600}"
da28d045aeb687e2f7991924bb1c67e7501cd076,2d_heatmap_sweep.py,Random+ScoredRemoval(SC_fast),DefaultHostSelection(),"ScoredRemoval(initial_score=100.0, failure_penalty=60.0, success_increment=5.0, time_period=1440, retirement_threshold=0.0)",48,6,1779.8999999999987,0.18877465026125104,1443,1111,332,1443,1169,374,1069,107,293,1043,0,220,0,18,0,0,365,267.2121212121212,173,241.3804713804714,297,1.81,"{""adaptive_replications"": false, ""auto_repair_fail_prob"": 0.6, ""auto_repair_time"": 120.0, ""bad_server_regen_interval"": 43200, ""bad_server_regeneration"": false, ""confidence_level"": 0.95, ""diagnosis_probability"": 1.0, ""diagnosis_uncertainty"": 0.0, ""enable_topology"": false, ""failure_distribution"": ""exponential"", ""host_selection_time"": 3.0, ""job_length"": 20160, ""job_size"": 4096, ""lognormal_sigma"": 1.0, ""manual_repair_fail_prob"": 0.75, ""manual_repair_time"": 2880.0, ""max_replications"": 1000, ""num_replications"": 30, ""preemption_wait_time"": 20.0, ""prob_auto_to_manual"": 0.8, ""rack_size"": 8, ""random_failure_rate"": 1.388888888888889e-05, ""recovery_time"": 60.0, ""relative_accuracy"": 0.05, ""seed"": 42, ""spare_pool_size"": 200, ""systematic_failure_fraction"": 0.08, ""systematic_failure_rate_multiplier"": 5.0, ""warm_standbys"": 16, ""weibull_shape"": 1.0, ""working_pool_size"": 4600}"
da28d045aeb687e2f7991924bb1c67e7501cd076,2d_heatmap_sweep.py,Random+ScoredRemoval(SC_fast),DefaultHostSelection(),"ScoredRemoval(initial_score=100.0, failure_penalty=60.0, success_increment=5.0, time_period=1440, retirement_threshold=0.0)",49,7,1882.9499999999978,0.17844339998406758,1546,1209,337,1546,1243,431,1115,104,295,1147,0,250,0,19,0,0,369,280.9140127388535,177,256.843949044586,314,1.92,"{""adaptive_replications"": false, ""auto_repair_fail_prob"": 0.6, ""auto_repair_time"": 120.0, ""bad_server_regen_interval"": 43200, ""bad_server_regeneration"": false, ""confidence_level"": 0.95, ""diagnosis_probability"": 1.0, ""diagnosis_uncertainty"": 0.0, ""enable_topology"": false, ""failure_distribution"": ""exponential"", ""host_selection_time"": 3.0, ""job_length"": 20160, ""job_size"": 4096, ""lognormal_sigma"": 1.0, ""manual_repair_fail_prob"": 0.75, ""manual_repair_time"": 2880.0, ""max_replications"": 1000, ""num_replications"": 30, ""preemption_wait_time"": 20.0, ""prob_auto_to_manual"": 0.8, ""rack_size"": 8, ""random_failure_rate"": 1.388888888888889e-05, ""recovery_time"": 60.0, ""relative_accuracy"": 0.05, ""seed"": 42, ""spare_pool_size"": 200, ""systematic_failure_fraction"": 0.08, ""systematic_failure_rate_multiplier"": 5.0, ""warm_standbys"": 16, ""weibull_shape"": 1.0, ""working_pool_size"": 4600}"
da28d045aeb687e2f7991924bb1c67e7501cd076,2d_heatmap_sweep.py,Random+ScoredRemoval(SC_fast),DefaultHostSelection(),"ScoredRemoval(initial_score=100.0, failure_penalty=60.0, success_increment=5.0, time_period=1440, retirement_threshold=0.0)",50,8,1752.9000000000003,0.19168235495464683,1416,1086,330,1416,1114,378,1038,104,292,1020,0,220,0,18,0,0,369,271.47098976109214,174,245.17064846416383,293,1.77,"{""adaptive_replications"": false, ""auto_repair_fail_prob"": 0.6, ""auto_repair_time"": 120.0, ""bad_server_regen_interval"": 43200, ""bad_server_regeneration"": false, ""confidence_level"": 0.95, ""diagnosis_probability"": 1.0, ""diagnosis_uncertainty"": 0.0, ""enable_topology"": false, ""failure_distribution"": ""exponential"", ""host_selection_time"": 3.0, ""job_length"": 20160, ""job_size"": 4096, ""lognormal_sigma"": 1.0, ""manual_repair_fail_prob"": 0.75, ""manual_repair_time"": 2880.0, ""max_replications"": 1000, ""num_replications"": 30, ""preemption_wait_time"": 20.0, ""prob_auto_to_manual"": 0.8, ""rack_size"": 8, ""random_failure_rate"": 1.388888888888889e-05, ""recovery_time"": 60.0, ""relative_accuracy"": 0.05, ""seed"": 42, ""spare_pool_size"": 200, ""systematic_failure_fraction"": 0.08, ""systematic_failure_rate_multiplier"": 5.0, ""warm_standbys"": 16, ""weibull_shape"": 1.0, ""working_pool_size"": 4600}"
da28d045aeb687e2f7991924bb1c67e7501cd076,2d_heatmap_sweep.py,Random+ScoredRemoval(SC_fast),DefaultHostSelection(),"ScoredRemoval(initial_score=100.0, failure_penalty=60.0, success_increment=5.0, time_period=1440, retirement_threshold=0.0)",51,9,1821.000000000002,0.1845140032948928,1484,1134,350,1484,1157,414,1070,115,303,1066,0,256,0,20,0,0,367,262.5131578947368,156,238.8453947368421,304,1.92,"{""adaptive_replications"": false, ""auto_repair_fail_prob"": 0.6, ""auto_repair_time"": 120.0, ""bad_server_regen_interval"": 43200, ""bad_server_regeneration"": false, ""confidence_level"": 0.95, ""diagnosis_probability"": 1.0, ""diagnosis_uncertainty"": 0.0, ""enable_topology"": false, ""failure_distribution"": ""exponential"", ""host_selection_time"": 3.0, ""job_length"": 20160, ""job_size"": 4096, ""lognormal_sigma"": 1.0, ""manual_repair_fail_prob"": 0.75, ""manual_repair_time"": 2880.0, ""max_replications"": 1000, ""num_replications"": 30, ""preemption_wait_time"": 20.0, ""prob_auto_to_manual"": 0.8, ""rack_size"": 8, ""random_failure_rate"": 1.388888888888889e-05, ""recovery_time"": 60.0, ""relative_accuracy"": 0.05, ""seed"": 42, ""spare_pool_size"": 200, ""systematic_failure_fraction"": 0.08, ""systematic_failure_rate_multiplier"": 5.0, ""warm_standbys"": 16, ""weibull_shape"": 1.0, ""working_pool_size"": 4600}"
da28d045aeb687e2f7991924bb1c67e7501cd076,2d_heatmap_sweep.py,FewestFailuresFirst+NeverRemove,FewestFailuresFirst(),NeverRemove(),42,0,1779.3499999999976,0.18883300081490437,1443,1136,307,1443,1177,383,1060,96,271,1076,0,0,0,7,0,0,369,308.9259259259259,271,227.9090909090909,297,1.17,"{""adaptive_replications"": false, ""auto_repair_fail_prob"": 0.6, ""auto_repair_time"": 120.0, ""bad_server_regen_interval"": 43200, ""bad_server_regeneration"": false, ""confidence_level"": 0.95, ""diagnosis_probability"": 1.0, ""diagnosis_uncertainty"": 0.0, ""enable_topology"": false, ""failure_distribution"": ""exponential"", ""host_selection_time"": 3.0, ""job_length"": 20160, ""job_size"": 4096, ""lognormal_sigma"": 1.0, ""manual_repair_fail_prob"": 0.75, ""manual_repair_time"": 2880.0, ""max_replications"": 1000, ""num_replications"": 30, ""preemption_wait_time"": 20.0, ""prob_auto_to_manual"": 0.8, ""rack_size"": 8, ""random_failure_rate"": 1.388888888888889e-05, ""recovery_time"": 60.0, ""relative_accuracy"": 0.05, ""seed"": 42, ""spare_pool_size"": 200, ""systematic_failure_fraction"": 0.08, ""systematic_failure_rate_multiplier"": 5.0, ""warm_standbys"": 16, ""weibull_shape"": 1.0, ""working_pool_size"": 4600}"
da28d045aeb687e2f7991924bb1c67e7501cd076,2d_heatmap_sweep.py,FewestFailuresFirst+NeverRemove,FewestFailuresFirst(),NeverRemove(),43,1,1833.300000000002,0.1832760595647191,1497,1167,330,1497,1197,430,1067,117,281,1099,0,0,0,6,0,0,370,297.3071895424837,249,220.23202614379085,306,1.29,"{""adaptive_replications"": false, ""auto_repair_fail_prob"": 0.6, ""auto_repair_time"": 120.0, ""bad_server_regen_interval"": 43200, ""bad_server_regeneration"": false, ""confidence_level"": 0.95, ""diagnosis_probability"": 1.0, ""diagnosis_uncertainty"": 0.0, ""enable_topology"": false, ""failure_distribution"": ""exponential"", ""host_selection_time"": 3.0, ""job_length"": 20160, ""job_size"": 4096, ""lognormal_sigma"": 1.0, ""manual_repair_fail_prob"": 0.75, ""manual_repair_time"": 2880.0, ""max_replications"": 1000, ""num_replications"": 30, ""preemption_wait_time"": 20.0, ""prob_auto_to_manual"": 0.8, ""rack_size"": 8, ""random_failure_rate"": 1.388888888888889e-05, ""recovery_time"": 60.0, ""relative_accuracy"": 0.05, ""seed"": 42, ""spare_pool_size"": 200, ""systematic_failure_fraction"": 0.08, ""systematic_failure_rate_multiplier"": 5.0, ""warm_standbys"": 16, ""weibull_shape"": 1.0, ""working_pool_size"": 4600}"
da28d045aeb687e2f7991924bb1c67e7501cd076,2d_heatmap_sweep.py,FewestFailuresFirst+NeverRemove,FewestFailuresFirst(),NeverRemove(),44,2,1819.2999999999972,0.18468641785302087,1483,1124,359,1483,1191,394,1089,104,309,1070,0,0,0,6,0,0,366,300.4243421052632,257,225.17434210526315,304,1.28,"{""adaptive_replications"": false, ""auto_repair_fail_prob"": 0.6, ""auto_repair_time"": 120.0, ""bad_server_regen_interval"": 43200, ""bad_server_regeneration"": false, ""confidence_level"": 0.95, ""diagnosis_probability"": 1.0, ""diagnosis_uncertainty"": 0.0, ""enable_topology"": false, ""failure_distribution"": ""exponential"", ""host_selection_time"": 3.0, ""job_length"": 20160, ""job_size"": 4096, ""lognormal_sigma"": 1.0, ""manual_repair_fail_prob"": 0.75, ""manual_repair_time"": 2880.0, ""max_replications"": 1000, ""num_replications"": 30, ""preemption_wait_time"": 20.0, ""prob_auto_to_manual"": 0.8, ""rack_size"": 8, ""random_failure_rate"": 1.388888888888889e-05, ""recovery_time"": 60.0, ""relative_accuracy"": 0.05, ""seed"": 42, ""spare_pool_size"": 200, ""systematic_failure_fraction"": 0.08, ""systematic_failure_rate_multiplier"": 5.0, ""warm_standbys"": 16, ""weibull_shape"": 1.0, ""working_pool_size"": 4600}"
da28d045aeb687e2f7991924bb1c67e7501cd076,2d_heatmap_sweep.py,FewestFailuresFirst+NeverRemove,FewestFailuresFirst(),NeverRemove(),45,3,1807.299999999996,0.1859126874342948,1471,1146,325,1471,1190,367,1104,97,300,1074,0,0,0,6,0,0,365,309.55298013245033,266,235.24172185430464,302,1.29,"{""adaptive_replications"": false, ""auto_repair_fail_prob"": 0.6, ""auto_repair_time"": 120.0, ""bad_server_regen_interval"": 43200, ""bad_server_regeneration"": false, ""confidence_level"": 0.95, ""diagnosis_probability"": 1.0, ""diagnosis_uncertainty"": 0.0, ""enable_topology"": false, ""failure_distribution"": ""exponential"", ""host_selection_time"": 3.0, ""job_length"": 20160, ""job_size"": 4096, ""lognormal_sigma"": 1.0, ""manual_repair_fail_prob"": 0.75, ""manual_repair_time"": 2880.0, ""max_replications"": 1000, ""num_replications"": 30, ""preemption_wait_time"": 20.0, ""prob_auto_to_manual"": 0.8, ""rack_size"": 8, ""random_failure_rate"": 1.388888888888889e-05, ""recovery_time"": 60.0, ""relative_accuracy"": 0.05, ""seed"": 42, ""spare_pool_size"": 200, ""systematic_failure_fraction"": 0.08, ""systematic_failure_rate_multiplier"": 5.0, ""warm_standbys"": 16, ""weibull_shape"": 1.0, ""working_pool_size"": 4600}"
da28d045aeb687e2f7991924bb1c67e7501cd076,2d_heatmap_sweep.py,FewestFailuresFirst+NeverRemove,FewestFailuresFirst(),NeverRemove(),46,4,1786.3,0.18809830375636802,1450,1137,313,1450,1177,393,1057,109,261,1080,0,0,0,6,0,0,367,299.1241610738255,251,221.1711409395973,298,1.28,"{""adaptive_replications"": false, ""auto_repair_fail_prob"": 0.6, ""auto_repair_time"": 120.0, ""bad_server_regen_interval"": 43200, ""bad_server_regeneration"": false, ""confidence_level"": 0.95, ""diagnosis_probability"": 1.0, ""diagnosis_uncertainty"": 0.0, ""enable_topology"": false, ""failure_distribution"": ""exponential"", ""host_selection_time"": 3.0, ""job_length"": 20160, ""job_size"": 4096, ""lognormal_sigma"": 1.0, ""manual_repair_fail_prob"": 0.75, ""manual_repair_time"": 2880.0, ""max_replications"": 1000, ""num_replications"": 30, ""preemption_wait_time"": 20.0, ""prob_auto_to_manual"": 0.8, ""rack_size"": 8, ""random_failure_rate"": 1.388888888888889e-05, ""recovery_time"": 60.0, ""relative_accuracy"": 0.05, ""seed"": 42, ""spare_pool_size"": 200, ""systematic_failure_fraction"": 0.08, ""systematic_failure_rate_multiplier"": 5.0, ""warm_standbys"": 16, ""weibull_shape"": 1.0, ""working_pool_size"": 4600}"
da28d045aeb687e2f7991924bb1c67e7501cd076,2d_heatmap_sweep.py,FewestFailuresFirst+NeverRemove,FewestFailuresFirst(),NeverRemove(),47,5,1804.2499999999964,0.18622696411251258,1468,1160,308,1468,1157,418,1050,109,271,1088,0,0,0,5,0,0,364,303.7607973421927,249,235.87375415282392,301,1.31,"{""adaptive_replications"": false, ""auto_repair_fail_prob"": 0.6, ""auto_repair_time"": 120.0, ""bad_server_regen_interval"": 43200, ""bad_server_regeneration"": false, ""confidence_level"": 0.95, ""diagnosis_probability"": 1.0, ""diagnosis_uncertainty"": 0.0, ""enable_topology"": false, ""failure_distribution"": ""exponential"", ""host_selection_time"": 3.0, ""job_length"": 20160, ""job_size"": 4096, ""lognormal_sigma"": 1.0, ""manual_repair_fail_prob"": 0.75, ""manual_repair_time"": 2880.0, ""max_replications"": 1000, ""num_replications"": 30, ""preemption_wait_time"": 20.0, ""prob_auto_to_manual"": 0.8, ""rack_size"": 8, ""random_failure_rate"": 1.388888888888889e-05, ""recovery_time"": 60.0, ""relative_accuracy"": 0.05, ""seed"": 42, ""spare_pool_size"": 200, ""systematic_failure_fraction"": 0.08, ""systematic_failure_rate_multiplier"": 5.0, ""warm_standbys"": 16, ""weibull_shape"": 1.0, ""working_pool_size"": 4600}"
da28d045aeb687e2f7991924bb1c67e7501cd076,2d_heatmap_sweep.py,FewestFailuresFirst+NeverRemove,FewestFailuresFirst(),NeverRemove(),48,6,1789.2999999999988,0.18778293187279954,1453,1133,320,1453,1180,394,1059,90,300,1063,0,0,0,6,0,0,365,314.16053511705684,269,234.20066889632108,299,1.3,"{""adaptive_replications"": false, ""auto_repair_fail_prob"": 0.6, ""auto_repair_time"": 120.0, ""bad_server_regen_interval"": 43200, ""bad_server_regeneration"": false, ""confidence_level"": 0.95, ""diagnosis_probability"": 1.0, ""diagnosis_uncertainty"": 0.0, ""enable_topology"": false, ""failure_distribution"": ""exponential"", ""host_selection_time"": 3.0, ""job_length"": 20160, ""job_size"": 4096, ""lognormal_sigma"": 1.0, ""manual_repair_fail_prob"": 0.75, ""manual_repair_time"": 2880.0, ""max_replications"": 1000, ""num_replications"": 30, ""preemption_wait_time"": 20.0, ""prob_auto_to_manual"": 0.8, ""rack_size"": 8, ""random_failure_rate"": 1.388888888888889e-05, ""recovery_time"": 60.0, ""relative_accuracy"": 0.05, ""seed"": 42, ""spare_pool_size"": 200, ""systematic_failure_fraction"": 0.08, ""systematic_failure_rate_multiplier"": 5.0, ""warm_standbys"": 16, ""weibull_shape"": 1.0, ""working_pool_size"": 4600}"
da28d045aeb687e2f7991924bb1c67e7501cd076,2d_heatmap_sweep.py,FewestFailuresFirst+NeverRemove,FewestFailuresFirst(),NeverRemove(),49,7,1800.25,0.1866407443410637,1464,1137,327,1464,1181,404,1060,100,292,1072,0,0,0,5,0,0,369,306.66112956810633,261,233.73089700996678,301,1.28,"{""adaptive_replications"": false, ""auto_repair_fail_prob"": 0.6, ""auto_repair_time"": 120.0, ""bad_server_regen_interval"": 43200, ""bad_server_regeneration"": false, ""confidence_level"": 0.95, ""diagnosis_probability"": 1.0, ""diagnosis_uncertainty"": 0.0, ""enable_topology"": false, ""failure_distribution"": ""exponential"", ""host_selection_time"": 3.0, ""job_length"": 20160, ""job_size"": 4096, ""lognormal_sigma"": 1.0, ""manual_repair_fail_prob"": 0.75, ""manual_repair_time"": 2880.0, ""max_replications"": 1000, ""num_replications"": 30, ""preemption_wait_time"": 20.0, ""prob_auto_to_manual"": 0.8, ""rack_size"": 8, ""random_failure_rate"": 1.388888888888889e-05, ""recovery_time"": 60.0, ""relative_accuracy"": 0.05, ""seed"": 42, ""spare_pool_size"": 200, ""systematic_failure_fraction"": 0.08, ""systematic_failure_rate_multiplier"": 5.0, ""warm_standbys"": 16, ""weibull_shape"": 1.0, ""working_pool_size"": 4600}"
da28d045aeb687e2f7991924bb1c67e7501cd076,2d_heatmap_sweep.py,FewestFailuresFirst+NeverRemove,FewestFailuresFirst(),NeverRemove(),50,8,1853.2000000000007,0.18130800777034325,1517,1161,356,1517,1216,416,1101,106,314,1097,0,0,0,4,0,0,369,306.3074433656958,257,249.14886731391584,309,1.36,"{""adaptive_replications"": false, ""auto_repair_fail_prob"": 0.6, ""auto_repair_time"": 120.0, ""bad_server_regen_interval"": 43200, ""bad_server_regeneration"": false, ""confidence_level"": 0.95, ""diagnosis_probability"": 1.0, ""diagnosis_uncertainty"": 0.0, ""enable_topology"": false, ""failure_distribution"": ""exponential"", ""host_selection_time"": 3.0, ""job_length"": 20160, ""job_size"": 4096, ""lognormal_sigma"": 1.0, ""manual_repair_fail_prob"": 0.75, ""manual_repair_time"": 2880.0, ""max_replications"": 1000, ""num_replications"": 30, ""preemption_wait_time"": 20.0, ""prob_auto_to_manual"": 0.8, ""rack_size"": 8, ""random_failure_rate"": 1.388888888888889e-05, ""recovery_time"": 60.0, ""relative_accuracy"": 0.05, ""seed"": 42, ""spare_pool_size"": 200, ""systematic_failure_fraction"": 0.08, ""systematic_failure_rate_multiplier"": 5.0, ""warm_standbys"": 16, ""weibull_shape"": 1.0, ""working_pool_size"": 4600}"
da28d045aeb687e2f7991924bb1c67e7501cd076,2d_heatmap_sweep.py,FewestFailuresFirst+NeverRemove,FewestFailuresFirst(),NeverRemove(),51,9,1807.2999999999997,0.18591268743429484,1471,1144,327,1471,1167,403,1068,105,281,1085,0,0,0,6,0,0,367,308.658940397351,257,225.3112582781457,302,1.33,"{""adaptive_replications"": false, ""auto_repair_fail_prob"": 0.6, ""auto_repair_time"": 120.0, ""bad_server_regen_interval"": 43200, ""bad_server_regeneration"": false, ""confidence_level"": 0.95, ""diagnosis_probability"": 1.0, ""diagnosis_uncertainty"": 0.0, ""enable_topology"": false, ""failure_distribution"": ""exponential"", ""host_selection_time"": 3.0, ""job_length"": 20160, ""job_size"": 4096, ""lognormal_sigma"": 1.0, ""manual_repair_fail_prob"": 0.75, ""manual_repair_time"": 2880.0, ""max_replications"": 1000, ""num_replications"": 30, ""preemption_wait_time"": 20.0, ""prob_auto_to_manual"": 0.8, ""rack_size"": 8, ""random_failure_rate"": 1.388888888888889e-05, ""recovery_time"": 60.0, ""relative_accuracy"": 0.05, ""seed"": 42, ""spare_pool_size"": 200, ""systematic_failure_fraction"": 0.08, ""systematic_failure_rate_multiplier"": 5.0, ""warm_standbys"": 16, ""weibull_shape"": 1.0, ""working_pool_size"": 4600}"
da28d045aeb687e2f7991924bb1c67e7501cd076,2d_heatmap_sweep.py,Random+NeverRemove,DefaultHostSelection(),NeverRemove(),42,0,1953.2999999999988,0.172016587313777,1617,1172,445,1617,1303,235,1382,74,463,1080,0,0,0,6,0,0,369,323.29447852760734,283,283.4049079754601,326,1.38,"{""adaptive_replications"": false, ""auto_repair_fail_prob"": 0.6, ""auto_repair_time"": 120.0, ""bad_server_regen_interval"": 43200, ""bad_server_regeneration"": false, ""confidence_level"": 0.95, ""diagnosis_probability"": 1.0, ""diagnosis_uncertainty"": 0.0, ""enable_topology"": false, ""failure_distribution"": ""exponential"", ""host_selection_time"": 3.0, ""job_length"": 20160, ""job_size"": 4096, ""lognormal_sigma"": 1.0, ""manual_repair_fail_prob"": 0.9, ""manual_repair_time"": 2880.0, ""max_replications"": 1000, ""num_replications"": 30, ""preemption_wait_time"": 20.0, ""prob_auto_to_manual"": 0.8, ""rack_size"": 8, ""random_failure_rate"": 1.388888888888889e-05, ""recovery_time"": 60.0, ""relative_accuracy"": 0.05, ""seed"": 42, ""spare_pool_size"": 200, ""systematic_failure_fraction"": 0.08, ""systematic_failure_rate_multiplier"": 5.0, ""warm_standbys"": 16, ""weibull_shape"": 1.0, ""working_pool_size"": 4600}"
da28d045aeb687e2f7991924bb1c67e7501cd076,2d_heatmap_sweep.py,Random+NeverRemove,DefaultHostSelection(),NeverRemove(),43,1,1869.2499999999995,0.17975123712719046,1533,1120,413,1533,1247,238,1295,76,409,1048,0,0,0,5,0,0,370,319.03846153846155,287,282.58012820512823,312,1.41,"{""adaptive_replications"": false, ""auto_repair_fail_prob"": 0.6, ""auto_repair_time"": 120.0, ""bad_server_regen_interval"": 43200, ""bad_server_regeneration"": false, ""confidence_level"": 0.95, ""diagnosis_probability"": 1.0, ""diagnosis_uncertainty"": 0.0, ""enable_topology"": false, ""failure_distribution"": ""exponential"", ""host_selection_time"": 3.0, ""job_length"": 20160, ""job_size"": 4096, ""lognormal_sigma"": 1.0, ""manual_repair_fail_prob"": 0.9, ""manual_repair_time"": 2880.0, ""max_replications"": 1000, ""num_replications"": 30, ""preemption_wait_time"": 20.0, ""prob_auto_to_manual"": 0.8, ""rack_size"": 8, ""random_failure_rate"": 1.388888888888889e-05, ""recovery_time"": 60.0, ""relative_accuracy"": 0.05, ""seed"": 42, ""spare_pool_size"": 200, ""systematic_failure_fraction"": 0.08, ""systematic_failure_rate_multiplier"": 5.0, ""warm_standbys"": 16, ""weibull_shape"": 1.0, ""working_pool_size"": 4600}"
da28d045aeb687e2f7991924bb1c67e7501cd076,2d_heatmap_sweep.py,Random+NeverRemove,DefaultHostSelection(),NeverRemove(),44,2,1850.2999999999993,0.18159217424201488,1514,1129,385,1514,1179,256,1258,79,390,1045,0,0,0,6,0,0,366,314.0485436893204,281,276.8349514563107,309,1.35,"{""adaptive_replications"": false, ""auto_repair_fail_prob"": 0.6, ""auto_repair_time"": 120.0, ""bad_server_regen_interval"": 43200, ""bad_server_regeneration"": false, ""confidence_level"": 0.95, ""diagnosis_probability"": 1.0, ""diagnosis_uncertainty"": 0.0, ""enable_topology"": false, ""failure_distribution"": ""exponential"", ""host_selection_time"": 3.0, ""job_length"": 20160, ""job_size"": 4096, ""lognormal_sigma"": 1.0, ""manual_repair_fail_prob"": 0.9, ""manual_repair_time"": 2880.0, ""max_replications"": 1000, ""num_replications"": 30, ""preemption_wait_time"": 20.0, ""prob_auto_to_manual"": 0.8, ""rack_size"": 8, ""random_failure_rate"": 1.388888888888889e-05, ""recovery_time"": 60.0, ""relative_accuracy"": 0.05, ""seed"": 42, ""spare_pool_size"": 200, ""systematic_failure_fraction"": 0.08, ""systematic_failure_rate_multiplier"": 5.0, ""warm_standbys"": 16, ""weibull_shape"": 1.0, ""working_pool_size"": 4600}"
da28d045aeb687e2f7991924bb1c67e7501cd076,2d_heatmap_sweep.py,Random+NeverRemove,DefaultHostSelection(),NeverRemove(),45,3,1817.2500000000027,0.18489475856376328,1481,1081,400,1481,1177,235,1246,72,394,1015,0,0,0,5,0,0,365,319.1716171617162,283,280.4983498349835,303,1.31,"{""adaptive_replications"": false, ""auto_repair_fail_prob"": 0.6, ""auto_repair_time"": 120.0, ""bad_server_regen_interval"": 43200, ""bad_server_regeneration"": false, ""confidence_level"": 0.95, ""diagnosis_probability"": 1.0, ""diagnosis_uncertainty"": 0.0, ""enable_topology"": false, ""failure_distribution"": ""exponential"", ""host_selection_time"": 3.0, ""job_length"": 20160, ""job_size"": 4096, ""lognormal_sigma"": 1.0, ""manual_repair_fail_prob"": 0.9, ""manual_repair_time"": 2880.0, ""max_replications"": 1000, ""num_replications"": 30, ""preemption_wait_time"": 20.0, ""prob_auto_to_manual"": 0.8, ""rack_size"": 8, ""random_failure_rate"": 1.388888888888889e-05, ""recovery_time"": 60.0, ""relative_accuracy"": 0.05, ""seed"": 42, ""spare_pool_size"": 200, ""systematic_failure_fraction"": 0.08, ""systematic_failure_rate_multiplier"": 5.0, ""warm_standbys"": 16, ""weibull_shape"": 1.0, ""working_pool_size"": 4600}"
da28d045aeb687e2f7991924bb1c67e7501cd076,2d_heatmap_sweep.py,Random+NeverRemove,DefaultHostSelection(),NeverRemove(),46,4,1868.3000000000009,0.1798426376920196,1532,1110,422,1532,1213,267,1265,78,429,1025,0,0,0,6,0,0,367,322.15705128205127,281,285.49038461538464,312,1.32,"{""adaptive_replications"": false, ""auto_repair_fail_prob"": 0.6, ""auto_repair_time"": 120.0, ""bad_server_regen_interval"": 43200, ""bad_server_regeneration"": false, ""confidence_level"": 0.95, ""diagnosis_probability"": 1.0, ""diagnosis_uncertainty"": 0.0, ""enable_topology"": false, ""failure_distribution"": ""exponential"", ""host_selection_time"": 3.0, ""job_length"": 20160, ""job_size"": 4096, ""lognormal_sigma"": 1.0, ""manual_repair_fail_prob"": 0.9, ""manual_repair_time"": 2880.0, ""max_replications"": 1000, ""num_replications"": 30, ""preemption_wait_time"": 20.0, ""prob_auto_to_manual"": 0.8, ""rack_size"": 8, ""random_failure_rate"": 1.388888888888889e-05, ""recovery_time"": 60.0, ""relative_accuracy"": 0.05, ""seed"": 42, ""spare_pool_size"": 200, ""systematic_failure_fraction"": 0.08, ""systematic_failure_rate_multiplier"": 5.0, ""warm_standbys"": 16, ""weibull_shape"": 1.0, ""working_pool_size"": 4600}"
da28d045aeb687e2f7991924bb1c67e7501cd076,2d_heatmap_sweep.py,Random+NeverRemove,DefaultHostSelection(),NeverRemove(),47,5,1931.4499999999996,0.17396256698335405,1595,1193,402,1595,1254,234,1361,69,404,1122,0,0,0,9,0,0,364,321.0496894409938,284,288.01863354037266,322,1.35,"{""adaptive_replications"": false, ""auto_repair_fail_prob"": 0.6, ""auto_repair_time"": 120.0, ""bad_server_regen_interval"": 43200, ""bad_server_regeneration"": false, ""confidence_level"": 0.95, ""diagnosis_probability"": 1.0, ""diagnosis_uncertainty"": 0.0, ""enable_topology"": false, ""failure_distribution"": ""exponential"", ""host_selection_time"": 3.0, ""job_length"": 20160, ""job_size"": 4096, ""lognormal_sigma"": 1.0, ""manual_repair_fail_prob"": 0.9, ""manual_repair_time"": 2880.0, ""max_replications"": 1000, ""num_replications"": 30, ""preemption_wait_time"": 20.0, ""prob_auto_to_manual"": 0.8, ""rack_size"": 8, ""random_failure_rate"": 1.388888888888889e-05, ""recovery_time"": 60.0, ""relative_accuracy"": 0.05, ""seed"": 42, ""spare_pool_size"": 200, ""systematic_failure_fraction"": 0.08, ""systematic_failure_rate_multiplier"": 5.0, ""warm_standbys"": 16, ""weibull_shape"": 1.0, ""working_pool_size"": 4600}"
da28d045aeb687e2f7991924bb1c67e7501cd076,2d_heatmap_sweep.py,Random+NeverRemove,DefaultHostSelection(),NeverRemove(),48,6,1851.2499999999989,0.1814989871708304,1515,1166,349,1515,1253,244,1271,72,351,1092,0,0,0,5,0,0,365,320.59223300970876,286,284.57928802589,309,1.29,"{""adaptive_replications"": false, ""auto_repair_fail_prob"": 0.6, ""auto_repair_time"": 120.0, ""bad_server_regen_interval"": 43200, ""bad_server_regeneration"": false, ""confidence_level"": 0.95, ""diagnosis_probability"": 1.0, ""diagnosis_uncertainty"": 0.0, ""enable_topology"": false, ""failure_distribution"": ""exponential"", ""host_selection_time"": 3.0, ""job_length"": 20160, ""job_size"": 4096, ""lognormal_sigma"": 1.0, ""manual_repair_fail_prob"": 0.9, ""manual_repair_time"": 2880.0, ""max_replications"": 1000, ""num_replications"": 30, ""preemption_wait_time"": 20.0, ""prob_auto_to_manual"": 0.8, ""rack_size"": 8, ""random_failure_rate"": 1.388888888888889e-05, ""recovery_time"": 60.0, ""relative_accuracy"": 0.05, ""seed"": 42, ""spare_pool_size"": 200, ""systematic_failure_fraction"": 0.08, ""systematic_failure_rate_multiplier"": 5.0, ""warm_standbys"": 16, ""weibull_shape"": 1.0, ""working_pool_size"": 4600}"
da28d045aeb687e2f7991924bb1c67e7501cd076,2d_heatmap_sweep.py,Random+NeverRemove,DefaultHostSelection(),NeverRemove(),49,7,1893.2499999999989,0.17747260002641002,1557,1170,387,1557,1250,257,1300,79,383,1095,0,0,0,5,0,0,369,323.5822784810127,283,285.99050632911394,316,1.36,"{""adaptive_replications"": false, ""auto_repair_fail_prob"": 0.6, ""auto_repair_time"": 120.0, ""bad_server_regen_interval"": 43200, ""bad_server_regeneration"": false, ""confidence_level"": 0.95, ""diagnosis_probability"": 1.0, ""diagnosis_uncertainty"": 0.0, ""enable_topology"": false, ""failure_distribution"": ""exponential"", ""host_selection_time"": 3.0, ""job_length"": 20160, ""job_size"": 4096, ""lognormal_sigma"": 1.0, ""manual_repair_fail_prob"": 0.9, ""manual_repair_time"": 2880.0, ""max_replications"": 1000, ""num_replications"": 30, ""preemption_wait_time"": 20.0, ""prob_auto_to_manual"": 0.8, ""rack_size"": 8, ""random_failure_rate"": 1.388888888888889e-05, ""recovery_time"": 60.0, ""relative_accuracy"": 0.05, ""seed"": 42, ""spare_pool_size"": 200, ""systematic_failure_fraction"": 0.08, ""systematic_failure_rate_multiplier"": 5.0, ""warm_standbys"": 16, ""weibull_shape"": 1.0, ""working_pool_size"": 4600}"
da28d045aeb687e2f7991924bb1c67e7501cd076,2d_heatmap_sweep.py,Random+NeverRemove,DefaultHostSelection(),NeverRemove(),50,8,1883.3000000000004,0.17841023734933378,1547,1140,407,1547,1253,216,1331,67,403,1077,0,0,0,6,0,0,369,326.2484076433121,297,284.1592356687898,314,1.39,"{""adaptive_replications"": false, ""auto_repair_fail_prob"": 0.6, ""auto_repair_time"": 120.0, ""bad_server_regen_interval"": 43200, ""bad_server_regeneration"": false, ""confidence_level"": 0.95, ""diagnosis_probability"": 1.0, ""diagnosis_uncertainty"": 0.0, ""enable_topology"": false, ""failure_distribution"": ""exponential"", ""host_selection_time"": 3.0, ""job_length"": 20160, ""job_size"": 4096, ""lognormal_sigma"": 1.0, ""manual_repair_fail_prob"": 0.9, ""manual_repair_time"": 2880.0, ""max_replications"": 1000, ""num_replications"": 30, ""preemption_wait_time"": 20.0, ""prob_auto_to_manual"": 0.8, ""rack_size"": 8, ""random_failure_rate"": 1.388888888888889e-05, ""recovery_time"": 60.0, ""relative_accuracy"": 0.05, ""seed"": 42, ""spare_pool_size"": 200, ""systematic_failure_fraction"": 0.08, ""systematic_failure_rate_multiplier"": 5.0, ""warm_standbys"": 16, ""weibull_shape"": 1.0, ""working_pool_size"": 4600}"
da28d045aeb687e2f7991924bb1c67e7501cd076,2d_heatmap_sweep.py,Random+NeverRemove,DefaultHostSelection(),NeverRemove(),51,9,1915.3000000000022,0.17542943664177854,1579,1158,421,1579,1265,266,1313,75,413,1091,0,0,0,6,0,0,367,317.215625,285,277.553125,320,1.36,"{""adaptive_replications"": false, ""auto_repair_fail_prob"": 0.6, ""auto_repair_time"": 120.0, ""bad_server_regen_interval"": 43200, ""bad_server_regeneration"": false, ""confidence_level"": 0.95, ""diagnosis_probability"": 1.0, ""diagnosis_uncertainty"": 0.0, ""enable_topology"": false, ""failure_distribution"": ""exponential"", ""host_selection_time"": 3.0, ""job_length"": 20160, ""job_size"": 4096, ""lognormal_sigma"": 1.0, ""manual_repair_fail_prob"": 0.9, ""manual_repair_time"": 2880.0, ""max_replications"": 1000, ""num_replications"": 30, ""preemption_wait_time"": 20.0, ""prob_auto_to_manual"": 0.8, ""rack_size"": 8, ""random_failure_rate"": 1.388888888888889e-05, ""recovery_time"": 60.0, ""relative_accuracy"": 0.05, ""seed"": 42, ""spare_pool_size"": 200, ""systematic_failure_fraction"": 0.08, ""systematic_failure_rate_multiplier"": 5.0, ""warm_standbys"": 16, ""weibull_shape"": 1.0, ""working_pool_size"": 4600}"
da28d045aeb687e2f7991924bb1c67e7501cd076,2d_heatmap_sweep.py,Random+ScoredRemoval(SC_fast),DefaultHostSelection(),"ScoredRemoval(initial_score=100.0, failure_penalty=60.0, success_increment=5.0, time_period=1440, retirement_threshold=0.0)",42,0,1892.0000000000032,0.17758985200845667,1555,1190,365,1555,1274,262,1293,71,369,1115,0,259,0,20,0,0,369,281.4177215189873,185,254.15822784810126,316,1.65,"{""adaptive_replications"": false, ""auto_repair_fail_prob"": 0.6, ""auto_repair_time"": 120.0, ""bad_server_regen_interval"": 43200, ""bad_server_regeneration"": false, ""confidence_level"": 0.95, ""diagnosis_probability"": 1.0, ""diagnosis_uncertainty"": 0.0, ""enable_topology"": false, ""failure_distribution"": ""exponential"", ""host_selection_time"": 3.0, ""job_length"": 20160, ""job_size"": 4096, ""lognormal_sigma"": 1.0, ""manual_repair_fail_prob"": 0.9, ""manual_repair_time"": 2880.0, ""max_replications"": 1000, ""num_replications"": 30, ""preemption_wait_time"": 20.0, ""prob_auto_to_manual"": 0.8, ""rack_size"": 8, ""random_failure_rate"": 1.388888888888889e-05, ""recovery_time"": 60.0, ""relative_accuracy"": 0.05, ""seed"": 42, ""spare_pool_size"": 200, ""systematic_failure_fraction"": 0.08, ""systematic_failure_rate_multiplier"": 5.0, ""warm_standbys"": 16, ""weibull_shape"": 1.0, ""working_pool_size"": 4600}"
da28d045aeb687e2f7991924bb1c67e7501cd076,2d_heatmap_sweep.py,Random+ScoredRemoval(SC_fast),DefaultHostSelection(),"ScoredRemoval(initial_score=100.0, failure_penalty=60.0, success_increment=5.0, time_period=1440, retirement_threshold=0.0)",43,1,1818.1000000000047,0.18480831637423684,1481,1121,360,1481,1188,240,1241,68,364,1049,0,279,0,22,0,0,370,278.1480263157895,183,252.32565789473685,304,1.9,"{""adaptive_replications"": false, ""auto_repair_fail_prob"": 0.6, ""auto_repair_time"": 120.0, ""bad_server_regen_interval"": 43200, ""bad_server_regeneration"": false, ""confidence_level"": 0.95, ""diagnosis_probability"": 1.0, ""diagnosis_uncertainty"": 0.0, ""enable_topology"": false, ""failure_distribution"": ""exponential"", ""host_selection_time"": 3.0, ""job_length"": 20160, ""job_size"": 4096, ""lognormal_sigma"": 1.0, ""manual_repair_fail_prob"": 0.9, ""manual_repair_time"": 2880.0, ""max_replications"": 1000, ""num_replications"": 30, ""preemption_wait_time"": 20.0, ""prob_auto_to_manual"": 0.8, ""rack_size"": 8, ""random_failure_rate"": 1.388888888888889e-05, ""recovery_time"": 60.0, ""relative_accuracy"": 0.05, ""seed"": 42, ""spare_pool_size"": 200, ""systematic_failure_fraction"": 0.08, ""systematic_failure_rate_multiplier"": 5.0, ""warm_standbys"": 16, ""weibull_shape"": 1.0, ""working_pool_size"": 4600}"
da28d045aeb687e2f7991924bb1c67e7501cd076,2d_heatmap_sweep.py,Random+ScoredRemoval(SC_fast),DefaultHostSelection(),"ScoredRemoval(initial_score=100.0, failure_penalty=60.0, success_increment=5.0, time_period=1440, retirement_threshold=0.0)",44,2,1834.000000000001,0.1832061068702286,1497,1145,352,1497,1218,226,1271,66,371,1060,0,263,0,20,0,0,366,282.30392156862746,172,257.56535947712416,306,1.92,"{""adaptive_replications"": false, ""auto_repair_fail_prob"": 0.6, ""auto_repair_time"": 120.0, ""bad_server_regen_interval"": 43200, ""bad_server_regeneration"": false, ""confidence_level"": 0.95, ""diagnosis_probability"": 1.0, ""diagnosis_uncertainty"": 0.0, ""enable_topology"": false, ""failure_distribution"": ""exponential"", ""host_selection_time"": 3.0, ""job_length"": 20160, ""job_size"": 4096, ""lognormal_sigma"": 1.0, ""manual_repair_fail_prob"": 0.9, ""manual_repair_time"": 2880.0, ""max_replications"": 1000, ""num_replications"": 30, ""preemption_wait_time"": 20.0, ""prob_auto_to_manual"": 0.8, ""rack_size"": 8, ""random_failure_rate"": 1.388888888888889e-05, ""recovery_time"": 60.0, ""relative_accuracy"": 0.05, ""seed"": 42, ""spare_pool_size"": 200, ""systematic_failure_fraction"": 0.08, ""systematic_failure_rate_multiplier"": 5.0, ""warm_standbys"": 16, ""weibull_shape"": 1.0, ""working_pool_size"": 4600}"
da28d045aeb687e2f7991924bb1c67e7501cd076,2d_heatmap_sweep.py,Random+ScoredRemoval(SC_fast),DefaultHostSelection(),"ScoredRemoval(initial_score=100.0, failure_penalty=60.0, success_increment=5.0, time_period=1440, retirement_threshold=0.0)",45,3,1859.0499999999963,0.18073747344073599,1522,1160,362,1522,1216,228,1294,56,387,1079,0,270,0,21,0,0,365,282.2064516129032,178,255.8516129032258,310,1.92,"{""adaptive_replications"": false, ""auto_repair_fail_prob"": 0.6, ""auto_repair_time"": 120.0, ""bad_server_regen_interval"": 43200, ""bad_server_regeneration"": false, ""confidence_level"": 0.95, ""diagnosis_probability"": 1.0, ""diagnosis_uncertainty"": 0.0, ""enable_topology"": false, ""failure_distribution"": ""exponential"", ""host_selection_time"": 3.0, ""job_length"": 20160, ""job_size"": 4096, ""lognormal_sigma"": 1.0, ""manual_repair_fail_prob"": 0.9, ""manual_repair_time"": 2880.0, ""max_replications"": 1000, ""num_replications"": 30, ""preemption_wait_time"": 20.0, ""prob_auto_to_manual"": 0.8, ""rack_size"": 8, ""random_failure_rate"": 1.388888888888889e-05, ""recovery_time"": 60.0, ""relative_accuracy"": 0.05, ""seed"": 42, ""spare_pool_size"": 200, ""systematic_failure_fraction"": 0.08, ""systematic_failure_rate_multiplier"": 5.0, ""warm_standbys"": 16, ""weibull_shape"": 1.0, ""working_pool_size"": 4600}"
da28d045aeb687e2f7991924bb1c67e7501cd076,2d_heatmap_sweep.py,Random+ScoredRemoval(SC_fast),DefaultHostSelection(),"ScoredRemoval(initial_score=100.0, failure_penalty=60.0, success_increment=5.0, time_period=1440, retirement_threshold=0.0)",46,4,1940.0999999999976,0.17318694912633403,1603,1225,378,1603,1273,251,1352,71,397,1135,0,291,0,22,0,0,367,278.6820987654321,172,254.23456790123456,324,2.09,"{""adaptive_replications"": false, ""auto_repair_fail_prob"": 0.6, ""auto_repair_time"": 120.0, ""bad_server_regen_interval"": 43200, ""bad_server_regeneration"": false, ""confidence_level"": 0.95, ""diagnosis_probability"": 1.0, ""diagnosis_uncertainty"": 0.0, ""enable_topology"": false, ""failure_distribution"": ""exponential"", ""host_selection_time"": 3.0, ""job_length"": 20160, ""job_size"": 4096, ""lognormal_sigma"": 1.0, ""manual_repair_fail_prob"": 0.9, ""manual_repair_time"": 2880.0, ""max_replications"": 1000, ""num_replications"": 30, ""preemption_wait_time"": 20.0, ""prob_auto_to_manual"": 0.8, ""rack_size"": 8, ""random_failure_rate"": 1.388888888888889e-05, ""recovery_time"": 60.0, ""relative_accuracy"": 0.05, ""seed"": 42, ""spare_pool_size"": 200, ""systematic_failure_fraction"": 0.08, ""systematic_failure_rate_multiplier"": 5.0, ""warm_standbys"": 16, ""weibull_shape"": 1.0, ""working_pool_size"": 4600}"
da28d045aeb687e2f7991924bb1c67e7501cd076,2d_heatmap_sweep.py,Random+ScoredRemoval(SC_fast),DefaultHostSelection(),"ScoredRemoval(initial_score=100.0, failure_penalty=60.0, success_increment=5.0, time_period=1440, retirement_threshold=0.0)",47,5,1813.9999999999964,0.18522601984564496,1477,1126,351,1477,1182,236,1241,72,345,1060,0,235,0,20,0,0,364,279.26402640264024,181,253.01980198019803,303,1.88,"{""adaptive_replications"": false, ""auto_repair_fail_prob"": 0.6, ""auto_repair_time"": 120.0, ""bad_server_regen_interval"": 43200, ""bad_server_regeneration"": false, ""confidence_level"": 0.95, ""diagnosis_probability"": 1.0, ""diagnosis_uncertainty"": 0.0, ""enable_topology"": false, ""failure_distribution"": ""exponential"", ""host_selection_time"": 3.0, ""job_length"": 20160, ""job_size"": 4096, ""lognormal_sigma"": 1.0, ""manual_repair_fail_prob"": 0.9, ""manual_repair_time"": 2880.0, ""max_replications"": 1000, ""num_replications"": 30, ""preemption_wait_time"": 20.0, ""prob_auto_to_manual"": 0.8, ""rack_size"": 8, ""random_failure_rate"": 1.388888888888889e-05, ""recovery_time"": 60.0, ""relative_accuracy"": 0.05, ""seed"": 42, ""spare_pool_size"": 200, ""systematic_failure_fraction"": 0.08, ""systematic_failure_rate_multiplier"": 5.0, ""warm_standbys"": 16, ""weibull_shape"": 1.0, ""working_pool_size"": 4600}"
da28d045aeb687e2f7991924bb1c67e7501cd076,2d_heatmap_sweep.py,Random+ScoredRemoval(SC_fast),DefaultHostSelection(),"ScoredRemoval(initial_score=100.0, failure_penalty=60.0, success_increment=5.0, time_period=1440, retirement_threshold=0.0)",48,6,1879.0000000000023,0.17881852048962157,1542,1161,381,1542,1229,256,1286,76,379,1087,0,265,0,20,0,0,365,271.671974522293,159,246.25477707006368,314,2.37,"{""adaptive_replications"": false, ""auto_repair_fail_prob"": 0.6, ""auto_repair_time"": 120.0, ""bad_server_regen_interval"": 43200, ""bad_server_regeneration"": false, ""confidence_level"": 0.95, ""diagnosis_probability"": 1.0, ""diagnosis_uncertainty"": 0.0, ""enable_topology"": false, ""failure_distribution"": ""exponential"", ""host_selection_time"": 3.0, ""job_length"": 20160, ""job_size"": 4096, ""lognormal_sigma"": 1.0, ""manual_repair_fail_prob"": 0.9, ""manual_repair_time"": 2880.0, ""max_replications"": 1000, ""num_replications"": 30, ""preemption_wait_time"": 20.0, ""prob_auto_to_manual"": 0.8, ""rack_size"": 8, ""random_failure_rate"": 1.388888888888889e-05, ""recovery_time"": 60.0, ""relative_accuracy"": 0.05, ""seed"": 42, ""spare_pool_size"": 200, ""systematic_failure_fraction"": 0.08, ""systematic_failure_rate_multiplier"": 5.0, ""warm_standbys"": 16, ""weibull_shape"": 1.0, ""working_pool_size"": 4600}"
da28d045aeb687e2f7991924bb1c67e7501cd076,2d_heatmap_sweep.py,Random+ScoredRemoval(SC_fast),DefaultHostSelection(),"ScoredRemoval(initial_score=100.0, failure_penalty=60.0, success_increment=5.0, time_period=1440, retirement_threshold=0.0)",49,7,1836.0499999999977,0.1830015522453094,1499,1123,376,1499,1186,237,1262,68,376,1055,0,256,0,21,0,0,369,276.185667752443,173,251.2084690553746,307,2.3,"{""adaptive_replications"": false, ""auto_repair_fail_prob"": 0.6, ""auto_repair_time"": 120.0, ""bad_server_regen_interval"": 43200, ""bad_server_regeneration"": false, ""confidence_level"": 0.95, ""diagnosis_probability"": 1.0, ""diagnosis_uncertainty"": 0.0, ""enable_topology"": false, ""failure_distribution"": ""exponential"", ""host_selection_time"": 3.0, ""job_length"": 20160, ""job_size"": 4096, ""lognormal_sigma"": 1.0, ""manual_repair_fail_prob"": 0.9, ""manual_repair_time"": 2880.0, ""max_replications"": 1000, ""num_replications"": 30, ""preemption_wait_time"": 20.0, ""prob_auto_to_manual"": 0.8, ""rack_size"": 8, ""random_failure_rate"": 1.388888888888889e-05, ""recovery_time"": 60.0, ""relative_accuracy"": 0.05, ""seed"": 42, ""spare_pool_size"": 200, ""systematic_failure_fraction"": 0.08, ""systematic_failure_rate_multiplier"": 5.0, ""warm_standbys"": 16, ""weibull_shape"": 1.0, ""working_pool_size"": 4600}"
da28d045aeb687e2f7991924bb1c67e7501cd076,2d_heatmap_sweep.py,Random+ScoredRemoval(SC_fast),DefaultHostSelection(),"ScoredRemoval(initial_score=100.0, failure_penalty=60.0, success_increment=5.0, time_period=1440, retirement_threshold=0.0)",50,8,1874.0999999999997,0.17928605730750705,1537,1173,364,1537,1230,257,1280,72,364,1101,0,274,0,22,0,0,369,280.8178913738019,179,255.3514376996805,313,2.02,"{""adaptive_replications"": false, ""auto_repair_fail_prob"": 0.6, ""auto_repair_time"": 120.0, ""bad_server_regen_interval"": 43200, ""bad_server_regeneration"": false, ""confidence_level"": 0.95, ""diagnosis_probability"": 1.0, ""diagnosis_uncertainty"": 0.0, ""enable_topology"": false, ""failure_distribution"": ""exponential"", ""host_selection_time"": 3.0, ""job_length"": 20160, ""job_size"": 4096, ""lognormal_sigma"": 1.0, ""manual_repair_fail_prob"": 0.9, ""manual_repair_time"": 2880.0, ""max_replications"": 1000, ""num_replications"": 30, ""preemption_wait_time"": 20.0, ""prob_auto_to_manual"": 0.8, ""rack_size"": 8, ""random_failure_rate"": 1.388888888888889e-05, ""recovery_time"": 60.0, ""relative_accuracy"": 0.05, ""seed"": 42, ""spare_pool_size"": 200, ""systematic_failure_fraction"": 0.08, ""systematic_failure_rate_multiplier"": 5.0, ""warm_standbys"": 16, ""weibull_shape"": 1.0, ""working_pool_size"": 4600}"
da28d045aeb687e2f7991924bb1c67e7501cd076,2d_heatmap_sweep.py,Random+ScoredRemoval(SC_fast),DefaultHostSelection(),"ScoredRemoval(initial_score=100.0, failure_penalty=60.0, success_increment=5.0, time_period=1440, retirement_threshold=0.0)",51,9,1835.9999999999989,0.18300653594771263,1499,1147,352,1499,1195,245,1254,73,353,1073,0,247,0,20,0,0,367,279.11764705882354,190,252.6764705882353,306,1.96,"{""adaptive_replications"": false, ""auto_repair_fail_prob"": 0.6, ""auto_repair_time"": 120.0, ""bad_server_regen_interval"": 43200, ""bad_server_regeneration"": false, ""confidence_level"": 0.95, ""diagnosis_probability"": 1.0, ""diagnosis_uncertainty"": 0.0, ""enable_topology"": false, ""failure_distribution"": ""exponential"", ""host_selection_time"": 3.0, ""job_length"": 20160, ""job_size"": 4096, ""lognormal_sigma"": 1.0, ""manual_repair_fail_prob"": 0.9, ""manual_repair_time"": 2880.0, ""max_replications"": 1000, ""num_replications"": 30, ""preemption_wait_time"": 20.0, ""prob_auto_to_manual"": 0.8, ""rack_size"": 8, ""random_failure_rate"": 1.388888888888889e-05, ""recovery_time"": 60.0, ""relative_accuracy"": 0.05, ""seed"": 42, ""spare_pool_size"": 200, ""systematic_failure_fraction"": 0.08, ""systematic_failure_rate_multiplier"": 5.0, ""warm_standbys"": 16, ""weibull_shape"": 1.0, ""working_pool_size"": 4600}"
da28d045aeb687e2f7991924bb1c67e7501cd076,2d_heatmap_sweep.py,FewestFailuresFirst+NeverRemove,FewestFailuresFirst(),NeverRemove(),42,0,1721.3000000000006,0.1952013013420088,1385,1070,315,1385,1123,222,1163,59,327,999,0,0,0,6,0,0,369,330.89547038327527,302,244.6341463414634,287,1.16,"{""adaptive_replications"": false, ""auto_repair_fail_prob"": 0.6, ""auto_repair_time"": 120.0, ""bad_server_regen_interval"": 43200, ""bad_server_regeneration"": false, ""confidence_level"": 0.95, ""diagnosis_probability"": 1.0, ""diagnosis_uncertainty"": 0.0, ""enable_topology"": false, ""failure_distribution"": ""exponential"", ""host_selection_time"": 3.0, ""job_length"": 20160, ""job_size"": 4096, ""lognormal_sigma"": 1.0, ""manual_repair_fail_prob"": 0.9, ""manual_repair_time"": 2880.0, ""max_replications"": 1000, ""num_replications"": 30, ""preemption_wait_time"": 20.0, ""prob_auto_to_manual"": 0.8, ""rack_size"": 8, ""random_failure_rate"": 1.388888888888889e-05, ""recovery_time"": 60.0, ""relative_accuracy"": 0.05, ""seed"": 42, ""spare_pool_size"": 200, ""systematic_failure_fraction"": 0.08, ""systematic_failure_rate_multiplier"": 5.0, ""warm_standbys"": 16, ""weibull_shape"": 1.0, ""working_pool_size"": 4600}"
da28d045aeb687e2f7991924bb1c67e7501cd076,2d_heatmap_sweep.py,FewestFailuresFirst+NeverRemove,FewestFailuresFirst(),NeverRemove(),43,1,1871.250000000002,0.1795591182364726,1535,1167,368,1535,1207,227,1308,67,367,1101,0,0,0,5,0,0,370,322.7916666666667,296,249.31730769230768,312,1.33,"{""adaptive_replications"": false, ""auto_repair_fail_prob"": 0.6, ""auto_repair_time"": 120.0, ""bad_server_regen_interval"": 43200, ""bad_server_regeneration"": false, ""confidence_level"": 0.95, ""diagnosis_probability"": 1.0, ""diagnosis_uncertainty"": 0.0, ""enable_topology"": false, ""failure_distribution"": ""exponential"", ""host_selection_time"": 3.0, ""job_length"": 20160, ""job_size"": 4096, ""lognormal_sigma"": 1.0, ""manual_repair_fail_prob"": 0.9, ""manual_repair_time"": 2880.0, ""max_replications"": 1000, ""num_replications"": 30, ""preemption_wait_time"": 20.0, ""prob_auto_to_manual"": 0.8, ""rack_size"": 8, ""random_failure_rate"": 1.388888888888889e-05, ""recovery_time"": 60.0, ""relative_accuracy"": 0.05, ""seed"": 42, ""spare_pool_size"": 200, ""systematic_failure_fraction"": 0.08, ""systematic_failure_rate_multiplier"": 5.0, ""warm_standbys"": 16, ""weibull_shape"": 1.0, ""working_pool_size"": 4600}"
da28d045aeb687e2f7991924bb1c67e7501cd076,2d_heatmap_sweep.py,FewestFailuresFirst+NeverRemove,FewestFailuresFirst(),NeverRemove(),44,2,1752.3,0.19174798835815768,1416,1118,298,1416,1140,228,1188,57,308,1051,0,0,0,6,0,0,366,330.77133105802045,305,250.3174061433447,293,1.24,"{""adaptive_replications"": false, ""auto_repair_fail_prob"": 0.6, ""auto_repair_time"": 120.0, ""bad_server_regen_interval"": 43200, ""bad_server_regeneration"": false, ""confidence_level"": 0.95, ""diagnosis_probability"": 1.0, ""diagnosis_uncertainty"": 0.0, ""enable_topology"": false, ""failure_distribution"": ""exponential"", ""host_selection_time"": 3.0, ""job_length"": 20160, ""job_size"": 4096, ""lognormal_sigma"": 1.0, ""manual_repair_fail_prob"": 0.9, ""manual_repair_time"": 2880.0, ""max_replications"": 1000, ""num_replications"": 30, ""preemption_wait_time"": 20.0, ""prob_auto_to_manual"": 0.8, ""rack_size"": 8, ""random_failure_rate"": 1.388888888888889e-05, ""recovery_time"": 60.0, ""relative_accuracy"": 0.05, ""seed"": 42, ""spare_pool_size"": 200, ""systematic_failure_fraction"": 0.08, ""systematic_failure_rate_multiplier"": 5.0, ""warm_standbys"": 16, ""weibull_shape"": 1.0, ""working_pool_size"": 4600}"
da28d045aeb687e2f7991924bb1c67e7501cd076,2d_heatmap_sweep.py,FewestFailuresFirst+NeverRemove,FewestFailuresFirst(),NeverRemove(),45,3,1822.25,0.18438743311839742,1486,1160,326,1486,1171,231,1255,59,327,1100,0,0,0,5,0,0,365,326.8388157894737,301,247.39802631578948,304,1.3,"{""adaptive_replications"": false, ""auto_repair_fail_prob"": 0.6, ""auto_repair_time"": 120.0, ""bad_server_regen_interval"": 43200, ""bad_server_regeneration"": false, ""confidence_level"": 0.95, ""diagnosis_probability"": 1.0, ""diagnosis_uncertainty"": 0.0, ""enable_topology"": false, ""failure_distribution"": ""exponential"", ""host_selection_time"": 3.0, ""job_length"": 20160, ""job_size"": 4096, ""lognormal_sigma"": 1.0, ""manual_repair_fail_prob"": 0.9, ""manual_repair_time"": 2880.0, ""max_replications"": 1000, ""num_replications"": 30, ""preemption_wait_time"": 20.0, ""prob_auto_to_manual"": 0.8, ""rack_size"": 8, ""random_failure_rate"": 1.388888888888889e-05, ""recovery_time"": 60.0, ""relative_accuracy"": 0.05, ""seed"": 42, ""spare_pool_size"": 200, ""systematic_failure_fraction"": 0.08, ""systematic_failure_rate_multiplier"": 5.0, ""warm_standbys"": 16, ""weibull_shape"": 1.0, ""working_pool_size"": 4600}"
da28d045aeb687e2f7991924bb1c67e7501cd076,2d_heatmap_sweep.py,FewestFailuresFirst+NeverRemove,FewestFailuresFirst(),NeverRemove(),46,4,1875.2999999999981,0.17917133258678616,1539,1186,353,1539,1247,238,1301,65,352,1122,0,0,0,6,0,0,367,322.9776357827476,296,242.7891373801917,313,1.39,"{""adaptive_replications"": false, ""auto_repair_fail_prob"": 0.6, ""auto_repair_time"": 120.0, ""bad_server_regen_interval"": 43200, ""bad_server_regeneration"": false, ""confidence_level"": 0.95, ""diagnosis_probability"": 1.0, ""diagnosis_uncertainty"": 0.0, ""enable_topology"": false, ""failure_distribution"": ""exponential"", ""host_selection_time"": 3.0, ""job_length"": 20160, ""job_size"": 4096, ""lognormal_sigma"": 1.0, ""manual_repair_fail_prob"": 0.9, ""manual_repair_time"": 2880.0, ""max_replications"": 1000, ""num_replications"": 30, ""preemption_wait_time"": 20.0, ""prob_auto_to_manual"": 0.8, ""rack_size"": 8, ""random_failure_rate"": 1.388888888888889e-05, ""recovery_time"": 60.0, ""relative_accuracy"": 0.05, ""seed"": 42, ""spare_pool_size"": 200, ""systematic_failure_fraction"": 0.08, ""systematic_failure_rate_multiplier"": 5.0, ""warm_standbys"": 16, ""weibull_shape"": 1.0, ""working_pool_size"": 4600}"
da28d045aeb687e2f7991924bb1c67e7501cd076,2d_heatmap_sweep.py,FewestFailuresFirst+NeverRemove,FewestFailuresFirst(),NeverRemove(),47,5,1796.3499999999976,0.18704595429621237,1460,1107,353,1460,1212,246,1214,68,335,1057,0,0,0,7,0,0,364,325.67333333333335,288,239.78666666666666,300,1.38,"{""adaptive_replications"": false, ""auto_repair_fail_prob"": 0.6, ""auto_repair_time"": 120.0, ""bad_server_regen_interval"": 43200, ""bad_server_regeneration"": false, ""confidence_level"": 0.95, ""diagnosis_probability"": 1.0, ""diagnosis_uncertainty"": 0.0, ""enable_topology"": false, ""failure_distribution"": ""exponential"", ""host_selection_time"": 3.0, ""job_length"": 20160, ""job_size"": 4096, ""lognormal_sigma"": 1.0, ""manual_repair_fail_prob"": 0.9, ""manual_repair_time"": 2880.0, ""max_replications"": 1000, ""num_replications"": 30, ""preemption_wait_time"": 20.0, ""prob_auto_to_manual"": 0.8, ""rack_size"": 8, ""random_failure_rate"": 1.388888888888889e-05, ""recovery_time"": 60.0, ""relative_accuracy"": 0.05, ""seed"": 42, ""spare_pool_size"": 200, ""systematic_failure_fraction"": 0.08, ""systematic_failure_rate_multiplier"": 5.0, ""warm_standbys"": 16, ""weibull_shape"": 1.0, ""working_pool_size"": 4600}"
da28d045aeb687e2f7991924bb1c67e7501cd076,2d_heatmap_sweep.py,FewestFailuresFirst+NeverRemove,FewestFailuresFirst(),NeverRemove(),48,6,1878.4000000000003,0.1788756388415679,1542,1203,339,1542,1228,226,1316,57,346,1139,0,0,0,8,0,0,365,325.97133757961785,299,235.37261146496814,314,1.41,"{""adaptive_replications"": false, ""auto_repair_fail_prob"": 0.6, ""auto_repair_time"": 120.0, ""bad_server_regen_interval"": 43200, ""bad_server_regeneration"": false, ""confidence_level"": 0.95, ""diagnosis_probability"": 1.0, ""diagnosis_uncertainty"": 0.0, ""enable_topology"": false, ""failure_distribution"": ""exponential"", ""host_selection_time"": 3.0, ""job_length"": 20160, ""job_size"": 4096, ""lognormal_sigma"": 1.0, ""manual_repair_fail_prob"": 0.9, ""manual_repair_time"": 2880.0, ""max_replications"": 1000, ""num_replications"": 30, ""preemption_wait_time"": 20.0, ""prob_auto_to_manual"": 0.8, ""rack_size"": 8, ""random_failure_rate"": 1.388888888888889e-05, ""recovery_time"": 60.0, ""relative_accuracy"": 0.05, ""seed"": 42, ""spare_pool_size"": 200, ""systematic_failure_fraction"": 0.08, ""systematic_failure_rate_multiplier"": 5.0, ""warm_standbys"": 16, ""weibull_shape"": 1.0, ""working_pool_size"": 4600}"
da28d045aeb687e2f7991924bb1c67e7501cd076,2d_heatmap_sweep.py,FewestFailuresFirst+NeverRemove,FewestFailuresFirst(),NeverRemove(),49,7,1840.2499999999993,0.1825838880586879,1504,1165,339,1504,1208,237,1267,65,346,1093,0,0,0,5,0,0,369,323.02605863192184,299,232.24755700325733,307,1.34,"{""adaptive_replications"": false, ""auto_repair_fail_prob"": 0.6, ""auto_repair_time"": 120.0, ""bad_server_regen_interval"": 43200, ""bad_server_regeneration"": false, ""confidence_level"": 0.95, ""diagnosis_probability"": 1.0, ""diagnosis_uncertainty"": 0.0, ""enable_topology"": false, ""failure_distribution"": ""exponential"", ""host_selection_time"": 3.0, ""job_length"": 20160, ""job_size"": 4096, ""lognormal_sigma"": 1.0, ""manual_repair_fail_prob"": 0.9, ""manual_repair_time"": 2880.0, ""max_replications"": 1000, ""num_replications"": 30, ""preemption_wait_time"": 20.0, ""prob_auto_to_manual"": 0.8, ""rack_size"": 8, ""random_failure_rate"": 1.388888888888889e-05, ""recovery_time"": 60.0, ""relative_accuracy"": 0.05, ""seed"": 42, ""spare_pool_size"": 200, ""systematic_failure_fraction"": 0.08, ""systematic_failure_rate_multiplier"": 5.0, ""warm_standbys"": 16, ""weibull_shape"": 1.0, ""working_pool_size"": 4600}"
da28d045aeb687e2f7991924bb1c67e7501cd076,2d_heatmap_sweep.py,FewestFailuresFirst+NeverRemove,FewestFailuresFirst(),NeverRemove(),50,8,1798.299999999997,0.18684312962242142,1462,1122,340,1462,1173,254,1208,74,328,1060,0,0,0,6,0,0,369,321.24666666666667,288,231.30666666666667,300,1.31,"{""adaptive_replications"": false, ""auto_repair_fail_prob"": 0.6, ""auto_repair_time"": 120.0, ""bad_server_regen_interval"": 43200, ""bad_server_regeneration"": false, ""confidence_level"": 0.95, ""diagnosis_probability"": 1.0, ""diagnosis_uncertainty"": 0.0, ""enable_topology"": false, ""failure_distribution"": ""exponential"", ""host_selection_time"": 3.0, ""job_length"": 20160, ""job_size"": 4096, ""lognormal_sigma"": 1.0, ""manual_repair_fail_prob"": 0.9, ""manual_repair_time"": 2880.0, ""max_replications"": 1000, ""num_replications"": 30, ""preemption_wait_time"": 20.0, ""prob_auto_to_manual"": 0.8, ""rack_size"": 8, ""random_failure_rate"": 1.388888888888889e-05, ""recovery_time"": 60.0, ""relative_accuracy"": 0.05, ""seed"": 42, ""spare_pool_size"": 200, ""systematic_failure_fraction"": 0.08, ""systematic_failure_rate_multiplier"": 5.0, ""warm_standbys"": 16, ""weibull_shape"": 1.0, ""working_pool_size"": 4600}"
da28d045aeb687e2f7991924bb1c67e7501cd076,2d_heatmap_sweep.py,FewestFailuresFirst+NeverRemove,FewestFailuresFirst(),NeverRemove(),51,9,1839.3000000000004,0.1826781927907355,1503,1159,344,1503,1203,227,1276,56,332,1115,0,0,0,6,0,0,367,332.72638436482083,302,239.88925081433226,307,1.35,"{""adaptive_replications"": false, ""auto_repair_fail_prob"": 0.6, ""auto_repair_time"": 120.0, ""bad_server_regen_interval"": 43200, ""bad_server_regeneration"": false, ""confidence_level"": 0.95, ""diagnosis_probability"": 1.0, ""diagnosis_uncertainty"": 0.0, ""enable_topology"": false, ""failure_distribution"": ""exponential"", ""host_selection_time"": 3.0, ""job_length"": 20160, ""job_size"": 4096, ""lognormal_sigma"": 1.0, ""manual_repair_fail_prob"": 0.9, ""manual_repair_time"": 2880.0, ""max_replications"": 1000, ""num_replications"": 30, ""preemption_wait_time"": 20.0, ""prob_auto_to_manual"": 0.8, ""rack_size"": 8, ""random_failure_rate"": 1.388888888888889e-05, ""recovery_time"": 60.0, ""relative_accuracy"": 0.05, ""seed"": 42, ""spare_pool_size"": 200, ""systematic_failure_fraction"": 0.08, ""systematic_failure_rate_multiplier"": 5.0, ""warm_standbys"": 16, ""weibull_shape"": 1.0, ""working_pool_size"": 4600}"
da28d045aeb687e2f7991924bb1c67e7501cd076,2d_heatmap_sweep.py,Random+NeverRemove,DefaultHostSelection(),NeverRemove(),42,0,1850.3000000000006,0.1815921742420147,1514,1120,394,1514,1234,1103,411,312,115,1087,0,0,0,6,0,0,369,170.31391585760517,57,146.57928802588998,309,1.26,"{""adaptive_replications"": false, ""auto_repair_fail_prob"": 0.6, ""auto_repair_time"": 120.0, ""bad_server_regen_interval"": 43200, ""bad_server_regeneration"": false, ""confidence_level"": 0.95, ""diagnosis_probability"": 1.0, ""diagnosis_uncertainty"": 0.0, ""enable_topology"": false, ""failure_distribution"": ""exponential"", ""host_selection_time"": 3.0, ""job_length"": 20160, ""job_size"": 4096, ""lognormal_sigma"": 1.0, ""manual_repair_fail_prob"": 0.2, ""manual_repair_time"": 2880.0, ""max_replications"": 1000, ""num_replications"": 30, ""preemption_wait_time"": 20.0, ""prob_auto_to_manual"": 0.8, ""rack_size"": 8, ""random_failure_rate"": 1.388888888888889e-05, ""recovery_time"": 60.0, ""relative_accuracy"": 0.05, ""seed"": 42, ""spare_pool_size"": 200, ""systematic_failure_fraction"": 0.08, ""systematic_failure_rate_multiplier"": 10.0, ""warm_standbys"": 16, ""weibull_shape"": 1.0, ""working_pool_size"": 4600}"
da28d045aeb687e2f7991924bb1c67e7501cd076,2d_heatmap_sweep.py,Random+NeverRemove,DefaultHostSelection(),NeverRemove(),43,1,1890.3499999999979,0.17774486206258133,1554,1149,405,1554,1263,1108,446,308,138,1108,0,0,0,7,0,0,370,174.93987341772151,62,154.27215189873417,316,1.32,"{""adaptive_replications"": false, ""auto_repair_fail_prob"": 0.6, ""auto_repair_time"": 120.0, ""bad_server_regen_interval"": 43200, ""bad_server_regeneration"": false, ""confidence_level"": 0.95, ""diagnosis_probability"": 1.0, ""diagnosis_uncertainty"": 0.0, ""enable_topology"": false, ""failure_distribution"": ""exponential"", ""host_selection_time"": 3.0, ""job_length"": 20160, ""job_size"": 4096, ""lognormal_sigma"": 1.0, ""manual_repair_fail_prob"": 0.2, ""manual_repair_time"": 2880.0, ""max_replications"": 1000, ""num_replications"": 30, ""preemption_wait_time"": 20.0, ""prob_auto_to_manual"": 0.8, ""rack_size"": 8, ""random_failure_rate"": 1.388888888888889e-05, ""recovery_time"": 60.0, ""relative_accuracy"": 0.05, ""seed"": 42, ""spare_pool_size"": 200, ""systematic_failure_fraction"": 0.08, ""systematic_failure_rate_multiplier"": 10.0, ""warm_standbys"": 16, ""weibull_shape"": 1.0, ""working_pool_size"": 4600}"
da28d045aeb687e2f7991924bb1c67e7501cd076,2d_heatmap_sweep.py,Random+NeverRemove,DefaultHostSelection(),NeverRemove(),44,2,1889.2500000000014,0.17784835252084125,1553,1165,388,1553,1218,1098,455,304,125,1124,0,0,0,5,0,0,366,177.66349206349207,63,152.4031746031746,315,1.33,"{""adaptive_replications"": false, ""auto_repair_fail_prob"": 0.6, ""auto_repair_time"": 120.0, ""bad_server_regen_interval"": 43200, ""bad_server_regeneration"": false, ""confidence_level"": 0.95, ""diagnosis_probability"": 1.0, ""diagnosis_uncertainty"": 0.0, ""enable_topology"": false, ""failure_distribution"": ""exponential"", ""host_selection_time"": 3.0, ""job_length"": 20160, ""job_size"": 4096, ""lognormal_sigma"": 1.0, ""manual_repair_fail_prob"": 0.2, ""manual_repair_time"": 2880.0, ""max_replications"": 1000, ""num_replications"": 30, ""preemption_wait_time"": 20.0, ""prob_auto_to_manual"": 0.8, ""rack_size"": 8, ""random_failure_rate"": 1.388888888888889e-05, ""recovery_time"": 60.0, ""relative_accuracy"": 0.05, ""seed"": 42, ""spare_pool_size"": 200, ""systematic_failure_fraction"": 0.08, ""systematic_failure_rate_multiplier"": 10.0, ""warm_standbys"": 16, ""weibull_shape"": 1.0, ""working_pool_size"": 4600}"
da28d045aeb687e2f7991924bb1c67e7501cd076,2d_heatmap_sweep.py,Random+NeverRemove,DefaultHostSelection(),NeverRemove(),45,3,1854.2999999999968,0.18120045300113274,1518,1137,381,1518,1205,1097,421,306,121,1091,0,0,0,6,0,0,365,167.44838709677418,59,145.01612903225808,310,1.33,"{""adaptive_replications"": false, ""auto_repair_fail_prob"": 0.6, ""auto_repair_time"": 120.0, ""bad_server_regen_interval"": 43200, ""bad_server_regeneration"": false, ""confidence_level"": 0.95, ""diagnosis_probability"": 1.0, ""diagnosis_uncertainty"": 0.0, ""enable_topology"": false, ""failure_distribution"": ""exponential"", ""host_selection_time"": 3.0, ""job_length"": 20160, ""job_size"": 4096, ""lognormal_sigma"": 1.0, ""manual_repair_fail_prob"": 0.2, ""manual_repair_time"": 2880.0, ""max_replications"": 1000, ""num_replications"": 30, ""preemption_wait_time"": 20.0, ""prob_auto_to_manual"": 0.8, ""rack_size"": 8, ""random_failure_rate"": 1.388888888888889e-05, ""recovery_time"": 60.0, ""relative_accuracy"": 0.05, ""seed"": 42, ""spare_pool_size"": 200, ""systematic_failure_fraction"": 0.08, ""systematic_failure_rate_multiplier"": 10.0, ""warm_standbys"": 16, ""weibull_shape"": 1.0, ""working_pool_size"": 4600}"
da28d045aeb687e2f7991924bb1c67e7501cd076,2d_heatmap_sweep.py,Random+NeverRemove,DefaultHostSelection(),NeverRemove(),46,4,1902.2999999999988,0.17662829206749725,1566,1180,386,1566,1228,1137,429,321,106,1139,0,0,0,6,0,0,367,168.27987421383648,46,143.6069182389937,318,1.42,"{""adaptive_replications"": false, ""auto_repair_fail_prob"": 0.6, ""auto_repair_time"": 120.0, ""bad_server_regen_interval"": 43200, ""bad_server_regeneration"": false, ""confidence_level"": 0.95, ""diagnosis_probability"": 1.0, ""diagnosis_uncertainty"": 0.0, ""enable_topology"": false, ""failure_distribution"": ""exponential"", ""host_selection_time"": 3.0, ""job_length"": 20160, ""job_size"": 4096, ""lognormal_sigma"": 1.0, ""manual_repair_fail_prob"": 0.2, ""manual_repair_time"": 2880.0, ""max_replications"": 1000, ""num_replications"": 30, ""preemption_wait_time"": 20.0, ""prob_auto_to_manual"": 0.8, ""rack_size"": 8, ""random_failure_rate"": 1.388888888888889e-05, ""recovery_time"": 60.0, ""relative_accuracy"": 0.05, ""seed"": 42, ""spare_pool_size"": 200, ""systematic_failure_fraction"": 0.08, ""systematic_failure_rate_multiplier"": 10.0, ""warm_standbys"": 16, ""weibull_shape"": 1.0, ""working_pool_size"": 4600}"
da28d045aeb687e2f7991924bb1c67e7501cd076,2d_heatmap_sweep.py,Random+NeverRemove,DefaultHostSelection(),NeverRemove(),47,5,1877.3000000000004,0.17898045064720589,1541,1134,407,1541,1245,1101,440,316,130,1095,0,0,0,6,0,0,364,172.14376996805112,48,149.5143769968051,313,1.32,"{""adaptive_replications"": false, ""auto_repair_fail_prob"": 0.6, ""auto_repair_time"": 120.0, ""bad_server_regen_interval"": 43200, ""bad_server_regeneration"": false, ""confidence_level"": 0.95, ""diagnosis_probability"": 1.0, ""diagnosis_uncertainty"": 0.0, ""enable_topology"": false, ""failure_distribution"": ""exponential"", ""host_selection_time"": 3.0, ""job_length"": 20160, ""job_size"": 4096, ""lognormal_sigma"": 1.0, ""manual_repair_fail_prob"": 0.2, ""manual_repair_time"": 2880.0, ""max_replications"": 1000, ""num_replications"": 30, ""preemption_wait_time"": 20.0, ""prob_auto_to_manual"": 0.8, ""rack_size"": 8, ""random_failure_rate"": 1.388888888888889e-05, ""recovery_time"": 60.0, ""relative_accuracy"": 0.05, ""seed"": 42, ""spare_pool_size"": 200, ""systematic_failure_fraction"": 0.08, ""systematic_failure_rate_multiplier"": 10.0, ""warm_standbys"": 16, ""weibull_shape"": 1.0, ""working_pool_size"": 4600}"
da28d045aeb687e2f7991924bb1c67e7501cd076,2d_heatmap_sweep.py,Random+NeverRemove,DefaultHostSelection(),NeverRemove(),48,6,1873.2999999999997,0.1793626221107139,1537,1137,400,1537,1225,1093,444,319,123,1095,0,0,0,6,0,0,365,170.13418530351439,46,147.14376996805112,313,1.36,"{""adaptive_replications"": false, ""auto_repair_fail_prob"": 0.6, ""auto_repair_time"": 120.0, ""bad_server_regen_interval"": 43200, ""bad_server_regeneration"": false, ""confidence_level"": 0.95, ""diagnosis_probability"": 1.0, ""diagnosis_uncertainty"": 0.0, ""enable_topology"": false, ""failure_distribution"": ""exponential"", ""host_selection_time"": 3.0, ""job_length"": 20160, ""job_size"": 4096, ""lognormal_sigma"": 1.0, ""manual_repair_fail_prob"": 0.2, ""manual_repair_time"": 2880.0, ""max_replications"": 1000, ""num_replications"": 30, ""preemption_wait_time"": 20.0, ""prob_auto_to_manual"": 0.8, ""rack_size"": 8, ""random_failure_rate"": 1.388888888888889e-05, ""recovery_time"": 60.0, ""relative_accuracy"": 0.05, ""seed"": 42, ""spare_pool_size"": 200, ""systematic_failure_fraction"": 0.08, ""systematic_failure_rate_multiplier"": 10.0, ""warm_standbys"": 16, ""weibull_shape"": 1.0, ""working_pool_size"": 4600}"
da28d045aeb687e2f7991924bb1c67e7501cd076,2d_heatmap_sweep.py,Random+NeverRemove,DefaultHostSelection(),NeverRemove(),49,7,1877.25,0.17898521773871362,1541,1134,407,1541,1230,1109,432,322,122,1097,0,0,0,5,0,0,369,169.56549520766774,47,150.15654952076676,313,1.4,"{""adaptive_replications"": false, ""auto_repair_fail_prob"": 0.6, ""auto_repair_time"": 120.0, ""bad_server_regen_interval"": 43200, ""bad_server_regeneration"": false, ""confidence_level"": 0.95, ""diagnosis_probability"": 1.0, ""diagnosis_uncertainty"": 0.0, ""enable_topology"": false, ""failure_distribution"": ""exponential"", ""host_selection_time"": 3.0, ""job_length"": 20160, ""job_size"": 4096, ""lognormal_sigma"": 1.0, ""manual_repair_fail_prob"": 0.2, ""manual_repair_time"": 2880.0, ""max_replications"": 1000, ""num_replications"": 30, ""preemption_wait_time"": 20.0, ""prob_auto_to_manual"": 0.8, ""rack_size"": 8, ""random_failure_rate"": 1.388888888888889e-05, ""recovery_time"": 60.0, ""relative_accuracy"": 0.05, ""seed"": 42, ""spare_pool_size"": 200, ""systematic_failure_fraction"": 0.08, ""systematic_failure_rate_multiplier"": 10.0, ""warm_standbys"": 16, ""weibull_shape"": 1.0, ""working_pool_size"": 4600}"
da28d045aeb687e2f7991924bb1c67e7501cd076,2d_heatmap_sweep.py,Random+NeverRemove,DefaultHostSelection(),NeverRemove(),50,8,1950.3000000000034,0.17228118750961377,1614,1205,409,1614,1282,1162,452,310,128,1176,0,0,0,6,0,0,369,182.04907975460122,57,158.55828220858896,326,1.43,"{""adaptive_replications"": false, ""auto_repair_fail_prob"": 0.6, ""auto_repair_time"": 120.0, ""bad_server_regen_interval"": 43200, ""bad_server_regeneration"": false, ""confidence_level"": 0.95, ""diagnosis_probability"": 1.0, ""diagnosis_uncertainty"": 0.0, ""enable_topology"": false, ""failure_distribution"": ""exponential"", ""host_selection_time"": 3.0, ""job_length"": 20160, ""job_size"": 4096, ""lognormal_sigma"": 1.0, ""manual_repair_fail_prob"": 0.2, ""manual_repair_time"": 2880.0, ""max_replications"": 1000, ""num_replications"": 30, ""preemption_wait_time"": 20.0, ""prob_auto_to_manual"": 0.8, ""rack_size"": 8, ""random_failure_rate"": 1.388888888888889e-05, ""recovery_time"": 60.0, ""relative_accuracy"": 0.05, ""seed"": 42, ""spare_pool_size"": 200, ""systematic_failure_fraction"": 0.08, ""systematic_failure_rate_multiplier"": 10.0, ""warm_standbys"": 16, ""weibull_shape"": 1.0, ""working_pool_size"": 4600}"
da28d045aeb687e2f7991924bb1c67e7501cd076,2d_heatmap_sweep.py,Random+NeverRemove,DefaultHostSelection(),NeverRemove(),51,9,1891.3000000000002,0.1776555808174271,1555,1160,395,1555,1270,1137,418,320,115,1120,0,0,0,6,0,0,367,161.59493670886076,46,139.22151898734177,316,1.38,"{""adaptive_replications"": false, ""auto_repair_fail_prob"": 0.6, ""auto_repair_time"": 120.0, ""bad_server_regen_interval"": 43200, ""bad_server_regeneration"": false, ""confidence_level"": 0.95, ""diagnosis_probability"": 1.0, ""diagnosis_uncertainty"": 0.0, ""enable_topology"": false, ""failure_distribution"": ""exponential"", ""host_selection_time"": 3.0, ""job_length"": 20160, ""job_size"": 4096, ""lognormal_sigma"": 1.0, ""manual_repair_fail_prob"": 0.2, ""manual_repair_time"": 2880.0, ""max_replications"": 1000, ""num_replications"": 30, ""preemption_wait_time"": 20.0, ""prob_auto_to_manual"": 0.8, ""rack_size"": 8, ""random_failure_rate"": 1.388888888888889e-05, ""recovery_time"": 60.0, ""relative_accuracy"": 0.05, ""seed"": 42, ""spare_pool_size"": 200, ""systematic_failure_fraction"": 0.08, ""systematic_failure_rate_multiplier"": 10.0, ""warm_standbys"": 16, ""weibull_shape"": 1.0, ""working_pool_size"": 4600}"
da28d045aeb687e2f7991924bb1c67e7501cd076,2d_heatmap_sweep.py,Random+ScoredRemoval(SC_fast),DefaultHostSelection(),"ScoredRemoval(initial_score=100.0, failure_penalty=60.0, success_increment=5.0, time_period=1440, retirement_threshold=0.0)",42,0,1811.9000000000015,0.185440697610243,1475,1097,378,1475,1205,1076,399,308,117,1050,0,206,0,18,0,0,369,166.18543046357615,45,148.22185430463577,302,1.66,"{""adaptive_replications"": false, ""auto_repair_fail_prob"": 0.6, ""auto_repair_time"": 120.0, ""bad_server_regen_interval"": 43200, ""bad_server_regeneration"": false, ""confidence_level"": 0.95, ""diagnosis_probability"": 1.0, ""diagnosis_uncertainty"": 0.0, ""enable_topology"": false, ""failure_distribution"": ""exponential"", ""host_selection_time"": 3.0, ""job_length"": 20160, ""job_size"": 4096, ""lognormal_sigma"": 1.0, ""manual_repair_fail_prob"": 0.2, ""manual_repair_time"": 2880.0, ""max_replications"": 1000, ""num_replications"": 30, ""preemption_wait_time"": 20.0, ""prob_auto_to_manual"": 0.8, ""rack_size"": 8, ""random_failure_rate"": 1.388888888888889e-05, ""recovery_time"": 60.0, ""relative_accuracy"": 0.05, ""seed"": 42, ""spare_pool_size"": 200, ""systematic_failure_fraction"": 0.08, ""systematic_failure_rate_multiplier"": 10.0, ""warm_standbys"": 16, ""weibull_shape"": 1.0, ""working_pool_size"": 4600}"
da28d045aeb687e2f7991924bb1c67e7501cd076,2d_heatmap_sweep.py,Random+ScoredRemoval(SC_fast),DefaultHostSelection(),"ScoredRemoval(initial_score=100.0, failure_penalty=60.0, success_increment=5.0, time_period=1440, retirement_threshold=0.0)",43,1,1910.9500000000023,0.17582877626311513,1574,1177,397,1574,1241,1098,476,308,134,1132,0,234,0,19,0,0,370,160.68652037617554,36,143.64890282131663,319,2.07,"{""adaptive_replications"": false, ""auto_repair_fail_prob"": 0.6, ""auto_repair_time"": 120.0, ""bad_server_regen_interval"": 43200, ""bad_server_regeneration"": false, ""confidence_level"": 0.95, ""diagnosis_probability"": 1.0, ""diagnosis_uncertainty"": 0.0, ""enable_topology"": false, ""failure_distribution"": ""exponential"", ""host_selection_time"": 3.0, ""job_length"": 20160, ""job_size"": 4096, ""lognormal_sigma"": 1.0, ""manual_repair_fail_prob"": 0.2, ""manual_repair_time"": 2880.0, ""max_replications"": 1000, ""num_replications"": 30, ""preemption_wait_time"": 20.0, ""prob_auto_to_manual"": 0.8, ""rack_size"": 8, ""random_failure_rate"": 1.388888888888889e-05, ""recovery_time"": 60.0, ""relative_accuracy"": 0.05, ""seed"": 42, ""spare_pool_size"": 200, ""systematic_failure_fraction"": 0.08, ""systematic_failure_rate_multiplier"": 10.0, ""warm_standbys"": 16, ""weibull_shape"": 1.0, ""working_pool_size"": 4600}"
da28d045aeb687e2f7991924bb1c67e7501cd076,2d_heatmap_sweep.py,Random+ScoredRemoval(SC_fast),DefaultHostSelection(),"ScoredRemoval(initial_score=100.0, failure_penalty=60.0, success_increment=5.0, time_period=1440, retirement_threshold=0.0)",44,2,1873.9000000000015,0.179305192379529,1537,1155,382,1537,1206,1107,430,309,107,1121,0,243,0,18,0,0,366,165.49520766773162,38,147.59424920127796,313,2.05,"{""adaptive_replications"": false, ""auto_repair_fail_prob"": 0.6, ""auto_repair_time"": 120.0, ""bad_server_regen_interval"": 43200, ""bad_server_regeneration"": false, ""confidence_level"": 0.95, ""diagnosis_probability"": 1.0, ""diagnosis_uncertainty"": 0.0, ""enable_topology"": false, ""failure_distribution"": ""exponential"", ""host_selection_time"": 3.0, ""job_length"": 20160, ""job_size"": 4096, ""lognormal_sigma"": 1.0, ""manual_repair_fail_prob"": 0.2, ""manual_repair_time"": 2880.0, ""max_replications"": 1000, ""num_replications"": 30, ""preemption_wait_time"": 20.0, ""prob_auto_to_manual"": 0.8, ""rack_size"": 8, ""random_failure_rate"": 1.388888888888889e-05, ""recovery_time"": 60.0, ""relative_accuracy"": 0.05, ""seed"": 42, ""spare_pool_size"": 200, ""systematic_failure_fraction"": 0.08, ""systematic_failure_rate_multiplier"": 10.0, ""warm_standbys"": 16, ""weibull_shape"": 1.0, ""working_pool_size"": 4600}"
da28d045aeb687e2f7991924bb1c67e7501cd076,2d_heatmap_sweep.py,Random+ScoredRemoval(SC_fast),DefaultHostSelection(),"ScoredRemoval(initial_score=100.0, failure_penalty=60.0, success_increment=5.0, time_period=1440, retirement_threshold=0.0)",45,3,1895.9499999999978,0.1772198633930222,1559,1176,383,1559,1234,1115,444,303,134,1122,0,249,0,19,0,0,365,167.9905063291139,40,151.0727848101266,316,2.09,"{""adaptive_replications"": false, ""auto_repair_fail_prob"": 0.6, ""auto_repair_time"": 120.0, ""bad_server_regen_interval"": 43200, ""bad_server_regeneration"": false, ""confidence_level"": 0.95, ""diagnosis_probability"": 1.0, ""diagnosis_uncertainty"": 0.0, ""enable_topology"": false, ""failure_distribution"": ""exponential"", ""host_selection_time"": 3.0, ""job_length"": 20160, ""job_size"": 4096, ""lognormal_sigma"": 1.0, ""manual_repair_fail_prob"": 0.2, ""manual_repair_time"": 2880.0, ""max_replications"": 1000, ""num_replications"": 30, ""preemption_wait_time"": 20.0, ""prob_auto_to_manual"": 0.8, ""rack_size"": 8, ""random_failure_rate"": 1.388888888888889e-05, ""recovery_time"": 60.0, ""relative_accuracy"": 0.05, ""seed"": 42, ""spare_pool_size"": 200, ""systematic_failure_fraction"": 0.08, ""systematic_failure_rate_multiplier"": 10.0, ""warm_standbys"": 16, ""weibull_shape"": 1.0, ""working_pool_size"": 4600}"
da28d045aeb687e2f7991924bb1c67e7501cd076,2d_heatmap_sweep.py,Random+ScoredRemoval(SC_fast),DefaultHostSelection(),"ScoredRemoval(initial_score=100.0, failure_penalty=60.0, success_increment=5.0, time_period=1440, retirement_threshold=0.0)",46,4,1821.8499999999985,0.18442791667810277,1485,1108,377,1485,1169,1075,410,305,111,1069,0,217,0,17,0,0,367,163.21381578947367,41,144.92105263157896,304,1.98,"{""adaptive_replications"": false, ""auto_repair_fail_prob"": 0.6, ""auto_repair_time"": 120.0, ""bad_server_regen_interval"": 43200, ""bad_server_regeneration"": false, ""confidence_level"": 0.95, ""diagnosis_probability"": 1.0, ""diagnosis_uncertainty"": 0.0, ""enable_topology"": false, ""failure_distribution"": ""exponential"", ""host_selection_time"": 3.0, ""job_length"": 20160, ""job_size"": 4096, ""lognormal_sigma"": 1.0, ""manual_repair_fail_prob"": 0.2, ""manual_repair_time"": 2880.0, ""max_replications"": 1000, ""num_replications"": 30, ""preemption_wait_time"": 20.0, ""prob_auto_to_manual"": 0.8, ""rack_size"": 8, ""random_failure_rate"": 1.388888888888889e-05, ""recovery_time"": 60.0, ""relative_accuracy"": 0.05, ""seed"": 42, ""spare_pool_size"": 200, ""systematic_failure_fraction"": 0.08, ""systematic_failure_rate_multiplier"": 10.0, ""warm_standbys"": 16, ""weibull_shape"": 1.0, ""working_pool_size"": 4600}"
da28d045aeb687e2f7991924bb1c67e7501cd076,2d_heatmap_sweep.py,Random+ScoredRemoval(SC_fast),DefaultHostSelection(),"ScoredRemoval(initial_score=100.0, failure_penalty=60.0, success_increment=5.0, time_period=1440, retirement_threshold=0.0)",47,5,1837.8999999999999,0.18281734588388932,1501,1108,393,1501,1193,1082,419,295,124,1082,0,226,0,18,0,0,364,164.91530944625407,49,147.8729641693811,307,1.97,"{""adaptive_replications"": false, ""auto_repair_fail_prob"": 0.6, ""auto_repair_time"": 120.0, ""bad_server_regen_interval"": 43200, ""bad_server_regeneration"": false, ""confidence_level"": 0.95, ""diagnosis_probability"": 1.0, ""diagnosis_uncertainty"": 0.0, ""enable_topology"": false, ""failure_distribution"": ""exponential"", ""host_selection_time"": 3.0, ""job_length"": 20160, ""job_size"": 4096, ""lognormal_sigma"": 1.0, ""manual_repair_fail_prob"": 0.2, ""manual_repair_time"": 2880.0, ""max_replications"": 1000, ""num_replications"": 30, ""preemption_wait_time"": 20.0, ""prob_auto_to_manual"": 0.8, ""rack_size"": 8, ""random_failure_rate"": 1.388888888888889e-05, ""recovery_time"": 60.0, ""relative_accuracy"": 0.05, ""seed"": 42, ""spare_pool_size"": 200, ""systematic_failure_fraction"": 0.08, ""systematic_failure_rate_multiplier"": 10.0, ""warm_standbys"": 16, ""weibull_shape"": 1.0, ""working_pool_size"": 4600}"
da28d045aeb687e2f7991924bb1c67e7501cd076,2d_heatmap_sweep.py,Random+ScoredRemoval(SC_fast),DefaultHostSelection(),"ScoredRemoval(initial_score=100.0, failure_penalty=60.0, success_increment=5.0, time_period=1440, retirement_threshold=0.0)",48,6,1881.9,0.1785429619002073,1545,1171,374,1545,1255,1091,454,291,124,1130,0,223,0,18,0,0,365,172.51273885350318,54,154.39808917197453,314,2.03,"{""adaptive_replications"": false, ""auto_repair_fail_prob"": 0.6, ""auto_repair_time"": 120.0, ""bad_server_regen_interval"": 43200, ""bad_server_regeneration"": false, ""confidence_level"": 0.95, ""diagnosis_probability"": 1.0, ""diagnosis_uncertainty"": 0.0, ""enable_topology"": false, ""failure_distribution"": ""exponential"", ""host_selection_time"": 3.0, ""job_length"": 20160, ""job_size"": 4096, ""lognormal_sigma"": 1.0, ""manual_repair_fail_prob"": 0.2, ""manual_repair_time"": 2880.0, ""max_replications"": 1000, ""num_replications"": 30, ""preemption_wait_time"": 20.0, ""prob_auto_to_manual"": 0.8, ""rack_size"": 8, ""random_failure_rate"": 1.388888888888889e-05, ""recovery_time"": 60.0, ""relative_accuracy"": 0.05, ""seed"": 42, ""spare_pool_size"": 200, ""systematic_failure_fraction"": 0.08, ""systematic_failure_rate_multiplier"": 10.0, ""warm_standbys"": 16, ""weibull_shape"": 1.0, ""working_pool_size"": 4600}"
da28d045aeb687e2f7991924bb1c67e7501cd076,2d_heatmap_sweep.py,Random+ScoredRemoval(SC_fast),DefaultHostSelection(),"ScoredRemoval(initial_score=100.0, failure_penalty=60.0, success_increment=5.0, time_period=1440, retirement_threshold=0.0)",49,7,1898.9999999999993,0.1769352290679307,1562,1171,391,1562,1261,1151,411,314,108,1140,0,230,0,20,0,0,369,165.9495268138801,38,150.4353312302839,317,2.12,"{""adaptive_replications"": false, ""auto_repair_fail_prob"": 0.6, ""auto_repair_time"": 120.0, ""bad_server_regen_interval"": 43200, ""bad_server_regeneration"": false, ""confidence_level"": 0.95, ""diagnosis_probability"": 1.0, ""diagnosis_uncertainty"": 0.0, ""enable_topology"": false, ""failure_distribution"": ""exponential"", ""host_selection_time"": 3.0, ""job_length"": 20160, ""job_size"": 4096, ""lognormal_sigma"": 1.0, ""manual_repair_fail_prob"": 0.2, ""manual_repair_time"": 2880.0, ""max_replications"": 1000, ""num_replications"": 30, ""preemption_wait_time"": 20.0, ""prob_auto_to_manual"": 0.8, ""rack_size"": 8, ""random_failure_rate"": 1.388888888888889e-05, ""recovery_time"": 60.0, ""relative_accuracy"": 0.05, ""seed"": 42, ""spare_pool_size"": 200, ""systematic_failure_fraction"": 0.08, ""systematic_failure_rate_multiplier"": 10.0, ""warm_standbys"": 16, ""weibull_shape"": 1.0, ""working_pool_size"": 4600}"
da28d045aeb687e2f7991924bb1c67e7501cd076,2d_heatmap_sweep.py,Random+ScoredRemoval(SC_fast),DefaultHostSelection(),"ScoredRemoval(initial_score=100.0, failure_penalty=60.0, success_increment=5.0, time_period=1440, retirement_threshold=0.0)",50,8,1819.8999999999976,0.18462552887521383,1483,1088,395,1483,1215,1093,390,296,132,1055,0,221,0,18,0,0,369,169.60526315789474,42,152.12828947368422,304,2.01,"{""adaptive_replications"": false, ""auto_repair_fail_prob"": 0.6, ""auto_repair_time"": 120.0, ""bad_server_regen_interval"": 43200, ""bad_server_regeneration"": false, ""confidence_level"": 0.95, ""diagnosis_probability"": 1.0, ""diagnosis_uncertainty"": 0.0, ""enable_topology"": false, ""failure_distribution"": ""exponential"", ""host_selection_time"": 3.0, ""job_length"": 20160, ""job_size"": 4096, ""lognormal_sigma"": 1.0, ""manual_repair_fail_prob"": 0.2, ""manual_repair_time"": 2880.0, ""max_replications"": 1000, ""num_replications"": 30, ""preemption_wait_time"": 20.0, ""prob_auto_to_manual"": 0.8, ""rack_size"": 8, ""random_failure_rate"": 1.388888888888889e-05, ""recovery_time"": 60.0, ""relative_accuracy"": 0.05, ""seed"": 42, ""spare_pool_size"": 200, ""systematic_failure_fraction"": 0.08, ""systematic_failure_rate_multiplier"": 10.0, ""warm_standbys"": 16, ""weibull_shape"": 1.0, ""working_pool_size"": 4600}"
da28d045aeb687e2f7991924bb1c67e7501cd076,2d_heatmap_sweep.py,Random+ScoredRemoval(SC_fast),DefaultHostSelection(),"ScoredRemoval(initial_score=100.0, failure_penalty=60.0, success_increment=5.0, time_period=1440, retirement_threshold=0.0)",51,9,1950.9000000000003,0.1722282023681381,1614,1229,385,1614,1304,1182,432,307,118,1189,0,240,0,18,0,0,367,159.85276073619633,36,143.93251533742333,326,2.19,"{""adaptive_replications"": false, ""auto_repair_fail_prob"": 0.6, ""auto_repair_time"": 120.0, ""bad_server_regen_interval"": 43200, ""bad_server_regeneration"": false, ""confidence_level"": 0.95, ""diagnosis_probability"": 1.0, ""diagnosis_uncertainty"": 0.0, ""enable_topology"": false, ""failure_distribution"": ""exponential"", ""host_selection_time"": 3.0, ""job_length"": 20160, ""job_size"": 4096, ""lognormal_sigma"": 1.0, ""manual_repair_fail_prob"": 0.2, ""manual_repair_time"": 2880.0, ""max_replications"": 1000, ""num_replications"": 30, ""preemption_wait_time"": 20.0, ""prob_auto_to_manual"": 0.8, ""rack_size"": 8, ""random_failure_rate"": 1.388888888888889e-05, ""recovery_time"": 60.0, ""relative_accuracy"": 0.05, ""seed"": 42, ""spare_pool_size"": 200, ""systematic_failure_fraction"": 0.08, ""systematic_failure_rate_multiplier"": 10.0, ""warm_standbys"": 16, ""weibull_shape"": 1.0, ""working_pool_size"": 4600}"
da28d045aeb687e2f7991924bb1c67e7501cd076,2d_heatmap_sweep.py,FewestFailuresFirst+NeverRemove,FewestFailuresFirst(),NeverRemove(),42,0,1835.2999999999984,0.18307633629379366,1499,1118,381,1499,1184,1098,401,290,127,1082,0,0,0,6,0,0,369,185.68627450980392,79,147.6078431372549,306,1.27,"{""adaptive_replications"": false, ""auto_repair_fail_prob"": 0.6, ""auto_repair_time"": 120.0, ""bad_server_regen_interval"": 43200, ""bad_server_regeneration"": false, ""confidence_level"": 0.95, ""diagnosis_probability"": 1.0, ""diagnosis_uncertainty"": 0.0, ""enable_topology"": false, ""failure_distribution"": ""exponential"", ""host_selection_time"": 3.0, ""job_length"": 20160, ""job_size"": 4096, ""lognormal_sigma"": 1.0, ""manual_repair_fail_prob"": 0.2, ""manual_repair_time"": 2880.0, ""max_replications"": 1000, ""num_replications"": 30, ""preemption_wait_time"": 20.0, ""prob_auto_to_manual"": 0.8, ""rack_size"": 8, ""random_failure_rate"": 1.388888888888889e-05, ""recovery_time"": 60.0, ""relative_accuracy"": 0.05, ""seed"": 42, ""spare_pool_size"": 200, ""systematic_failure_fraction"": 0.08, ""systematic_failure_rate_multiplier"": 10.0, ""warm_standbys"": 16, ""weibull_shape"": 1.0, ""working_pool_size"": 4600}"
da28d045aeb687e2f7991924bb1c67e7501cd076,2d_heatmap_sweep.py,FewestFailuresFirst+NeverRemove,FewestFailuresFirst(),NeverRemove(),43,1,1839.3500000000054,0.18267322695517438,1503,1128,375,1503,1185,1075,428,284,122,1097,0,0,0,7,0,0,370,189.0,84,145.92182410423453,307,1.35,"{""adaptive_replications"": false, ""auto_repair_fail_prob"": 0.6, ""auto_repair_time"": 120.0, ""bad_server_regen_interval"": 43200, ""bad_server_regeneration"": false, ""confidence_level"": 0.95, ""diagnosis_probability"": 1.0, ""diagnosis_uncertainty"": 0.0, ""enable_topology"": false, ""failure_distribution"": ""exponential"", ""host_selection_time"": 3.0, ""job_length"": 20160, ""job_size"": 4096, ""lognormal_sigma"": 1.0, ""manual_repair_fail_prob"": 0.2, ""manual_repair_time"": 2880.0, ""max_replications"": 1000, ""num_replications"": 30, ""preemption_wait_time"": 20.0, ""prob_auto_to_manual"": 0.8, ""rack_size"": 8, ""random_failure_rate"": 1.388888888888889e-05, ""recovery_time"": 60.0, ""relative_accuracy"": 0.05, ""seed"": 42, ""spare_pool_size"": 200, ""systematic_failure_fraction"": 0.08, ""systematic_failure_rate_multiplier"": 10.0, ""warm_standbys"": 16, ""weibull_shape"": 1.0, ""working_pool_size"": 4600}"
da28d045aeb687e2f7991924bb1c67e7501cd076,2d_heatmap_sweep.py,FewestFailuresFirst+NeverRemove,FewestFailuresFirst(),NeverRemove(),44,2,1858.3500000000013,0.18080555331342305,1522,1155,367,1522,1210,1092,430,295,108,1119,0,0,0,7,0,0,366,179.3967741935484,70,139.86129032258066,310,1.35,"{""adaptive_replications"": false, ""auto_repair_fail_prob"": 0.6, ""auto_repair_time"": 120.0, ""bad_server_regen_interval"": 43200, ""bad_server_regeneration"": false, ""confidence_level"": 0.95, ""diagnosis_probability"": 1.0, ""diagnosis_uncertainty"": 0.0, ""enable_topology"": false, ""failure_distribution"": ""exponential"", ""host_selection_time"": 3.0, ""job_length"": 20160, ""job_size"": 4096, ""lognormal_sigma"": 1.0, ""manual_repair_fail_prob"": 0.2, ""manual_repair_time"": 2880.0, ""max_replications"": 1000, ""num_replications"": 30, ""preemption_wait_time"": 20.0, ""prob_auto_to_manual"": 0.8, ""rack_size"": 8, ""random_failure_rate"": 1.388888888888889e-05, ""recovery_time"": 60.0, ""relative_accuracy"": 0.05, ""seed"": 42, ""spare_pool_size"": 200, ""systematic_failure_fraction"": 0.08, ""systematic_failure_rate_multiplier"": 10.0, ""warm_standbys"": 16, ""weibull_shape"": 1.0, ""working_pool_size"": 4600}"
da28d045aeb687e2f7991924bb1c67e7501cd076,2d_heatmap_sweep.py,FewestFailuresFirst+NeverRemove,FewestFailuresFirst(),NeverRemove(),45,3,1805.3000000000009,0.18611865063978322,1469,1109,360,1469,1196,1043,426,288,108,1073,0,0,0,6,0,0,365,182.0730897009967,76,149.14950166112956,301,1.29,"{""adaptive_replications"": false, ""auto_repair_fail_prob"": 0.6, ""auto_repair_time"": 120.0, ""bad_server_regen_interval"": 43200, ""bad_server_regeneration"": false, ""confidence_level"": 0.95, ""diagnosis_probability"": 1.0, ""diagnosis_uncertainty"": 0.0, ""enable_topology"": false, ""failure_distribution"": ""exponential"", ""host_selection_time"": 3.0, ""job_length"": 20160, ""job_size"": 4096, ""lognormal_sigma"": 1.0, ""manual_repair_fail_prob"": 0.2, ""manual_repair_time"": 2880.0, ""max_replications"": 1000, ""num_replications"": 30, ""preemption_wait_time"": 20.0, ""prob_auto_to_manual"": 0.8, ""rack_size"": 8, ""random_failure_rate"": 1.388888888888889e-05, ""recovery_time"": 60.0, ""relative_accuracy"": 0.05, ""seed"": 42, ""spare_pool_size"": 200, ""systematic_failure_fraction"": 0.08, ""systematic_failure_rate_multiplier"": 10.0, ""warm_standbys"": 16, ""weibull_shape"": 1.0, ""working_pool_size"": 4600}"
da28d045aeb687e2f7991924bb1c67e7501cd076,2d_heatmap_sweep.py,FewestFailuresFirst+NeverRemove,FewestFailuresFirst(),NeverRemove(),46,4,1861.2499999999977,0.1805238415043654,1525,1142,383,1525,1205,1092,433,309,113,1103,0,0,0,5,0,0,367,171.2443729903537,58,144.17684887459808,311,1.34,"{""adaptive_replications"": false, ""auto_repair_fail_prob"": 0.6, ""auto_repair_time"": 120.0, ""bad_server_regen_interval"": 43200, ""bad_server_regeneration"": false, ""confidence_level"": 0.95, ""diagnosis_probability"": 1.0, ""diagnosis_uncertainty"": 0.0, ""enable_topology"": false, ""failure_distribution"": ""exponential"", ""host_selection_time"": 3.0, ""job_length"": 20160, ""job_size"": 4096, ""lognormal_sigma"": 1.0, ""manual_repair_fail_prob"": 0.2, ""manual_repair_time"": 2880.0, ""max_replications"": 1000, ""num_replications"": 30, ""preemption_wait_time"": 20.0, ""prob_auto_to_manual"": 0.8, ""rack_size"": 8, ""random_failure_rate"": 1.388888888888889e-05, ""recovery_time"": 60.0, ""relative_accuracy"": 0.05, ""seed"": 42, ""spare_pool_size"": 200, ""systematic_failure_fraction"": 0.08, ""systematic_failure_rate_multiplier"": 10.0, ""warm_standbys"": 16, ""weibull_shape"": 1.0, ""working_pool_size"": 4600}"
da28d045aeb687e2f7991924bb1c67e7501cd076,2d_heatmap_sweep.py,FewestFailuresFirst+NeverRemove,FewestFailuresFirst(),NeverRemove(),47,5,1862.3499999999983,0.18041721480924677,1526,1138,388,1526,1211,1082,444,298,124,1104,0,0,0,7,0,0,364,176.62700964630224,66,136.14790996784566,311,1.35,"{""adaptive_replications"": false, ""auto_repair_fail_prob"": 0.6, ""auto_repair_time"": 120.0, ""bad_server_regen_interval"": 43200, ""bad_server_regeneration"": false, ""confidence_level"": 0.95, ""diagnosis_probability"": 1.0, ""diagnosis_uncertainty"": 0.0, ""enable_topology"": false, ""failure_distribution"": ""exponential"", ""host_selection_time"": 3.0, ""job_length"": 20160, ""job_size"": 4096, ""lognormal_sigma"": 1.0, ""manual_repair_fail_prob"": 0.2, ""manual_repair_time"": 2880.0, ""max_replications"": 1000, ""num_replications"": 30, ""preemption_wait_time"": 20.0, ""prob_auto_to_manual"": 0.8, ""rack_size"": 8, ""random_failure_rate"": 1.388888888888889e-05, ""recovery_time"": 60.0, ""relative_accuracy"": 0.05, ""seed"": 42, ""spare_pool_size"": 200, ""systematic_failure_fraction"": 0.08, ""systematic_failure_rate_multiplier"": 10.0, ""warm_standbys"": 16, ""weibull_shape"": 1.0, ""working_pool_size"": 4600}"
da28d045aeb687e2f7991924bb1c67e7501cd076,2d_heatmap_sweep.py,FewestFailuresFirst+NeverRemove,FewestFailuresFirst(),NeverRemove(),48,6,1863.2999999999988,0.1803252294316537,1527,1150,377,1527,1226,1090,437,290,116,1121,0,0,0,6,0,0,365,176.2861736334405,75,139.32154340836013,311,1.32,"{""adaptive_replications"": false, ""auto_repair_fail_prob"": 0.6, ""auto_repair_time"": 120.0, ""bad_server_regen_interval"": 43200, ""bad_server_regeneration"": false, ""confidence_level"": 0.95, ""diagnosis_probability"": 1.0, ""diagnosis_uncertainty"": 0.0, ""enable_topology"": false, ""failure_distribution"": ""exponential"", ""host_selection_time"": 3.0, ""job_length"": 20160, ""job_size"": 4096, ""lognormal_sigma"": 1.0, ""manual_repair_fail_prob"": 0.2, ""manual_repair_time"": 2880.0, ""max_replications"": 1000, ""num_replications"": 30, ""preemption_wait_time"": 20.0, ""prob_auto_to_manual"": 0.8, ""rack_size"": 8, ""random_failure_rate"": 1.388888888888889e-05, ""recovery_time"": 60.0, ""relative_accuracy"": 0.05, ""seed"": 42, ""spare_pool_size"": 200, ""systematic_failure_fraction"": 0.08, ""systematic_failure_rate_multiplier"": 10.0, ""warm_standbys"": 16, ""weibull_shape"": 1.0, ""working_pool_size"": 4600}"
da28d045aeb687e2f7991924bb1c67e7501cd076,2d_heatmap_sweep.py,FewestFailuresFirst+NeverRemove,FewestFailuresFirst(),NeverRemove(),49,7,1878.3500000000038,0.1788804003513722,1542,1170,372,1542,1243,1120,422,310,103,1129,0,0,0,7,0,0,369,174.71019108280254,59,143.82165605095543,314,1.4,"{""adaptive_replications"": false, ""auto_repair_fail_prob"": 0.6, ""auto_repair_time"": 120.0, ""bad_server_regen_interval"": 43200, ""bad_server_regeneration"": false, ""confidence_level"": 0.95, ""diagnosis_probability"": 1.0, ""diagnosis_uncertainty"": 0.0, ""enable_topology"": false, ""failure_distribution"": ""exponential"", ""host_selection_time"": 3.0, ""job_length"": 20160, ""job_size"": 4096, ""lognormal_sigma"": 1.0, ""manual_repair_fail_prob"": 0.2, ""manual_repair_time"": 2880.0, ""max_replications"": 1000, ""num_replications"": 30, ""preemption_wait_time"": 20.0, ""prob_auto_to_manual"": 0.8, ""rack_size"": 8, ""random_failure_rate"": 1.388888888888889e-05, ""recovery_time"": 60.0, ""relative_accuracy"": 0.05, ""seed"": 42, ""spare_pool_size"": 200, ""systematic_failure_fraction"": 0.08, ""systematic_failure_rate_multiplier"": 10.0, ""warm_standbys"": 16, ""weibull_shape"": 1.0, ""working_pool_size"": 4600}"
da28d045aeb687e2f7991924bb1c67e7501cd076,2d_heatmap_sweep.py,FewestFailuresFirst+NeverRemove,FewestFailuresFirst(),NeverRemove(),50,8,1871.2499999999975,0.17955911823647322,1535,1160,375,1535,1224,1122,413,304,110,1121,0,0,0,5,0,0,369,178.20192307692307,63,140.98397435897436,312,1.37,"{""adaptive_replications"": false, ""auto_repair_fail_prob"": 0.6, ""auto_repair_time"": 120.0, ""bad_server_regen_interval"": 43200, ""bad_server_regeneration"": false, ""confidence_level"": 0.95, ""diagnosis_probability"": 1.0, ""diagnosis_uncertainty"": 0.0, ""enable_topology"": false, ""failure_distribution"": ""exponential"", ""host_selection_time"": 3.0, ""job_length"": 20160, ""job_size"": 4096, ""lognormal_sigma"": 1.0, ""manual_repair_fail_prob"": 0.2, ""manual_repair_time"": 2880.0, ""max_replications"": 1000, ""num_replications"": 30, ""preemption_wait_time"": 20.0, ""prob_auto_to_manual"": 0.8, ""rack_size"": 8, ""random_failure_rate"": 1.388888888888889e-05, ""recovery_time"": 60.0, ""relative_accuracy"": 0.05, ""seed"": 42, ""spare_pool_size"": 200, ""systematic_failure_fraction"": 0.08, ""systematic_failure_rate_multiplier"": 10.0, ""warm_standbys"": 16, ""weibull_shape"": 1.0, ""working_pool_size"": 4600}"
da28d045aeb687e2f7991924bb1c67e7501cd076,2d_heatmap_sweep.py,FewestFailuresFirst+NeverRemove,FewestFailuresFirst(),NeverRemove(),51,9,1865.2999999999993,0.18013188227094826,1529,1144,385,1529,1226,1094,435,295,126,1108,0,0,0,6,0,0,367,174.37299035369776,72,134.05787781350483,311,1.32,"{""adaptive_replications"": false, ""auto_repair_fail_prob"": 0.6, ""auto_repair_time"": 120.0, ""bad_server_regen_interval"": 43200, ""bad_server_regeneration"": false, ""confidence_level"": 0.95, ""diagnosis_probability"": 1.0, ""diagnosis_uncertainty"": 0.0, ""enable_topology"": false, ""failure_distribution"": ""exponential"", ""host_selection_time"": 3.0, ""job_length"": 20160, ""job_size"": 4096, ""lognormal_sigma"": 1.0, ""manual_repair_fail_prob"": 0.2, ""manual_repair_time"": 2880.0, ""max_replications"": 1000, ""num_replications"": 30, ""preemption_wait_time"": 20.0, ""prob_auto_to_manual"": 0.8, ""rack_size"": 8, ""random_failure_rate"": 1.388888888888889e-05, ""recovery_time"": 60.0, ""relative_accuracy"": 0.05, ""seed"": 42, ""spare_pool_size"": 200, ""systematic_failure_fraction"": 0.08, ""systematic_failure_rate_multiplier"": 10.0, ""warm_standbys"": 16, ""weibull_shape"": 1.0, ""working_pool_size"": 4600}"
da28d045aeb687e2f7991924bb1c67e7501cd076,2d_heatmap_sweep.py,Random+NeverRemove,DefaultHostSelection(),NeverRemove(),42,0,1999.2999999999997,0.16805882058720553,1663,1200,463,1663,1343,929,734,281,221,1161,0,0,0,6,0,0,369,195.7874251497006,87,166.31736526946108,334,1.42,"{""adaptive_replications"": false, ""auto_repair_fail_prob"": 0.6, ""auto_repair_time"": 120.0, ""bad_server_regen_interval"": 43200, ""bad_server_regeneration"": false, ""confidence_level"": 0.95, ""diagnosis_probability"": 1.0, ""diagnosis_uncertainty"": 0.0, ""enable_topology"": false, ""failure_distribution"": ""exponential"", ""host_selection_time"": 3.0, ""job_length"": 20160, ""job_size"": 4096, ""lognormal_sigma"": 1.0, ""manual_repair_fail_prob"": 0.4, ""manual_repair_time"": 2880.0, ""max_replications"": 1000, ""num_replications"": 30, ""preemption_wait_time"": 20.0, ""prob_auto_to_manual"": 0.8, ""rack_size"": 8, ""random_failure_rate"": 1.388888888888889e-05, ""recovery_time"": 60.0, ""relative_accuracy"": 0.05, ""seed"": 42, ""spare_pool_size"": 200, ""systematic_failure_fraction"": 0.08, ""systematic_failure_rate_multiplier"": 10.0, ""warm_standbys"": 16, ""weibull_shape"": 1.0, ""working_pool_size"": 4600}"
da28d045aeb687e2f7991924bb1c67e7501cd076,2d_heatmap_sweep.py,Random+NeverRemove,DefaultHostSelection(),NeverRemove(),43,1,1964.2499999999989,0.17105765559373834,1628,1142,486,1628,1282,891,737,288,245,1095,0,0,0,5,0,0,370,191.5030487804878,81,164.64329268292684,328,1.43,"{""adaptive_replications"": false, ""auto_repair_fail_prob"": 0.6, ""auto_repair_time"": 120.0, ""bad_server_regen_interval"": 43200, ""bad_server_regeneration"": false, ""confidence_level"": 0.95, ""diagnosis_probability"": 1.0, ""diagnosis_uncertainty"": 0.0, ""enable_topology"": false, ""failure_distribution"": ""exponential"", ""host_selection_time"": 3.0, ""job_length"": 20160, ""job_size"": 4096, ""lognormal_sigma"": 1.0, ""manual_repair_fail_prob"": 0.4, ""manual_repair_time"": 2880.0, ""max_replications"": 1000, ""num_replications"": 30, ""preemption_wait_time"": 20.0, ""prob_auto_to_manual"": 0.8, ""rack_size"": 8, ""random_failure_rate"": 1.388888888888889e-05, ""recovery_time"": 60.0, ""relative_accuracy"": 0.05, ""seed"": 42, ""spare_pool_size"": 200, ""systematic_failure_fraction"": 0.08, ""systematic_failure_rate_multiplier"": 10.0, ""warm_standbys"": 16, ""weibull_shape"": 1.0, ""working_pool_size"": 4600}"
da28d045aeb687e2f7991924bb1c67e7501cd076,2d_heatmap_sweep.py,Random+NeverRemove,DefaultHostSelection(),NeverRemove(),44,2,1862.2500000000005,0.18042690293999167,1526,1090,436,1526,1224,876,650,265,215,1046,0,0,0,5,0,0,366,204.56913183279744,99,174.58842443729904,311,1.35,"{""adaptive_replications"": false, ""auto_repair_fail_prob"": 0.6, ""auto_repair_time"": 120.0, ""bad_server_regen_interval"": 43200, ""bad_server_regeneration"": false, ""confidence_level"": 0.95, ""diagnosis_probability"": 1.0, ""diagnosis_uncertainty"": 0.0, ""enable_topology"": false, ""failure_distribution"": ""exponential"", ""host_selection_time"": 3.0, ""job_length"": 20160, ""job_size"": 4096, ""lognormal_sigma"": 1.0, ""manual_repair_fail_prob"": 0.4, ""manual_repair_time"": 2880.0, ""max_replications"": 1000, ""num_replications"": 30, ""preemption_wait_time"": 20.0, ""prob_auto_to_manual"": 0.8, ""rack_size"": 8, ""random_failure_rate"": 1.388888888888889e-05, ""recovery_time"": 60.0, ""relative_accuracy"": 0.05, ""seed"": 42, ""spare_pool_size"": 200, ""systematic_failure_fraction"": 0.08, ""systematic_failure_rate_multiplier"": 10.0, ""warm_standbys"": 16, ""weibull_shape"": 1.0, ""working_pool_size"": 4600}"
da28d045aeb687e2f7991924bb1c67e7501cd076,2d_heatmap_sweep.py,Random+NeverRemove,DefaultHostSelection(),NeverRemove(),45,3,1946.3000000000015,0.17263525664080606,1610,1160,450,1610,1290,921,689,283,216,1111,0,0,0,6,0,0,365,191.03692307692307,79,163.33846153846153,325,1.41,"{""adaptive_replications"": false, ""auto_repair_fail_prob"": 0.6, ""auto_repair_time"": 120.0, ""bad_server_regen_interval"": 43200, ""bad_server_regeneration"": false, ""confidence_level"": 0.95, ""diagnosis_probability"": 1.0, ""diagnosis_uncertainty"": 0.0, ""enable_topology"": false, ""failure_distribution"": ""exponential"", ""host_selection_time"": 3.0, ""job_length"": 20160, ""job_size"": 4096, ""lognormal_sigma"": 1.0, ""manual_repair_fail_prob"": 0.4, ""manual_repair_time"": 2880.0, ""max_replications"": 1000, ""num_replications"": 30, ""preemption_wait_time"": 20.0, ""prob_auto_to_manual"": 0.8, ""rack_size"": 8, ""random_failure_rate"": 1.388888888888889e-05, ""recovery_time"": 60.0, ""relative_accuracy"": 0.05, ""seed"": 42, ""spare_pool_size"": 200, ""systematic_failure_fraction"": 0.08, ""systematic_failure_rate_multiplier"": 10.0, ""warm_standbys"": 16, ""weibull_shape"": 1.0, ""working_pool_size"": 4600}"
da28d045aeb687e2f7991924bb1c67e7501cd076,2d_heatmap_sweep.py,Random+NeverRemove,DefaultHostSelection(),NeverRemove(),46,4,1913.2499999999986,0.17561740493924,1577,1132,445,1577,1233,865,712,285,204,1088,0,0,0,5,0,0,367,190.58620689655172,78,159.23510971786834,319,1.35,"{""adaptive_replications"": false, ""auto_repair_fail_prob"": 0.6, ""auto_repair_time"": 120.0, ""bad_server_regen_interval"": 43200, ""bad_server_regeneration"": false, ""confidence_level"": 0.95, ""diagnosis_probability"": 1.0, ""diagnosis_uncertainty"": 0.0, ""enable_topology"": false, ""failure_distribution"": ""exponential"", ""host_selection_time"": 3.0, ""job_length"": 20160, ""job_size"": 4096, ""lognormal_sigma"": 1.0, ""manual_repair_fail_prob"": 0.4, ""manual_repair_time"": 2880.0, ""max_replications"": 1000, ""num_replications"": 30, ""preemption_wait_time"": 20.0, ""prob_auto_to_manual"": 0.8, ""rack_size"": 8, ""random_failure_rate"": 1.388888888888889e-05, ""recovery_time"": 60.0, ""relative_accuracy"": 0.05, ""seed"": 42, ""spare_pool_size"": 200, ""systematic_failure_fraction"": 0.08, ""systematic_failure_rate_multiplier"": 10.0, ""warm_standbys"": 16, ""weibull_shape"": 1.0, ""working_pool_size"": 4600}"
da28d045aeb687e2f7991924bb1c67e7501cd076,2d_heatmap_sweep.py,Random+NeverRemove,DefaultHostSelection(),NeverRemove(),47,5,1945.3499999999965,0.17271956203254016,1609,1142,467,1609,1289,898,711,276,247,1086,0,0,0,7,0,0,364,202.07384615384615,85,175.65846153846155,325,1.37,"{""adaptive_replications"": false, ""auto_repair_fail_prob"": 0.6, ""auto_repair_time"": 120.0, ""bad_server_regen_interval"": 43200, ""bad_server_regeneration"": false, ""confidence_level"": 0.95, ""diagnosis_probability"": 1.0, ""diagnosis_uncertainty"": 0.0, ""enable_topology"": false, ""failure_distribution"": ""exponential"", ""host_selection_time"": 3.0, ""job_length"": 20160, ""job_size"": 4096, ""lognormal_sigma"": 1.0, ""manual_repair_fail_prob"": 0.4, ""manual_repair_time"": 2880.0, ""max_replications"": 1000, ""num_replications"": 30, ""preemption_wait_time"": 20.0, ""prob_auto_to_manual"": 0.8, ""rack_size"": 8, ""random_failure_rate"": 1.388888888888889e-05, ""recovery_time"": 60.0, ""relative_accuracy"": 0.05, ""seed"": 42, ""spare_pool_size"": 200, ""systematic_failure_fraction"": 0.08, ""systematic_failure_rate_multiplier"": 10.0, ""warm_standbys"": 16, ""weibull_shape"": 1.0, ""working_pool_size"": 4600}"
da28d045aeb687e2f7991924bb1c67e7501cd076,2d_heatmap_sweep.py,Random+NeverRemove,DefaultHostSelection(),NeverRemove(),48,6,1969.3500000000017,0.17061466981491322,1633,1134,499,1633,1278,887,746,295,252,1086,0,0,0,7,0,0,365,188.98480243161094,69,168.15197568389058,329,1.41,"{""adaptive_replications"": false, ""auto_repair_fail_prob"": 0.6, ""auto_repair_time"": 120.0, ""bad_server_regen_interval"": 43200, ""bad_server_regeneration"": false, ""confidence_level"": 0.95, ""diagnosis_probability"": 1.0, ""diagnosis_uncertainty"": 0.0, ""enable_topology"": false, ""failure_distribution"": ""exponential"", ""host_selection_time"": 3.0, ""job_length"": 20160, ""job_size"": 4096, ""lognormal_sigma"": 1.0, ""manual_repair_fail_prob"": 0.4, ""manual_repair_time"": 2880.0, ""max_replications"": 1000, ""num_replications"": 30, ""preemption_wait_time"": 20.0, ""prob_auto_to_manual"": 0.8, ""rack_size"": 8, ""random_failure_rate"": 1.388888888888889e-05, ""recovery_time"": 60.0, ""relative_accuracy"": 0.05, ""seed"": 42, ""spare_pool_size"": 200, ""systematic_failure_fraction"": 0.08, ""systematic_failure_rate_multiplier"": 10.0, ""warm_standbys"": 16, ""weibull_shape"": 1.0, ""working_pool_size"": 4600}"
da28d045aeb687e2f7991924bb1c67e7501cd076,2d_heatmap_sweep.py,Random+NeverRemove,DefaultHostSelection(),NeverRemove(),49,7,1887.2999999999995,0.17803210936258132,1551,1095,456,1551,1267,854,697,285,217,1049,0,0,0,6,0,0,369,194.17777777777778,82,167.74285714285713,315,1.32,"{""adaptive_replications"": false, ""auto_repair_fail_prob"": 0.6, ""auto_repair_time"": 120.0, ""bad_server_regen_interval"": 43200, ""bad_server_regeneration"": false, ""confidence_level"": 0.95, ""diagnosis_probability"": 1.0, ""diagnosis_uncertainty"": 0.0, ""enable_topology"": false, ""failure_distribution"": ""exponential"", ""host_selection_time"": 3.0, ""job_length"": 20160, ""job_size"": 4096, ""lognormal_sigma"": 1.0, ""manual_repair_fail_prob"": 0.4, ""manual_repair_time"": 2880.0, ""max_replications"": 1000, ""num_replications"": 30, ""preemption_wait_time"": 20.0, ""prob_auto_to_manual"": 0.8, ""rack_size"": 8, ""random_failure_rate"": 1.388888888888889e-05, ""recovery_time"": 60.0, ""relative_accuracy"": 0.05, ""seed"": 42, ""spare_pool_size"": 200, ""systematic_failure_fraction"": 0.08, ""systematic_failure_rate_multiplier"": 10.0, ""warm_standbys"": 16, ""weibull_shape"": 1.0, ""working_pool_size"": 4600}"
da28d045aeb687e2f7991924bb1c67e7501cd076,2d_heatmap_sweep.py,Random+NeverRemove,DefaultHostSelection(),NeverRemove(),50,8,1960.2500000000002,0.17140670832801905,1624,1155,469,1624,1292,915,709,300,215,1109,0,0,0,5,0,0,369,192.48318042813455,69,167.3547400611621,327,1.38,"{""adaptive_replications"": false, ""auto_repair_fail_prob"": 0.6, ""auto_repair_time"": 120.0, ""bad_server_regen_interval"": 43200, ""bad_server_regeneration"": false, ""confidence_level"": 0.95, ""diagnosis_probability"": 1.0, ""diagnosis_uncertainty"": 0.0, ""enable_topology"": false, ""failure_distribution"": ""exponential"", ""host_selection_time"": 3.0, ""job_length"": 20160, ""job_size"": 4096, ""lognormal_sigma"": 1.0, ""manual_repair_fail_prob"": 0.4, ""manual_repair_time"": 2880.0, ""max_replications"": 1000, ""num_replications"": 30, ""preemption_wait_time"": 20.0, ""prob_auto_to_manual"": 0.8, ""rack_size"": 8, ""random_failure_rate"": 1.388888888888889e-05, ""recovery_time"": 60.0, ""relative_accuracy"": 0.05, ""seed"": 42, ""spare_pool_size"": 200, ""systematic_failure_fraction"": 0.08, ""systematic_failure_rate_multiplier"": 10.0, ""warm_standbys"": 16, ""weibull_shape"": 1.0, ""working_pool_size"": 4600}"
da28d045aeb687e2f7991924bb1c67e7501cd076,2d_heatmap_sweep.py,Random+NeverRemove,DefaultHostSelection(),NeverRemove(),51,9,1929.2500000000014,0.17416094337177662,1593,1155,438,1593,1283,888,705,270,215,1108,0,0,0,5,0,0,367,207.69565217391303,94,178.03726708074535,322,1.34,"{""adaptive_replications"": false, ""auto_repair_fail_prob"": 0.6, ""auto_repair_time"": 120.0, ""bad_server_regen_interval"": 43200, ""bad_server_regeneration"": false, ""confidence_level"": 0.95, ""diagnosis_probability"": 1.0, ""diagnosis_uncertainty"": 0.0, ""enable_topology"": false, ""failure_distribution"": ""exponential"", ""host_selection_time"": 3.0, ""job_length"": 20160, ""job_size"": 4096, ""lognormal_sigma"": 1.0, ""manual_repair_fail_prob"": 0.4, ""manual_repair_time"": 2880.0, ""max_replications"": 1000, ""num_replications"": 30, ""preemption_wait_time"": 20.0, ""prob_auto_to_manual"": 0.8, ""rack_size"": 8, ""random_failure_rate"": 1.388888888888889e-05, ""recovery_time"": 60.0, ""relative_accuracy"": 0.05, ""seed"": 42, ""spare_pool_size"": 200, ""systematic_failure_fraction"": 0.08, ""systematic_failure_rate_multiplier"": 10.0, ""warm_standbys"": 16, ""weibull_shape"": 1.0, ""working_pool_size"": 4600}"
da28d045aeb687e2f7991924bb1c67e7501cd076,2d_heatmap_sweep.py,Random+ScoredRemoval(SC_fast),DefaultHostSelection(),"ScoredRemoval(initial_score=100.0, failure_penalty=60.0, success_increment=5.0, time_period=1440, retirement_threshold=0.0)",42,0,1912.9999999999977,0.1756403554626244,1576,1147,429,1576,1271,907,669,278,200,1098,0,256,0,20,0,0,369,171.19435736677116,41,151.81504702194357,319,1.73,"{""adaptive_replications"": false, ""auto_repair_fail_prob"": 0.6, ""auto_repair_time"": 120.0, ""bad_server_regen_interval"": 43200, ""bad_server_regeneration"": false, ""confidence_level"": 0.95, ""diagnosis_probability"": 1.0, ""diagnosis_uncertainty"": 0.0, ""enable_topology"": false, ""failure_distribution"": ""exponential"", ""host_selection_time"": 3.0, ""job_length"": 20160, ""job_size"": 4096, ""lognormal_sigma"": 1.0, ""manual_repair_fail_prob"": 0.4, ""manual_repair_time"": 2880.0, ""max_replications"": 1000, ""num_replications"": 30, ""preemption_wait_time"": 20.0, ""prob_auto_to_manual"": 0.8, ""rack_size"": 8, ""random_failure_rate"": 1.388888888888889e-05, ""recovery_time"": 60.0, ""relative_accuracy"": 0.05, ""seed"": 42, ""spare_pool_size"": 200, ""systematic_failure_fraction"": 0.08, ""systematic_failure_rate_multiplier"": 10.0, ""warm_standbys"": 16, ""weibull_shape"": 1.0, ""working_pool_size"": 4600}"
da28d045aeb687e2f7991924bb1c67e7501cd076,2d_heatmap_sweep.py,Random+ScoredRemoval(SC_fast),DefaultHostSelection(),"ScoredRemoval(initial_score=100.0, failure_penalty=60.0, success_increment=5.0, time_period=1440, retirement_threshold=0.0)",43,1,1951.0499999999993,0.1722149611747514,1614,1178,436,1614,1292,891,723,258,225,1131,0,267,0,21,0,0,370,182.53987730061348,54,164.46932515337423,326,2.1,"{""adaptive_replications"": false, ""auto_repair_fail_prob"": 0.6, ""auto_repair_time"": 120.0, ""bad_server_regen_interval"": 43200, ""bad_server_regeneration"": false, ""confidence_level"": 0.95, ""diagnosis_probability"": 1.0, ""diagnosis_uncertainty"": 0.0, ""enable_topology"": false, ""failure_distribution"": ""exponential"", ""host_selection_time"": 3.0, ""job_length"": 20160, ""job_size"": 4096, ""lognormal_sigma"": 1.0, ""manual_repair_fail_prob"": 0.4, ""manual_repair_time"": 2880.0, ""max_replications"": 1000, ""num_replications"": 30, ""preemption_wait_time"": 20.0, ""prob_auto_to_manual"": 0.8, ""rack_size"": 8, ""random_failure_rate"": 1.388888888888889e-05, ""recovery_time"": 60.0, ""relative_accuracy"": 0.05, ""seed"": 42, ""spare_pool_size"": 200, ""systematic_failure_fraction"": 0.08, ""systematic_failure_rate_multiplier"": 10.0, ""warm_standbys"": 16, ""weibull_shape"": 1.0, ""working_pool_size"": 4600}"
da28d045aeb687e2f7991924bb1c67e7501cd076,2d_heatmap_sweep.py,Random+ScoredRemoval(SC_fast),DefaultHostSelection(),"ScoredRemoval(initial_score=100.0, failure_penalty=60.0, success_increment=5.0, time_period=1440, retirement_threshold=0.0)",44,2,1898.999999999998,0.17693522906793083,1562,1151,411,1562,1237,886,676,259,197,1106,0,255,0,20,0,0,366,183.27129337539432,60,162.93690851735016,317,2.05,"{""adaptive_replications"": false, ""auto_repair_fail_prob"": 0.6, ""auto_repair_time"": 120.0, ""bad_server_regen_interval"": 43200, ""bad_server_regeneration"": false, ""confidence_level"": 0.95, ""diagnosis_probability"": 1.0, ""diagnosis_uncertainty"": 0.0, ""enable_topology"": false, ""failure_distribution"": ""exponential"", ""host_selection_time"": 3.0, ""job_length"": 20160, ""job_size"": 4096, ""lognormal_sigma"": 1.0, ""manual_repair_fail_prob"": 0.4, ""manual_repair_time"": 2880.0, ""max_replications"": 1000, ""num_replications"": 30, ""preemption_wait_time"": 20.0, ""prob_auto_to_manual"": 0.8, ""rack_size"": 8, ""random_failure_rate"": 1.388888888888889e-05, ""recovery_time"": 60.0, ""relative_accuracy"": 0.05, ""seed"": 42, ""spare_pool_size"": 200, ""systematic_failure_fraction"": 0.08, ""systematic_failure_rate_multiplier"": 10.0, ""warm_standbys"": 16, ""weibull_shape"": 1.0, ""working_pool_size"": 4600}"
da28d045aeb687e2f7991924bb1c67e7501cd076,2d_heatmap_sweep.py,Random+ScoredRemoval(SC_fast),DefaultHostSelection(),"ScoredRemoval(initial_score=100.0, failure_penalty=60.0, success_increment=5.0, time_period=1440, retirement_threshold=0.0)",45,3,1912.0999999999983,0.17572302703833498,1575,1122,453,1575,1257,893,682,257,230,1088,0,269,0,22,0,0,365,172.52351097178683,42,154.08777429467085,319,2.06,"{""adaptive_replications"": false, ""auto_repair_fail_prob"": 0.6, ""auto_repair_time"": 120.0, ""bad_server_regen_interval"": 43200, ""bad_server_regeneration"": false, ""confidence_level"": 0.95, ""diagnosis_probability"": 1.0, ""diagnosis_uncertainty"": 0.0, ""enable_topology"": false, ""failure_distribution"": ""exponential"", ""host_selection_time"": 3.0, ""job_length"": 20160, ""job_size"": 4096, ""lognormal_sigma"": 1.0, ""manual_repair_fail_prob"": 0.4, ""manual_repair_time"": 2880.0, ""max_replications"": 1000, ""num_replications"": 30, ""preemption_wait_time"": 20.0, ""prob_auto_to_manual"": 0.8, ""rack_size"": 8, ""random_failure_rate"": 1.388888888888889e-05, ""recovery_time"": 60.0, ""relative_accuracy"": 0.05, ""seed"": 42, ""spare_pool_size"": 200, ""systematic_failure_fraction"": 0.08, ""systematic_failure_rate_multiplier"": 10.0, ""warm_standbys"": 16, ""weibull_shape"": 1.0, ""working_pool_size"": 4600}"
da28d045aeb687e2f7991924bb1c67e7501cd076,2d_heatmap_sweep.py,Random+ScoredRemoval(SC_fast),DefaultHostSelection(),"ScoredRemoval(initial_score=100.0, failure_penalty=60.0, success_increment=5.0, time_period=1440, retirement_threshold=0.0)",46,4,1962.0499999999997,0.1712494584745547,1625,1207,418,1625,1330,950,675,276,198,1151,0,284,0,21,0,0,367,181.5731707317073,46,162.35060975609755,328,2.13,"{""adaptive_replications"": false, ""auto_repair_fail_prob"": 0.6, ""auto_repair_time"": 120.0, ""bad_server_regen_interval"": 43200, ""bad_server_regeneration"": false, ""confidence_level"": 0.95, ""diagnosis_probability"": 1.0, ""diagnosis_uncertainty"": 0.0, ""enable_topology"": false, ""failure_distribution"": ""exponential"", ""host_selection_time"": 3.0, ""job_length"": 20160, ""job_size"": 4096, ""lognormal_sigma"": 1.0, ""manual_repair_fail_prob"": 0.4, ""manual_repair_time"": 2880.0, ""max_replications"": 1000, ""num_replications"": 30, ""preemption_wait_time"": 20.0, ""prob_auto_to_manual"": 0.8, ""rack_size"": 8, ""random_failure_rate"": 1.388888888888889e-05, ""recovery_time"": 60.0, ""relative_accuracy"": 0.05, ""seed"": 42, ""spare_pool_size"": 200, ""systematic_failure_fraction"": 0.08, ""systematic_failure_rate_multiplier"": 10.0, ""warm_standbys"": 16, ""weibull_shape"": 1.0, ""working_pool_size"": 4600}"
da28d045aeb687e2f7991924bb1c67e7501cd076,2d_heatmap_sweep.py,Random+ScoredRemoval(SC_fast),DefaultHostSelection(),"ScoredRemoval(initial_score=100.0, failure_penalty=60.0, success_increment=5.0, time_period=1440, retirement_threshold=0.0)",47,5,1916.9500000000014,0.17527843710060242,1580,1166,414,1580,1262,910,670,259,201,1120,0,259,0,19,0,0,364,175.040625,52,158.14375,320,2.01,"{""adaptive_replications"": false, ""auto_repair_fail_prob"": 0.6, ""auto_repair_time"": 120.0, ""bad_server_regen_interval"": 43200, ""bad_server_regeneration"": false, ""confidence_level"": 0.95, ""diagnosis_probability"": 1.0, ""diagnosis_uncertainty"": 0.0, ""enable_topology"": false, ""failure_distribution"": ""exponential"", ""host_selection_time"": 3.0, ""job_length"": 20160, ""job_size"": 4096, ""lognormal_sigma"": 1.0, ""manual_repair_fail_prob"": 0.4, ""manual_repair_time"": 2880.0, ""max_replications"": 1000, ""num_replications"": 30, ""preemption_wait_time"": 20.0, ""prob_auto_to_manual"": 0.8, ""rack_size"": 8, ""random_failure_rate"": 1.388888888888889e-05, ""recovery_time"": 60.0, ""relative_accuracy"": 0.05, ""seed"": 42, ""spare_pool_size"": 200, ""systematic_failure_fraction"": 0.08, ""systematic_failure_rate_multiplier"": 10.0, ""warm_standbys"": 16, ""weibull_shape"": 1.0, ""working_pool_size"": 4600}"
da28d045aeb687e2f7991924bb1c67e7501cd076,2d_heatmap_sweep.py,Random+ScoredRemoval(SC_fast),DefaultHostSelection(),"ScoredRemoval(initial_score=100.0, failure_penalty=60.0, success_increment=5.0, time_period=1440, retirement_threshold=0.0)",48,6,1933.1,0.1738140810097764,1596,1138,458,1596,1283,923,673,282,208,1106,0,281,0,22,0,0,365,174.90402476780187,37,158.13312693498452,323,2.06,"{""adaptive_replications"": false, ""auto_repair_fail_prob"": 0.6, ""auto_repair_time"": 120.0, ""bad_server_regen_interval"": 43200, ""bad_server_regeneration"": false, ""confidence_level"": 0.95, ""diagnosis_probability"": 1.0, ""diagnosis_uncertainty"": 0.0, ""enable_topology"": false, ""failure_distribution"": ""exponential"", ""host_selection_time"": 3.0, ""job_length"": 20160, ""job_size"": 4096, ""lognormal_sigma"": 1.0, ""manual_repair_fail_prob"": 0.4, ""manual_repair_time"": 2880.0, ""max_replications"": 1000, ""num_replications"": 30, ""preemption_wait_time"": 20.0, ""prob_auto_to_manual"": 0.8, ""rack_size"": 8, ""random_failure_rate"": 1.388888888888889e-05, ""recovery_time"": 60.0, ""relative_accuracy"": 0.05, ""seed"": 42, ""spare_pool_size"": 200, ""systematic_failure_fraction"": 0.08, ""systematic_failure_rate_multiplier"": 10.0, ""warm_standbys"": 16, ""weibull_shape"": 1.0, ""working_pool_size"": 4600}"
da28d045aeb687e2f7991924bb1c67e7501cd076,2d_heatmap_sweep.py,Random+ScoredRemoval(SC_fast),DefaultHostSelection(),"ScoredRemoval(initial_score=100.0, failure_penalty=60.0, success_increment=5.0, time_period=1440, retirement_threshold=0.0)",49,7,1965.0499999999997,0.17098801557212312,1628,1185,443,1628,1319,902,726,278,209,1141,0,273,0,21,0,0,369,171.25,42,155.0579268292683,328,2.06,"{""adaptive_replications"": false, ""auto_repair_fail_prob"": 0.6, ""auto_repair_time"": 120.0, ""bad_server_regen_interval"": 43200, ""bad_server_regeneration"": false, ""confidence_level"": 0.95, ""diagnosis_probability"": 1.0, ""diagnosis_uncertainty"": 0.0, ""enable_topology"": false, ""failure_distribution"": ""exponential"", ""host_selection_time"": 3.0, ""job_length"": 20160, ""job_size"": 4096, ""lognormal_sigma"": 1.0, ""manual_repair_fail_prob"": 0.4, ""manual_repair_time"": 2880.0, ""max_replications"": 1000, ""num_replications"": 30, ""preemption_wait_time"": 20.0, ""prob_auto_to_manual"": 0.8, ""rack_size"": 8, ""random_failure_rate"": 1.388888888888889e-05, ""recovery_time"": 60.0, ""relative_accuracy"": 0.05, ""seed"": 42, ""spare_pool_size"": 200, ""systematic_failure_fraction"": 0.08, ""systematic_failure_rate_multiplier"": 10.0, ""warm_standbys"": 16, ""weibull_shape"": 1.0, ""working_pool_size"": 4600}"
da28d045aeb687e2f7991924bb1c67e7501cd076,2d_heatmap_sweep.py,Random+ScoredRemoval(SC_fast),DefaultHostSelection(),"ScoredRemoval(initial_score=100.0, failure_penalty=60.0, success_increment=5.0, time_period=1440, retirement_threshold=0.0)",50,8,1872.9499999999973,0.17939613977949215,1536,1114,422,1536,1222,871,665,264,200,1072,0,250,0,19,0,0,369,181.79233226837061,55,163.82747603833866,313,1.93,"{""adaptive_replications"": false, ""auto_repair_fail_prob"": 0.6, ""auto_repair_time"": 120.0, ""bad_server_regen_interval"": 43200, ""bad_server_regeneration"": false, ""confidence_level"": 0.95, ""diagnosis_probability"": 1.0, ""diagnosis_uncertainty"": 0.0, ""enable_topology"": false, ""failure_distribution"": ""exponential"", ""host_selection_time"": 3.0, ""job_length"": 20160, ""job_size"": 4096, ""lognormal_sigma"": 1.0, ""manual_repair_fail_prob"": 0.4, ""manual_repair_time"": 2880.0, ""max_replications"": 1000, ""num_replications"": 30, ""preemption_wait_time"": 20.0, ""prob_auto_to_manual"": 0.8, ""rack_size"": 8, ""random_failure_rate"": 1.388888888888889e-05, ""recovery_time"": 60.0, ""relative_accuracy"": 0.05, ""seed"": 42, ""spare_pool_size"": 200, ""systematic_failure_fraction"": 0.08, ""systematic_failure_rate_multiplier"": 10.0, ""warm_standbys"": 16, ""weibull_shape"": 1.0, ""working_pool_size"": 4600}"
da28d045aeb687e2f7991924bb1c67e7501cd076,2d_heatmap_sweep.py,Random+ScoredRemoval(SC_fast),DefaultHostSelection(),"ScoredRemoval(initial_score=100.0, failure_penalty=60.0, success_increment=5.0, time_period=1440, retirement_threshold=0.0)",51,9,1892.9999999999986,0.17749603803486552,1556,1108,448,1556,1231,841,715,259,233,1064,0,271,0,20,0,0,367,174.50632911392404,47,156.6740506329114,316,1.97,"{""adaptive_replications"": false, ""auto_repair_fail_prob"": 0.6, ""auto_repair_time"": 120.0, ""bad_server_regen_interval"": 43200, ""bad_server_regeneration"": false, ""confidence_level"": 0.95, ""diagnosis_probability"": 1.0, ""diagnosis_uncertainty"": 0.0, ""enable_topology"": false, ""failure_distribution"": ""exponential"", ""host_selection_time"": 3.0, ""job_length"": 20160, ""job_size"": 4096, ""lognormal_sigma"": 1.0, ""manual_repair_fail_prob"": 0.4, ""manual_repair_time"": 2880.0, ""max_replications"": 1000, ""num_replications"": 30, ""preemption_wait_time"": 20.0, ""prob_auto_to_manual"": 0.8, ""rack_size"": 8, ""random_failure_rate"": 1.388888888888889e-05, ""recovery_time"": 60.0, ""relative_accuracy"": 0.05, ""seed"": 42, ""spare_pool_size"": 200, ""systematic_failure_fraction"": 0.08, ""systematic_failure_rate_multiplier"": 10.0, ""warm_standbys"": 16, ""weibull_shape"": 1.0, ""working_pool_size"": 4600}"
da28d045aeb687e2f7991924bb1c67e7501cd076,2d_heatmap_sweep.py,FewestFailuresFirst+NeverRemove,FewestFailuresFirst(),NeverRemove(),42,0,1850.2999999999995,0.18159217424201465,1514,1112,402,1514,1212,874,640,257,176,1081,0,0,0,6,0,0,369,212.19417475728156,111,157.5695792880259,309,1.25,"{""adaptive_replications"": false, ""auto_repair_fail_prob"": 0.6, ""auto_repair_time"": 120.0, ""bad_server_regen_interval"": 43200, ""bad_server_regeneration"": false, ""confidence_level"": 0.95, ""diagnosis_probability"": 1.0, ""diagnosis_uncertainty"": 0.0, ""enable_topology"": false, ""failure_distribution"": ""exponential"", ""host_selection_time"": 3.0, ""job_length"": 20160, ""job_size"": 4096, ""lognormal_sigma"": 1.0, ""manual_repair_fail_prob"": 0.4, ""manual_repair_time"": 2880.0, ""max_replications"": 1000, ""num_replications"": 30, ""preemption_wait_time"": 20.0, ""prob_auto_to_manual"": 0.8, ""rack_size"": 8, ""random_failure_rate"": 1.388888888888889e-05, ""recovery_time"": 60.0, ""relative_accuracy"": 0.05, ""seed"": 42, ""spare_pool_size"": 200, ""systematic_failure_fraction"": 0.08, ""systematic_failure_rate_multiplier"": 10.0, ""warm_standbys"": 16, ""weibull_shape"": 1.0, ""working_pool_size"": 4600}"
da28d045aeb687e2f7991924bb1c67e7501cd076,2d_heatmap_sweep.py,FewestFailuresFirst+NeverRemove,FewestFailuresFirst(),NeverRemove(),43,1,1877.3000000000013,0.17898045064720625,1541,1133,408,1541,1192,849,692,250,197,1094,0,0,0,6,0,0,370,208.9073482428115,118,151.06070287539936,313,1.32,"{""adaptive_replications"": false, ""auto_repair_fail_prob"": 0.6, ""auto_repair_time"": 120.0, ""bad_server_regen_interval"": 43200, ""bad_server_regeneration"": false, ""confidence_level"": 0.95, ""diagnosis_probability"": 1.0, ""diagnosis_uncertainty"": 0.0, ""enable_topology"": false, ""failure_distribution"": ""exponential"", ""host_selection_time"": 3.0, ""job_length"": 20160, ""job_size"": 4096, ""lognormal_sigma"": 1.0, ""manual_repair_fail_prob"": 0.4, ""manual_repair_time"": 2880.0, ""max_replications"": 1000, ""num_replications"": 30, ""preemption_wait_time"": 20.0, ""prob_auto_to_manual"": 0.8, ""rack_size"": 8, ""random_failure_rate"": 1.388888888888889e-05, ""recovery_time"": 60.0, ""relative_accuracy"": 0.05, ""seed"": 42, ""spare_pool_size"": 200, ""systematic_failure_fraction"": 0.08, ""systematic_failure_rate_multiplier"": 10.0, ""warm_standbys"": 16, ""weibull_shape"": 1.0, ""working_pool_size"": 4600}"
da28d045aeb687e2f7991924bb1c67e7501cd076,2d_heatmap_sweep.py,FewestFailuresFirst+NeverRemove,FewestFailuresFirst(),NeverRemove(),44,2,1896.1999999999998,0.1771964982596769,1560,1138,422,1560,1222,858,702,244,224,1092,0,0,0,4,0,0,366,213.84858044164037,118,165.09779179810727,317,1.31,"{""adaptive_replications"": false, ""auto_repair_fail_prob"": 0.6, ""auto_repair_time"": 120.0, ""bad_server_regen_interval"": 43200, ""bad_server_regeneration"": false, ""confidence_level"": 0.95, ""diagnosis_probability"": 1.0, ""diagnosis_uncertainty"": 0.0, ""enable_topology"": false, ""failure_distribution"": ""exponential"", ""host_selection_time"": 3.0, ""job_length"": 20160, ""job_size"": 4096, ""lognormal_sigma"": 1.0, ""manual_repair_fail_prob"": 0.4, ""manual_repair_time"": 2880.0, ""max_replications"": 1000, ""num_replications"": 30, ""preemption_wait_time"": 20.0, ""prob_auto_to_manual"": 0.8, ""rack_size"": 8, ""random_failure_rate"": 1.388888888888889e-05, ""recovery_time"": 60.0, ""relative_accuracy"": 0.05, ""seed"": 42, ""spare_pool_size"": 200, ""systematic_failure_fraction"": 0.08, ""systematic_failure_rate_multiplier"": 10.0, ""warm_standbys"": 16, ""weibull_shape"": 1.0, ""working_pool_size"": 4600}"
da28d045aeb687e2f7991924bb1c67e7501cd076,2d_heatmap_sweep.py,FewestFailuresFirst+NeverRemove,FewestFailuresFirst(),NeverRemove(),45,3,1858.3499999999976,0.1808055533134235,1522,1130,392,1522,1193,849,673,236,203,1083,0,0,0,7,0,0,365,218.25483870967741,125,167.8967741935484,310,1.29,"{""adaptive_replications"": false, ""auto_repair_fail_prob"": 0.6, ""auto_repair_time"": 120.0, ""bad_server_regen_interval"": 43200, ""bad_server_regeneration"": false, ""confidence_level"": 0.95, ""diagnosis_probability"": 1.0, ""diagnosis_uncertainty"": 0.0, ""enable_topology"": false, ""failure_distribution"": ""exponential"", ""host_selection_time"": 3.0, ""job_length"": 20160, ""job_size"": 4096, ""lognormal_sigma"": 1.0, ""manual_repair_fail_prob"": 0.4, ""manual_repair_time"": 2880.0, ""max_replications"": 1000, ""num_replications"": 30, ""preemption_wait_time"": 20.0, ""prob_auto_to_manual"": 0.8, ""rack_size"": 8, ""random_failure_rate"": 1.388888888888889e-05, ""recovery_time"": 60.0, ""relative_accuracy"": 0.05, ""seed"": 42, ""spare_pool_size"": 200, ""systematic_failure_fraction"": 0.08, ""systematic_failure_rate_multiplier"": 10.0, ""warm_standbys"": 16, ""weibull_shape"": 1.0, ""working_pool_size"": 4600}"
da28d045aeb687e2f7991924bb1c67e7501cd076,2d_heatmap_sweep.py,FewestFailuresFirst+NeverRemove,FewestFailuresFirst(),NeverRemove(),46,4,1880.3000000000004,0.17869488911343925,1544,1133,411,1544,1233,839,705,261,192,1091,0,0,0,6,0,0,367,205.4171974522293,104,148.04777070063693,314,1.31,"{""adaptive_replications"": false, ""auto_repair_fail_prob"": 0.6, ""auto_repair_time"": 120.0, ""bad_server_regen_interval"": 43200, ""bad_server_regeneration"": false, ""confidence_level"": 0.95, ""diagnosis_probability"": 1.0, ""diagnosis_uncertainty"": 0.0, ""enable_topology"": false, ""failure_distribution"": ""exponential"", ""host_selection_time"": 3.0, ""job_length"": 20160, ""job_size"": 4096, ""lognormal_sigma"": 1.0, ""manual_repair_fail_prob"": 0.4, ""manual_repair_time"": 2880.0, ""max_replications"": 1000, ""num_replications"": 30, ""preemption_wait_time"": 20.0, ""prob_auto_to_manual"": 0.8, ""rack_size"": 8, ""random_failure_rate"": 1.388888888888889e-05, ""recovery_time"": 60.0, ""relative_accuracy"": 0.05, ""seed"": 42, ""spare_pool_size"": 200, ""systematic_failure_fraction"": 0.08, ""systematic_failure_rate_multiplier"": 10.0, ""warm_standbys"": 16, ""weibull_shape"": 1.0, ""working_pool_size"": 4600}"
da28d045aeb687e2f7991924bb1c67e7501cd076,2d_heatmap_sweep.py,FewestFailuresFirst+NeverRemove,FewestFailuresFirst(),NeverRemove(),47,5,1840.2999999999995,0.1825789273488015,1504,1097,407,1504,1211,845,659,250,200,1054,0,0,0,6,0,0,364,218.30944625407167,111,156.00325732899023,307,1.35,"{""adaptive_replications"": false, ""auto_repair_fail_prob"": 0.6, ""auto_repair_time"": 120.0, ""bad_server_regen_interval"": 43200, ""bad_server_regeneration"": false, ""confidence_level"": 0.95, ""diagnosis_probability"": 1.0, ""diagnosis_uncertainty"": 0.0, ""enable_topology"": false, ""failure_distribution"": ""exponential"", ""host_selection_time"": 3.0, ""job_length"": 20160, ""job_size"": 4096, ""lognormal_sigma"": 1.0, ""manual_repair_fail_prob"": 0.4, ""manual_repair_time"": 2880.0, ""max_replications"": 1000, ""num_replications"": 30, ""preemption_wait_time"": 20.0, ""prob_auto_to_manual"": 0.8, ""rack_size"": 8, ""random_failure_rate"": 1.388888888888889e-05, ""recovery_time"": 60.0, ""relative_accuracy"": 0.05, ""seed"": 42, ""spare_pool_size"": 200, ""systematic_failure_fraction"": 0.08, ""systematic_failure_rate_multiplier"": 10.0, ""warm_standbys"": 16, ""weibull_shape"": 1.0, ""working_pool_size"": 4600}"
da28d045aeb687e2f7991924bb1c67e7501cd076,2d_heatmap_sweep.py,FewestFailuresFirst+NeverRemove,FewestFailuresFirst(),NeverRemove(),48,6,1881.2500000000011,0.17860465116279056,1545,1136,409,1545,1220,840,705,239,206,1100,0,0,0,5,0,0,365,210.70382165605096,126,152.23566878980893,314,1.35,"{""adaptive_replications"": false, ""auto_repair_fail_prob"": 0.6, ""auto_repair_time"": 120.0, ""bad_server_regen_interval"": 43200, ""bad_server_regeneration"": false, ""confidence_level"": 0.95, ""diagnosis_probability"": 1.0, ""diagnosis_uncertainty"": 0.0, ""enable_topology"": false, ""failure_distribution"": ""exponential"", ""host_selection_time"": 3.0, ""job_length"": 20160, ""job_size"": 4096, ""lognormal_sigma"": 1.0, ""manual_repair_fail_prob"": 0.4, ""manual_repair_time"": 2880.0, ""max_replications"": 1000, ""num_replications"": 30, ""preemption_wait_time"": 20.0, ""prob_auto_to_manual"": 0.8, ""rack_size"": 8, ""random_failure_rate"": 1.388888888888889e-05, ""recovery_time"": 60.0, ""relative_accuracy"": 0.05, ""seed"": 42, ""spare_pool_size"": 200, ""systematic_failure_fraction"": 0.08, ""systematic_failure_rate_multiplier"": 10.0, ""warm_standbys"": 16, ""weibull_shape"": 1.0, ""working_pool_size"": 4600}"
da28d045aeb687e2f7991924bb1c67e7501cd076,2d_heatmap_sweep.py,FewestFailuresFirst+NeverRemove,FewestFailuresFirst(),NeverRemove(),49,7,1880.299999999999,0.17869488911343948,1544,1149,395,1544,1234,901,643,266,165,1113,0,0,0,6,0,0,369,206.61783439490446,102,153.88853503184714,314,1.33,"{""adaptive_replications"": false, ""auto_repair_fail_prob"": 0.6, ""auto_repair_time"": 120.0, ""bad_server_regen_interval"": 43200, ""bad_server_regeneration"": false, ""confidence_level"": 0.95, ""diagnosis_probability"": 1.0, ""diagnosis_uncertainty"": 0.0, ""enable_topology"": false, ""failure_distribution"": ""exponential"", ""host_selection_time"": 3.0, ""job_length"": 20160, ""job_size"": 4096, ""lognormal_sigma"": 1.0, ""manual_repair_fail_prob"": 0.4, ""manual_repair_time"": 2880.0, ""max_replications"": 1000, ""num_replications"": 30, ""preemption_wait_time"": 20.0, ""prob_auto_to_manual"": 0.8, ""rack_size"": 8, ""random_failure_rate"": 1.388888888888889e-05, ""recovery_time"": 60.0, ""relative_accuracy"": 0.05, ""seed"": 42, ""spare_pool_size"": 200, ""systematic_failure_fraction"": 0.08, ""systematic_failure_rate_multiplier"": 10.0, ""warm_standbys"": 16, ""weibull_shape"": 1.0, ""working_pool_size"": 4600}"
da28d045aeb687e2f7991924bb1c67e7501cd076,2d_heatmap_sweep.py,FewestFailuresFirst+NeverRemove,FewestFailuresFirst(),NeverRemove(),50,8,1944.2499999999984,0.17281728172817304,1608,1192,416,1608,1299,891,717,249,212,1147,0,0,0,5,0,0,369,212.08923076923077,118,156.48,325,1.39,"{""adaptive_replications"": false, ""auto_repair_fail_prob"": 0.6, ""auto_repair_time"": 120.0, ""bad_server_regen_interval"": 43200, ""bad_server_regeneration"": false, ""confidence_level"": 0.95, ""diagnosis_probability"": 1.0, ""diagnosis_uncertainty"": 0.0, ""enable_topology"": false, ""failure_distribution"": ""exponential"", ""host_selection_time"": 3.0, ""job_length"": 20160, ""job_size"": 4096, ""lognormal_sigma"": 1.0, ""manual_repair_fail_prob"": 0.4, ""manual_repair_time"": 2880.0, ""max_replications"": 1000, ""num_replications"": 30, ""preemption_wait_time"": 20.0, ""prob_auto_to_manual"": 0.8, ""rack_size"": 8, ""random_failure_rate"": 1.388888888888889e-05, ""recovery_time"": 60.0, ""relative_accuracy"": 0.05, ""seed"": 42, ""spare_pool_size"": 200, ""systematic_failure_fraction"": 0.08, ""systematic_failure_rate_multiplier"": 10.0, ""warm_standbys"": 16, ""weibull_shape"": 1.0, ""working_pool_size"": 4600}"
da28d045aeb687e2f7991924bb1c67e7501cd076,2d_heatmap_sweep.py,FewestFailuresFirst+NeverRemove,FewestFailuresFirst(),NeverRemove(),51,9,1838.4000000000005,0.18276762402088761,1502,1105,397,1502,1223,844,658,250,198,1054,0,0,0,8,0,0,367,216.79804560260587,114,154.30944625407167,307,1.28,"{""adaptive_replications"": false, ""auto_repair_fail_prob"": 0.6, ""auto_repair_time"": 120.0, ""bad_server_regen_interval"": 43200, ""bad_server_regeneration"": false, ""confidence_level"": 0.95, ""diagnosis_probability"": 1.0, ""diagnosis_uncertainty"": 0.0, ""enable_topology"": false, ""failure_distribution"": ""exponential"", ""host_selection_time"": 3.0, ""job_length"": 20160, ""job_size"": 4096, ""lognormal_sigma"": 1.0, ""manual_repair_fail_prob"": 0.4, ""manual_repair_time"": 2880.0, ""max_replications"": 1000, ""num_replications"": 30, ""preemption_wait_time"": 20.0, ""prob_auto_to_manual"": 0.8, ""rack_size"": 8, ""random_failure_rate"": 1.388888888888889e-05, ""recovery_time"": 60.0, ""relative_accuracy"": 0.05, ""seed"": 42, ""spare_pool_size"": 200, ""systematic_failure_fraction"": 0.08, ""systematic_failure_rate_multiplier"": 10.0, ""warm_standbys"": 16, ""weibull_shape"": 1.0, ""working_pool_size"": 4600}"
da28d045aeb687e2f7991924bb1c67e7501cd076,2d_heatmap_sweep.py,Random+NeverRemove,DefaultHostSelection(),NeverRemove(),42,0,2077.249999999998,0.16175231676495333,1741,1189,552,1741,1420,699,1042,249,364,1128,0,0,0,5,0,0,369,225.95677233429396,116,198.11239193083574,347,1.41,"{""adaptive_replications"": false, ""auto_repair_fail_prob"": 0.6, ""auto_repair_time"": 120.0, ""bad_server_regen_interval"": 43200, ""bad_server_regeneration"": false, ""confidence_level"": 0.95, ""diagnosis_probability"": 1.0, ""diagnosis_uncertainty"": 0.0, ""enable_topology"": false, ""failure_distribution"": ""exponential"", ""host_selection_time"": 3.0, ""job_length"": 20160, ""job_size"": 4096, ""lognormal_sigma"": 1.0, ""manual_repair_fail_prob"": 0.6, ""manual_repair_time"": 2880.0, ""max_replications"": 1000, ""num_replications"": 30, ""preemption_wait_time"": 20.0, ""prob_auto_to_manual"": 0.8, ""rack_size"": 8, ""random_failure_rate"": 1.388888888888889e-05, ""recovery_time"": 60.0, ""relative_accuracy"": 0.05, ""seed"": 42, ""spare_pool_size"": 200, ""systematic_failure_fraction"": 0.08, ""systematic_failure_rate_multiplier"": 10.0, ""warm_standbys"": 16, ""weibull_shape"": 1.0, ""working_pool_size"": 4600}"
da28d045aeb687e2f7991924bb1c67e7501cd076,2d_heatmap_sweep.py,Random+NeverRemove,DefaultHostSelection(),NeverRemove(),43,1,1961.2999999999988,0.17131494416968363,1625,1082,543,1625,1306,620,1005,228,376,1021,0,0,0,6,0,0,370,235.3822629969419,136,208.40672782874617,327,1.36,"{""adaptive_replications"": false, ""auto_repair_fail_prob"": 0.6, ""auto_repair_time"": 120.0, ""bad_server_regen_interval"": 43200, ""bad_server_regeneration"": false, ""confidence_level"": 0.95, ""diagnosis_probability"": 1.0, ""diagnosis_uncertainty"": 0.0, ""enable_topology"": false, ""failure_distribution"": ""exponential"", ""host_selection_time"": 3.0, ""job_length"": 20160, ""job_size"": 4096, ""lognormal_sigma"": 1.0, ""manual_repair_fail_prob"": 0.6, ""manual_repair_time"": 2880.0, ""max_replications"": 1000, ""num_replications"": 30, ""preemption_wait_time"": 20.0, ""prob_auto_to_manual"": 0.8, ""rack_size"": 8, ""random_failure_rate"": 1.388888888888889e-05, ""recovery_time"": 60.0, ""relative_accuracy"": 0.05, ""seed"": 42, ""spare_pool_size"": 200, ""systematic_failure_fraction"": 0.08, ""systematic_failure_rate_multiplier"": 10.0, ""warm_standbys"": 16, ""weibull_shape"": 1.0, ""working_pool_size"": 4600}"
da28d045aeb687e2f7991924bb1c67e7501cd076,2d_heatmap_sweep.py,Random+NeverRemove,DefaultHostSelection(),NeverRemove(),44,2,2013.199999999998,0.16689847009735764,1677,1159,518,1677,1326,682,995,240,343,1094,0,0,0,4,0,0,366,225.2529761904762,121,186.77380952380952,336,1.45,"{""adaptive_replications"": false, ""auto_repair_fail_prob"": 0.6, ""auto_repair_time"": 120.0, ""bad_server_regen_interval"": 43200, ""bad_server_regeneration"": false, ""confidence_level"": 0.95, ""diagnosis_probability"": 1.0, ""diagnosis_uncertainty"": 0.0, ""enable_topology"": false, ""failure_distribution"": ""exponential"", ""host_selection_time"": 3.0, ""job_length"": 20160, ""job_size"": 4096, ""lognormal_sigma"": 1.0, ""manual_repair_fail_prob"": 0.6, ""manual_repair_time"": 2880.0, ""max_replications"": 1000, ""num_replications"": 30, ""preemption_wait_time"": 20.0, ""prob_auto_to_manual"": 0.8, ""rack_size"": 8, ""random_failure_rate"": 1.388888888888889e-05, ""recovery_time"": 60.0, ""relative_accuracy"": 0.05, ""seed"": 42, ""spare_pool_size"": 200, ""systematic_failure_fraction"": 0.08, ""systematic_failure_rate_multiplier"": 10.0, ""warm_standbys"": 16, ""weibull_shape"": 1.0, ""working_pool_size"": 4600}"
da28d045aeb687e2f7991924bb1c67e7501cd076,2d_heatmap_sweep.py,Random+NeverRemove,DefaultHostSelection(),NeverRemove(),45,3,1954.2500000000007,0.17193296661123156,1618,1111,507,1618,1277,646,972,234,320,1064,0,0,0,5,0,0,365,222.0245398773006,129,190.7116564417178,326,1.39,"{""adaptive_replications"": false, ""auto_repair_fail_prob"": 0.6, ""auto_repair_time"": 120.0, ""bad_server_regen_interval"": 43200, ""bad_server_regeneration"": false, ""confidence_level"": 0.95, ""diagnosis_probability"": 1.0, ""diagnosis_uncertainty"": 0.0, ""enable_topology"": false, ""failure_distribution"": ""exponential"", ""host_selection_time"": 3.0, ""job_length"": 20160, ""job_size"": 4096, ""lognormal_sigma"": 1.0, ""manual_repair_fail_prob"": 0.6, ""manual_repair_time"": 2880.0, ""max_replications"": 1000, ""num_replications"": 30, ""preemption_wait_time"": 20.0, ""prob_auto_to_manual"": 0.8, ""rack_size"": 8, ""random_failure_rate"": 1.388888888888889e-05, ""recovery_time"": 60.0, ""relative_accuracy"": 0.05, ""seed"": 42, ""spare_pool_size"": 200, ""systematic_failure_fraction"": 0.08, ""systematic_failure_rate_multiplier"": 10.0, ""warm_standbys"": 16, ""weibull_shape"": 1.0, ""working_pool_size"": 4600}"
da28d045aeb687e2f7991924bb1c67e7501cd076,2d_heatmap_sweep.py,Random+NeverRemove,DefaultHostSelection(),NeverRemove(),46,4,2023.3499999999988,0.16606123508043608,1687,1157,530,1687,1331,687,1000,252,330,1105,0,0,0,7,0,0,367,206.85798816568047,110,183.31656804733728,338,1.45,"{""adaptive_replications"": false, ""auto_repair_fail_prob"": 0.6, ""auto_repair_time"": 120.0, ""bad_server_regen_interval"": 43200, ""bad_server_regeneration"": false, ""confidence_level"": 0.95, ""diagnosis_probability"": 1.0, ""diagnosis_uncertainty"": 0.0, ""enable_topology"": false, ""failure_distribution"": ""exponential"", ""host_selection_time"": 3.0, ""job_length"": 20160, ""job_size"": 4096, ""lognormal_sigma"": 1.0, ""manual_repair_fail_prob"": 0.6, ""manual_repair_time"": 2880.0, ""max_replications"": 1000, ""num_replications"": 30, ""preemption_wait_time"": 20.0, ""prob_auto_to_manual"": 0.8, ""rack_size"": 8, ""random_failure_rate"": 1.388888888888889e-05, ""recovery_time"": 60.0, ""relative_accuracy"": 0.05, ""seed"": 42, ""spare_pool_size"": 200, ""systematic_failure_fraction"": 0.08, ""systematic_failure_rate_multiplier"": 10.0, ""warm_standbys"": 16, ""weibull_shape"": 1.0, ""working_pool_size"": 4600}"
da28d045aeb687e2f7991924bb1c67e7501cd076,2d_heatmap_sweep.py,Random+NeverRemove,DefaultHostSelection(),NeverRemove(),47,5,2006.3,0.1674724617455013,1670,1142,528,1670,1348,670,1000,245,342,1083,0,0,0,6,0,0,364,218.36119402985074,112,189.54925373134327,335,1.43,"{""adaptive_replications"": false, ""auto_repair_fail_prob"": 0.6, ""auto_repair_time"": 120.0, ""bad_server_regen_interval"": 43200, ""bad_server_regeneration"": false, ""confidence_level"": 0.95, ""diagnosis_probability"": 1.0, ""diagnosis_uncertainty"": 0.0, ""enable_topology"": false, ""failure_distribution"": ""exponential"", ""host_selection_time"": 3.0, ""job_length"": 20160, ""job_size"": 4096, ""lognormal_sigma"": 1.0, ""manual_repair_fail_prob"": 0.6, ""manual_repair_time"": 2880.0, ""max_replications"": 1000, ""num_replications"": 30, ""preemption_wait_time"": 20.0, ""prob_auto_to_manual"": 0.8, ""rack_size"": 8, ""random_failure_rate"": 1.388888888888889e-05, ""recovery_time"": 60.0, ""relative_accuracy"": 0.05, ""seed"": 42, ""spare_pool_size"": 200, ""systematic_failure_fraction"": 0.08, ""systematic_failure_rate_multiplier"": 10.0, ""warm_standbys"": 16, ""weibull_shape"": 1.0, ""working_pool_size"": 4600}"
da28d045aeb687e2f7991924bb1c67e7501cd076,2d_heatmap_sweep.py,Random+NeverRemove,DefaultHostSelection(),NeverRemove(),48,6,1998.3499999999995,0.16813871443941253,1662,1131,531,1662,1351,658,1004,243,343,1076,0,0,0,7,0,0,365,222.79640718562874,116,196.02694610778443,334,1.44,"{""adaptive_replications"": false, ""auto_repair_fail_prob"": 0.6, ""auto_repair_time"": 120.0, ""bad_server_regen_interval"": 43200, ""bad_server_regeneration"": false, ""confidence_level"": 0.95, ""diagnosis_probability"": 1.0, ""diagnosis_uncertainty"": 0.0, ""enable_topology"": false, ""failure_distribution"": ""exponential"", ""host_selection_time"": 3.0, ""job_length"": 20160, ""job_size"": 4096, ""lognormal_sigma"": 1.0, ""manual_repair_fail_prob"": 0.6, ""manual_repair_time"": 2880.0, ""max_replications"": 1000, ""num_replications"": 30, ""preemption_wait_time"": 20.0, ""prob_auto_to_manual"": 0.8, ""rack_size"": 8, ""random_failure_rate"": 1.388888888888889e-05, ""recovery_time"": 60.0, ""relative_accuracy"": 0.05, ""seed"": 42, ""spare_pool_size"": 200, ""systematic_failure_fraction"": 0.08, ""systematic_failure_rate_multiplier"": 10.0, ""warm_standbys"": 16, ""weibull_shape"": 1.0, ""working_pool_size"": 4600}"
da28d045aeb687e2f7991924bb1c67e7501cd076,2d_heatmap_sweep.py,Random+NeverRemove,DefaultHostSelection(),NeverRemove(),49,7,2020.2499999999986,0.1663160499938129,1684,1128,556,1684,1361,656,1028,246,359,1079,0,0,0,5,0,0,369,220.81305637982197,118,190.54302670623144,337,1.67,"{""adaptive_replications"": false, ""auto_repair_fail_prob"": 0.6, ""auto_repair_time"": 120.0, ""bad_server_regen_interval"": 43200, ""bad_server_regeneration"": false, ""confidence_level"": 0.95, ""diagnosis_probability"": 1.0, ""diagnosis_uncertainty"": 0.0, ""enable_topology"": false, ""failure_distribution"": ""exponential"", ""host_selection_time"": 3.0, ""job_length"": 20160, ""job_size"": 4096, ""lognormal_sigma"": 1.0, ""manual_repair_fail_prob"": 0.6, ""manual_repair_time"": 2880.0, ""max_replications"": 1000, ""num_replications"": 30, ""preemption_wait_time"": 20.0, ""prob_auto_to_manual"": 0.8, ""rack_size"": 8, ""random_failure_rate"": 1.388888888888889e-05, ""recovery_time"": 60.0, ""relative_accuracy"": 0.05, ""seed"": 42, ""spare_pool_size"": 200, ""systematic_failure_fraction"": 0.08, ""systematic_failure_rate_multiplier"": 10.0, ""warm_standbys"": 16, ""weibull_shape"": 1.0, ""working_pool_size"": 4600}"
da28d045aeb687e2f7991924bb1c67e7501cd076,2d_heatmap_sweep.py,Random+NeverRemove,DefaultHostSelection(),NeverRemove(),50,8,1983.299999999998,0.16941461201028596,1647,1108,539,1647,1318,645,1002,220,378,1049,0,0,0,6,0,0,369,243.2296072507553,141,208.3413897280967,331,1.7,"{""adaptive_replications"": false, ""auto_repair_fail_prob"": 0.6, ""auto_repair_time"": 120.0, ""bad_server_regen_interval"": 43200, ""bad_server_regeneration"": false, ""confidence_level"": 0.95, ""diagnosis_probability"": 1.0, ""diagnosis_uncertainty"": 0.0, ""enable_topology"": false, ""failure_distribution"": ""exponential"", ""host_selection_time"": 3.0, ""job_length"": 20160, ""job_size"": 4096, ""lognormal_sigma"": 1.0, ""manual_repair_fail_prob"": 0.6, ""manual_repair_time"": 2880.0, ""max_replications"": 1000, ""num_replications"": 30, ""preemption_wait_time"": 20.0, ""prob_auto_to_manual"": 0.8, ""rack_size"": 8, ""random_failure_rate"": 1.388888888888889e-05, ""recovery_time"": 60.0, ""relative_accuracy"": 0.05, ""seed"": 42, ""spare_pool_size"": 200, ""systematic_failure_fraction"": 0.08, ""systematic_failure_rate_multiplier"": 10.0, ""warm_standbys"": 16, ""weibull_shape"": 1.0, ""working_pool_size"": 4600}"
da28d045aeb687e2f7991924bb1c67e7501cd076,2d_heatmap_sweep.py,Random+NeverRemove,DefaultHostSelection(),NeverRemove(),51,9,2034.3499999999997,0.16516331997935518,1698,1147,551,1698,1340,663,1035,238,372,1088,0,0,0,7,0,0,367,229.63529411764705,121,198.9764705882353,340,1.62,"{""adaptive_replications"": false, ""auto_repair_fail_prob"": 0.6, ""auto_repair_time"": 120.0, ""bad_server_regen_interval"": 43200, ""bad_server_regeneration"": false, ""confidence_level"": 0.95, ""diagnosis_probability"": 1.0, ""diagnosis_uncertainty"": 0.0, ""enable_topology"": false, ""failure_distribution"": ""exponential"", ""host_selection_time"": 3.0, ""job_length"": 20160, ""job_size"": 4096, ""lognormal_sigma"": 1.0, ""manual_repair_fail_prob"": 0.6, ""manual_repair_time"": 2880.0, ""max_replications"": 1000, ""num_replications"": 30, ""preemption_wait_time"": 20.0, ""prob_auto_to_manual"": 0.8, ""rack_size"": 8, ""random_failure_rate"": 1.388888888888889e-05, ""recovery_time"": 60.0, ""relative_accuracy"": 0.05, ""seed"": 42, ""spare_pool_size"": 200, ""systematic_failure_fraction"": 0.08, ""systematic_failure_rate_multiplier"": 10.0, ""warm_standbys"": 16, ""weibull_shape"": 1.0, ""working_pool_size"": 4600}"
da28d045aeb687e2f7991924bb1c67e7501cd076,2d_heatmap_sweep.py,Random+ScoredRemoval(SC_fast),DefaultHostSelection(),"ScoredRemoval(initial_score=100.0, failure_penalty=60.0, success_increment=5.0, time_period=1440, retirement_threshold=0.0)",42,0,1946.0500000000004,0.172657434289972,1609,1146,463,1609,1289,663,946,209,302,1098,0,283,0,21,0,0,369,200.8,60,180.94153846153847,325,2.03,"{""adaptive_replications"": false, ""auto_repair_fail_prob"": 0.6, ""auto_repair_time"": 120.0, ""bad_server_regen_interval"": 43200, ""bad_server_regeneration"": false, ""confidence_level"": 0.95, ""diagnosis_probability"": 1.0, ""diagnosis_uncertainty"": 0.0, ""enable_topology"": false, ""failure_distribution"": ""exponential"", ""host_selection_time"": 3.0, ""job_length"": 20160, ""job_size"": 4096, ""lognormal_sigma"": 1.0, ""manual_repair_fail_prob"": 0.6, ""manual_repair_time"": 2880.0, ""max_replications"": 1000, ""num_replications"": 30, ""preemption_wait_time"": 20.0, ""prob_auto_to_manual"": 0.8, ""rack_size"": 8, ""random_failure_rate"": 1.388888888888889e-05, ""recovery_time"": 60.0, ""relative_accuracy"": 0.05, ""seed"": 42, ""spare_pool_size"": 200, ""systematic_failure_fraction"": 0.08, ""systematic_failure_rate_multiplier"": 10.0, ""warm_standbys"": 16, ""weibull_shape"": 1.0, ""working_pool_size"": 4600}"
da28d045aeb687e2f7991924bb1c67e7501cd076,2d_heatmap_sweep.py,Random+ScoredRemoval(SC_fast),DefaultHostSelection(),"ScoredRemoval(initial_score=100.0, failure_penalty=60.0, success_increment=5.0, time_period=1440, retirement_threshold=0.0)",43,1,1960.199999999997,0.17141108050199017,1623,1153,470,1623,1322,674,949,215,302,1106,0,318,0,24,0,0,370,191.7737003058104,58,171.40978593272172,327,2.41,"{""adaptive_replications"": false, ""auto_repair_fail_prob"": 0.6, ""auto_repair_time"": 120.0, ""bad_server_regen_interval"": 43200, ""bad_server_regeneration"": false, ""confidence_level"": 0.95, ""diagnosis_probability"": 1.0, ""diagnosis_uncertainty"": 0.0, ""enable_topology"": false, ""failure_distribution"": ""exponential"", ""host_selection_time"": 3.0, ""job_length"": 20160, ""job_size"": 4096, ""lognormal_sigma"": 1.0, ""manual_repair_fail_prob"": 0.6, ""manual_repair_time"": 2880.0, ""max_replications"": 1000, ""num_replications"": 30, ""preemption_wait_time"": 20.0, ""prob_auto_to_manual"": 0.8, ""rack_size"": 8, ""random_failure_rate"": 1.388888888888889e-05, ""recovery_time"": 60.0, ""relative_accuracy"": 0.05, ""seed"": 42, ""spare_pool_size"": 200, ""systematic_failure_fraction"": 0.08, ""systematic_failure_rate_multiplier"": 10.0, ""warm_standbys"": 16, ""weibull_shape"": 1.0, ""working_pool_size"": 4600}"
da28d045aeb687e2f7991924bb1c67e7501cd076,2d_heatmap_sweep.py,Random+ScoredRemoval(SC_fast),DefaultHostSelection(),"ScoredRemoval(initial_score=100.0, failure_penalty=60.0, success_increment=5.0, time_period=1440, retirement_threshold=0.0)",44,2,1943.2,0.17291066282420786,1606,1145,461,1606,1265,630,976,198,325,1083,0,310,0,24,0,0,366,188.0216049382716,51,169.26543209876544,324,2.53,"{""adaptive_replications"": false, ""auto_repair_fail_prob"": 0.6, ""auto_repair_time"": 120.0, ""bad_server_regen_interval"": 43200, ""bad_server_regeneration"": false, ""confidence_level"": 0.95, ""diagnosis_probability"": 1.0, ""diagnosis_uncertainty"": 0.0, ""enable_topology"": false, ""failure_distribution"": ""exponential"", ""host_selection_time"": 3.0, ""job_length"": 20160, ""job_size"": 4096, ""lognormal_sigma"": 1.0, ""manual_repair_fail_prob"": 0.6, ""manual_repair_time"": 2880.0, ""max_replications"": 1000, ""num_replications"": 30, ""preemption_wait_time"": 20.0, ""prob_auto_to_manual"": 0.8, ""rack_size"": 8, ""random_failure_rate"": 1.388888888888889e-05, ""recovery_time"": 60.0, ""relative_accuracy"": 0.05, ""seed"": 42, ""spare_pool_size"": 200, ""systematic_failure_fraction"": 0.08, ""systematic_failure_rate_multiplier"": 10.0, ""warm_standbys"": 16, ""weibull_shape"": 1.0, ""working_pool_size"": 4600}"
da28d045aeb687e2f7991924bb1c67e7501cd076,2d_heatmap_sweep.py,Random+ScoredRemoval(SC_fast),DefaultHostSelection(),"ScoredRemoval(initial_score=100.0, failure_penalty=60.0, success_increment=5.0, time_period=1440, retirement_threshold=0.0)",45,3,1885.1500000000003,0.17823515370129694,1548,1097,451,1548,1244,591,957,202,298,1048,0,284,0,23,0,0,365,178.0920634920635,60,161.57777777777778,315,2.02,"{""adaptive_replications"": false, ""auto_repair_fail_prob"": 0.6, ""auto_repair_time"": 120.0, ""bad_server_regen_interval"": 43200, ""bad_server_regeneration"": false, ""confidence_level"": 0.95, ""diagnosis_probability"": 1.0, ""diagnosis_uncertainty"": 0.0, ""enable_topology"": false, ""failure_distribution"": ""exponential"", ""host_selection_time"": 3.0, ""job_length"": 20160, ""job_size"": 4096, ""lognormal_sigma"": 1.0, ""manual_repair_fail_prob"": 0.6, ""manual_repair_time"": 2880.0, ""max_replications"": 1000, ""num_replications"": 30, ""preemption_wait_time"": 20.0, ""prob_auto_to_manual"": 0.8, ""rack_size"": 8, ""random_failure_rate"": 1.388888888888889e-05, ""recovery_time"": 60.0, ""relative_accuracy"": 0.05, ""seed"": 42, ""spare_pool_size"": 200, ""systematic_failure_fraction"": 0.08, ""systematic_failure_rate_multiplier"": 10.0, ""warm_standbys"": 16, ""weibull_shape"": 1.0, ""working_pool_size"": 4600}"
da28d045aeb687e2f7991924bb1c67e7501cd076,2d_heatmap_sweep.py,Random+ScoredRemoval(SC_fast),DefaultHostSelection(),"ScoredRemoval(initial_score=100.0, failure_penalty=60.0, success_increment=5.0, time_period=1440, retirement_threshold=0.0)",46,4,1912.0999999999983,0.1757230270383352,1575,1111,464,1575,1249,650,925,210,294,1071,0,294,0,22,0,0,367,192.29467084639498,56,172.3730407523511,319,2.06,"{""adaptive_replications"": false, ""auto_repair_fail_prob"": 0.6, ""auto_repair_time"": 120.0, ""bad_server_regen_interval"": 43200, ""bad_server_regeneration"": false, ""confidence_level"": 0.95, ""diagnosis_probability"": 1.0, ""diagnosis_uncertainty"": 0.0, ""enable_topology"": false, ""failure_distribution"": ""exponential"", ""host_selection_time"": 3.0, ""job_length"": 20160, ""job_size"": 4096, ""lognormal_sigma"": 1.0, ""manual_repair_fail_prob"": 0.6, ""manual_repair_time"": 2880.0, ""max_replications"": 1000, ""num_replications"": 30, ""preemption_wait_time"": 20.0, ""prob_auto_to_manual"": 0.8, ""rack_size"": 8, ""random_failure_rate"": 1.388888888888889e-05, ""recovery_time"": 60.0, ""relative_accuracy"": 0.05, ""seed"": 42, ""spare_pool_size"": 200, ""systematic_failure_fraction"": 0.08, ""systematic_failure_rate_multiplier"": 10.0, ""warm_standbys"": 16, ""weibull_shape"": 1.0, ""working_pool_size"": 4600}"
da28d045aeb687e2f7991924bb1c67e7501cd076,2d_heatmap_sweep.py,Random+ScoredRemoval(SC_fast),DefaultHostSelection(),"ScoredRemoval(initial_score=100.0, failure_penalty=60.0, success_increment=5.0, time_period=1440, retirement_threshold=0.0)",47,5,1921.1,0.17489979699130706,1584,1131,453,1584,1257,649,935,192,312,1080,0,297,0,22,0,0,364,192.37383177570092,61,173.33644859813083,321,2.09,"{""adaptive_replications"": false, ""auto_repair_fail_prob"": 0.6, ""auto_repair_time"": 120.0, ""bad_server_regen_interval"": 43200, ""bad_server_regeneration"": false, ""confidence_level"": 0.95, ""diagnosis_probability"": 1.0, ""diagnosis_uncertainty"": 0.0, ""enable_topology"": false, ""failure_distribution"": ""exponential"", ""host_selection_time"": 3.0, ""job_length"": 20160, ""job_size"": 4096, ""lognormal_sigma"": 1.0, ""manual_repair_fail_prob"": 0.6, ""manual_repair_time"": 2880.0, ""max_replications"": 1000, ""num_replications"": 30, ""preemption_wait_time"": 20.0, ""prob_auto_to_manual"": 0.8, ""rack_size"": 8, ""random_failure_rate"": 1.388888888888889e-05, ""recovery_time"": 60.0, ""relative_accuracy"": 0.05, ""seed"": 42, ""spare_pool_size"": 200, ""systematic_failure_fraction"": 0.08, ""systematic_failure_rate_multiplier"": 10.0, ""warm_standbys"": 16, ""weibull_shape"": 1.0, ""working_pool_size"": 4600}"
da28d045aeb687e2f7991924bb1c67e7501cd076,2d_heatmap_sweep.py,Random+ScoredRemoval(SC_fast),DefaultHostSelection(),"ScoredRemoval(initial_score=100.0, failure_penalty=60.0, success_increment=5.0, time_period=1440, retirement_threshold=0.0)",48,6,1938.2000000000005,0.17335672273243216,1601,1127,474,1601,1293,637,964,209,314,1078,0,308,0,24,0,0,365,187.9537037037037,52,168.37345679012347,324,2.07,"{""adaptive_replications"": false, ""auto_repair_fail_prob"": 0.6, ""auto_repair_time"": 120.0, ""bad_server_regen_interval"": 43200, ""bad_server_regeneration"": false, ""confidence_level"": 0.95, ""diagnosis_probability"": 1.0, ""diagnosis_uncertainty"": 0.0, ""enable_topology"": false, ""failure_distribution"": ""exponential"", ""host_selection_time"": 3.0, ""job_length"": 20160, ""job_size"": 4096, ""lognormal_sigma"": 1.0, ""manual_repair_fail_prob"": 0.6, ""manual_repair_time"": 2880.0, ""max_replications"": 1000, ""num_replications"": 30, ""preemption_wait_time"": 20.0, ""prob_auto_to_manual"": 0.8, ""rack_size"": 8, ""random_failure_rate"": 1.388888888888889e-05, ""recovery_time"": 60.0, ""relative_accuracy"": 0.05, ""seed"": 42, ""spare_pool_size"": 200, ""systematic_failure_fraction"": 0.08, ""systematic_failure_rate_multiplier"": 10.0, ""warm_standbys"": 16, ""weibull_shape"": 1.0, ""working_pool_size"": 4600}"
da28d045aeb687e2f7991924bb1c67e7501cd076,2d_heatmap_sweep.py,Random+ScoredRemoval(SC_fast),DefaultHostSelection(),"ScoredRemoval(initial_score=100.0, failure_penalty=60.0, success_increment=5.0, time_period=1440, retirement_threshold=0.0)",49,7,2003.1499999999987,0.1677358160896589,1666,1182,484,1666,1331,677,989,219,298,1149,0,308,0,23,0,0,369,186.1556886227545,53,167.75449101796409,334,2.26,"{""adaptive_replications"": false, ""auto_repair_fail_prob"": 0.6, ""auto_repair_time"": 120.0, ""bad_server_regen_interval"": 43200, ""bad_server_regeneration"": false, ""confidence_level"": 0.95, ""diagnosis_probability"": 1.0, ""diagnosis_uncertainty"": 0.0, ""enable_topology"": false, ""failure_distribution"": ""exponential"", ""host_selection_time"": 3.0, ""job_length"": 20160, ""job_size"": 4096, ""lognormal_sigma"": 1.0, ""manual_repair_fail_prob"": 0.6, ""manual_repair_time"": 2880.0, ""max_replications"": 1000, ""num_replications"": 30, ""preemption_wait_time"": 20.0, ""prob_auto_to_manual"": 0.8, ""rack_size"": 8, ""random_failure_rate"": 1.388888888888889e-05, ""recovery_time"": 60.0, ""relative_accuracy"": 0.05, ""seed"": 42, ""spare_pool_size"": 200, ""systematic_failure_fraction"": 0.08, ""systematic_failure_rate_multiplier"": 10.0, ""warm_standbys"": 16, ""weibull_shape"": 1.0, ""working_pool_size"": 4600}"
da28d045aeb687e2f7991924bb1c67e7501cd076,2d_heatmap_sweep.py,Random+ScoredRemoval(SC_fast),DefaultHostSelection(),"ScoredRemoval(initial_score=100.0, failure_penalty=60.0, success_increment=5.0, time_period=1440, retirement_threshold=0.0)",50,8,1933.0999999999976,0.17381408100977686,1596,1135,461,1596,1292,626,970,201,313,1082,0,297,0,22,0,0,369,202.5077399380805,69,182.43962848297213,323,2.14,"{""adaptive_replications"": false, ""auto_repair_fail_prob"": 0.6, ""auto_repair_time"": 120.0, ""bad_server_regen_interval"": 43200, ""bad_server_regeneration"": false, ""confidence_level"": 0.95, ""diagnosis_probability"": 1.0, ""diagnosis_uncertainty"": 0.0, ""enable_topology"": false, ""failure_distribution"": ""exponential"", ""host_selection_time"": 3.0, ""job_length"": 20160, ""job_size"": 4096, ""lognormal_sigma"": 1.0, ""manual_repair_fail_prob"": 0.6, ""manual_repair_time"": 2880.0, ""max_replications"": 1000, ""num_replications"": 30, ""preemption_wait_time"": 20.0, ""prob_auto_to_manual"": 0.8, ""rack_size"": 8, ""random_failure_rate"": 1.388888888888889e-05, ""recovery_time"": 60.0, ""relative_accuracy"": 0.05, ""seed"": 42, ""spare_pool_size"": 200, ""systematic_failure_fraction"": 0.08, ""systematic_failure_rate_multiplier"": 10.0, ""warm_standbys"": 16, ""weibull_shape"": 1.0, ""working_pool_size"": 4600}"
da28d045aeb687e2f7991924bb1c67e7501cd076,2d_heatmap_sweep.py,Random+ScoredRemoval(SC_fast),DefaultHostSelection(),"ScoredRemoval(initial_score=100.0, failure_penalty=60.0, success_increment=5.0, time_period=1440, retirement_threshold=0.0)",51,9,1981.2000000000005,0.1695941853422168,1644,1194,450,1644,1306,660,984,197,306,1141,0,321,0,24,0,0,367,199.13897280966768,78,179.3534743202417,331,2.16,"{""adaptive_replications"": false, ""auto_repair_fail_prob"": 0.6, ""auto_repair_time"": 120.0, ""bad_server_regen_interval"": 43200, ""bad_server_regeneration"": false, ""confidence_level"": 0.95, ""diagnosis_probability"": 1.0, ""diagnosis_uncertainty"": 0.0, ""enable_topology"": false, ""failure_distribution"": ""exponential"", ""host_selection_time"": 3.0, ""job_length"": 20160, ""job_size"": 4096, ""lognormal_sigma"": 1.0, ""manual_repair_fail_prob"": 0.6, ""manual_repair_time"": 2880.0, ""max_replications"": 1000, ""num_replications"": 30, ""preemption_wait_time"": 20.0, ""prob_auto_to_manual"": 0.8, ""rack_size"": 8, ""random_failure_rate"": 1.388888888888889e-05, ""recovery_time"": 60.0, ""relative_accuracy"": 0.05, ""seed"": 42, ""spare_pool_size"": 200, ""systematic_failure_fraction"": 0.08, ""systematic_failure_rate_multiplier"": 10.0, ""warm_standbys"": 16, ""weibull_shape"": 1.0, ""working_pool_size"": 4600}"
da28d045aeb687e2f7991924bb1c67e7501cd076,2d_heatmap_sweep.py,FewestFailuresFirst+NeverRemove,FewestFailuresFirst(),NeverRemove(),42,0,1894.4000000000044,0.1773648648648646,1558,1122,436,1558,1259,647,911,197,283,1078,0,0,0,8,0,0,369,244.9873417721519,170,176.45886075949366,316,1.3,"{""adaptive_replications"": false, ""auto_repair_fail_prob"": 0.6, ""auto_repair_time"": 120.0, ""bad_server_regen_interval"": 43200, ""bad_server_regeneration"": false, ""confidence_level"": 0.95, ""diagnosis_probability"": 1.0, ""diagnosis_uncertainty"": 0.0, ""enable_topology"": false, ""failure_distribution"": ""exponential"", ""host_selection_time"": 3.0, ""job_length"": 20160, ""job_size"": 4096, ""lognormal_sigma"": 1.0, ""manual_repair_fail_prob"": 0.6, ""manual_repair_time"": 2880.0, ""max_replications"": 1000, ""num_replications"": 30, ""preemption_wait_time"": 20.0, ""prob_auto_to_manual"": 0.8, ""rack_size"": 8, ""random_failure_rate"": 1.388888888888889e-05, ""recovery_time"": 60.0, ""relative_accuracy"": 0.05, ""seed"": 42, ""spare_pool_size"": 200, ""systematic_failure_fraction"": 0.08, ""systematic_failure_rate_multiplier"": 10.0, ""warm_standbys"": 16, ""weibull_shape"": 1.0, ""working_pool_size"": 4600}"
da28d045aeb687e2f7991924bb1c67e7501cd076,2d_heatmap_sweep.py,FewestFailuresFirst+NeverRemove,FewestFailuresFirst(),NeverRemove(),43,1,1914.3500000000017,0.17551649384908727,1578,1134,444,1578,1261,621,957,200,290,1088,0,0,0,7,0,0,370,244.259375,167,171.3,320,1.4,"{""adaptive_replications"": false, ""auto_repair_fail_prob"": 0.6, ""auto_repair_time"": 120.0, ""bad_server_regen_interval"": 43200, ""bad_server_regeneration"": false, ""confidence_level"": 0.95, ""diagnosis_probability"": 1.0, ""diagnosis_uncertainty"": 0.0, ""enable_topology"": false, ""failure_distribution"": ""exponential"", ""host_selection_time"": 3.0, ""job_length"": 20160, ""job_size"": 4096, ""lognormal_sigma"": 1.0, ""manual_repair_fail_prob"": 0.6, ""manual_repair_time"": 2880.0, ""max_replications"": 1000, ""num_replications"": 30, ""preemption_wait_time"": 20.0, ""prob_auto_to_manual"": 0.8, ""rack_size"": 8, ""random_failure_rate"": 1.388888888888889e-05, ""recovery_time"": 60.0, ""relative_accuracy"": 0.05, ""seed"": 42, ""spare_pool_size"": 200, ""systematic_failure_fraction"": 0.08, ""systematic_failure_rate_multiplier"": 10.0, ""warm_standbys"": 16, ""weibull_shape"": 1.0, ""working_pool_size"": 4600}"
da28d045aeb687e2f7991924bb1c67e7501cd076,2d_heatmap_sweep.py,FewestFailuresFirst+NeverRemove,FewestFailuresFirst(),NeverRemove(),44,2,1901.3000000000031,0.17672119076421358,1565,1123,442,1565,1253,628,937,199,284,1082,0,0,0,6,0,0,366,239.74447949526814,165,163.93059936908517,317,1.35,"{""adaptive_replications"": false, ""auto_repair_fail_prob"": 0.6, ""auto_repair_time"": 120.0, ""bad_server_regen_interval"": 43200, ""bad_server_regeneration"": false, ""confidence_level"": 0.95, ""diagnosis_probability"": 1.0, ""diagnosis_uncertainty"": 0.0, ""enable_topology"": false, ""failure_distribution"": ""exponential"", ""host_selection_time"": 3.0, ""job_length"": 20160, ""job_size"": 4096, ""lognormal_sigma"": 1.0, ""manual_repair_fail_prob"": 0.6, ""manual_repair_time"": 2880.0, ""max_replications"": 1000, ""num_replications"": 30, ""preemption_wait_time"": 20.0, ""prob_auto_to_manual"": 0.8, ""rack_size"": 8, ""random_failure_rate"": 1.388888888888889e-05, ""recovery_time"": 60.0, ""relative_accuracy"": 0.05, ""seed"": 42, ""spare_pool_size"": 200, ""systematic_failure_fraction"": 0.08, ""systematic_failure_rate_multiplier"": 10.0, ""warm_standbys"": 16, ""weibull_shape"": 1.0, ""working_pool_size"": 4600}"
da28d045aeb687e2f7991924bb1c67e7501cd076,2d_heatmap_sweep.py,FewestFailuresFirst+NeverRemove,FewestFailuresFirst(),NeverRemove(),45,3,1897.3000000000006,0.17709376482369715,1561,1135,426,1561,1226,665,896,199,267,1095,0,0,0,6,0,0,365,239.23028391167193,163,177.2839116719243,317,1.33,"{""adaptive_replications"": false, ""auto_repair_fail_prob"": 0.6, ""auto_repair_time"": 120.0, ""bad_server_regen_interval"": 43200, ""bad_server_regeneration"": false, ""confidence_level"": 0.95, ""diagnosis_probability"": 1.0, ""diagnosis_uncertainty"": 0.0, ""enable_topology"": false, ""failure_distribution"": ""exponential"", ""host_selection_time"": 3.0, ""job_length"": 20160, ""job_size"": 4096, ""lognormal_sigma"": 1.0, ""manual_repair_fail_prob"": 0.6, ""manual_repair_time"": 2880.0, ""max_replications"": 1000, ""num_replications"": 30, ""preemption_wait_time"": 20.0, ""prob_auto_to_manual"": 0.8, ""rack_size"": 8, ""random_failure_rate"": 1.388888888888889e-05, ""recovery_time"": 60.0, ""relative_accuracy"": 0.05, ""seed"": 42, ""spare_pool_size"": 200, ""systematic_failure_fraction"": 0.08, ""systematic_failure_rate_multiplier"": 10.0, ""warm_standbys"": 16, ""weibull_shape"": 1.0, ""working_pool_size"": 4600}"
da28d045aeb687e2f7991924bb1c67e7501cd076,2d_heatmap_sweep.py,FewestFailuresFirst+NeverRemove,FewestFailuresFirst(),NeverRemove(),46,4,1934.3000000000018,0.17370625032311438,1598,1157,441,1598,1277,625,973,191,300,1107,0,0,0,6,0,0,367,249.60681114551085,175,160.09597523219813,323,1.33,"{""adaptive_replications"": false, ""auto_repair_fail_prob"": 0.6, ""auto_repair_time"": 120.0, ""bad_server_regen_interval"": 43200, ""bad_server_regeneration"": false, ""confidence_level"": 0.95, ""diagnosis_probability"": 1.0, ""diagnosis_uncertainty"": 0.0, ""enable_topology"": false, ""failure_distribution"": ""exponential"", ""host_selection_time"": 3.0, ""job_length"": 20160, ""job_size"": 4096, ""lognormal_sigma"": 1.0, ""manual_repair_fail_prob"": 0.6, ""manual_repair_time"": 2880.0, ""max_replications"": 1000, ""num_replications"": 30, ""preemption_wait_time"": 20.0, ""prob_auto_to_manual"": 0.8, ""rack_size"": 8, ""random_failure_rate"": 1.388888888888889e-05, ""recovery_time"": 60.0, ""relative_accuracy"": 0.05, ""seed"": 42, ""spare_pool_size"": 200, ""systematic_failure_fraction"": 0.08, ""systematic_failure_rate_multiplier"": 10.0, ""warm_standbys"": 16, ""weibull_shape"": 1.0, ""working_pool_size"": 4600}"
da28d045aeb687e2f7991924bb1c67e7501cd076,2d_heatmap_sweep.py,FewestFailuresFirst+NeverRemove,FewestFailuresFirst(),NeverRemove(),47,5,1897.3499999999972,0.1770890979524076,1561,1099,462,1561,1263,632,929,199,306,1056,0,0,0,7,0,0,364,243.98422712933754,161,167.1198738170347,317,1.32,"{""adaptive_replications"": false, ""auto_repair_fail_prob"": 0.6, ""auto_repair_time"": 120.0, ""bad_server_regen_interval"": 43200, ""bad_server_regeneration"": false, ""confidence_level"": 0.95, ""diagnosis_probability"": 1.0, ""diagnosis_uncertainty"": 0.0, ""enable_topology"": false, ""failure_distribution"": ""exponential"", ""host_selection_time"": 3.0, ""job_length"": 20160, ""job_size"": 4096, ""lognormal_sigma"": 1.0, ""manual_repair_fail_prob"": 0.6, ""manual_repair_time"": 2880.0, ""max_replications"": 1000, ""num_replications"": 30, ""preemption_wait_time"": 20.0, ""prob_auto_to_manual"": 0.8, ""rack_size"": 8, ""random_failure_rate"": 1.388888888888889e-05, ""recovery_time"": 60.0, ""relative_accuracy"": 0.05, ""seed"": 42, ""spare_pool_size"": 200, ""systematic_failure_fraction"": 0.08, ""systematic_failure_rate_multiplier"": 10.0, ""warm_standbys"": 16, ""weibull_shape"": 1.0, ""working_pool_size"": 4600}"
da28d045aeb687e2f7991924bb1c67e7501cd076,2d_heatmap_sweep.py,FewestFailuresFirst+NeverRemove,FewestFailuresFirst(),NeverRemove(),48,6,1884.3499999999985,0.17831082336084114,1548,1081,467,1548,1224,616,932,193,310,1045,0,0,0,7,0,0,365,245.48253968253968,165,159.41904761904763,315,1.32,"{""adaptive_replications"": false, ""auto_repair_fail_prob"": 0.6, ""auto_repair_time"": 120.0, ""bad_server_regen_interval"": 43200, ""bad_server_regeneration"": false, ""confidence_level"": 0.95, ""diagnosis_probability"": 1.0, ""diagnosis_uncertainty"": 0.0, ""enable_topology"": false, ""failure_distribution"": ""exponential"", ""host_selection_time"": 3.0, ""job_length"": 20160, ""job_size"": 4096, ""lognormal_sigma"": 1.0, ""manual_repair_fail_prob"": 0.6, ""manual_repair_time"": 2880.0, ""max_replications"": 1000, ""num_replications"": 30, ""preemption_wait_time"": 20.0, ""prob_auto_to_manual"": 0.8, ""rack_size"": 8, ""random_failure_rate"": 1.388888888888889e-05, ""recovery_time"": 60.0, ""relative_accuracy"": 0.05, ""seed"": 42, ""spare_pool_size"": 200, ""systematic_failure_fraction"": 0.08, ""systematic_failure_rate_multiplier"": 10.0, ""warm_standbys"": 16, ""weibull_shape"": 1.0, ""working_pool_size"": 4600}"
da28d045aeb687e2f7991924bb1c67e7501cd076,2d_heatmap_sweep.py,FewestFailuresFirst+NeverRemove,FewestFailuresFirst(),NeverRemove(),49,7,1951.3500000000015,0.17218848489507235,1615,1195,420,1615,1301,666,949,204,260,1151,0,0,0,7,0,0,369,244.09815950920245,161,170.30368098159508,326,1.38,"{""adaptive_replications"": false, ""auto_repair_fail_prob"": 0.6, ""auto_repair_time"": 120.0, ""bad_server_regen_interval"": 43200, ""bad_server_regeneration"": false, ""confidence_level"": 0.95, ""diagnosis_probability"": 1.0, ""diagnosis_uncertainty"": 0.0, ""enable_topology"": false, ""failure_distribution"": ""exponential"", ""host_selection_time"": 3.0, ""job_length"": 20160, ""job_size"": 4096, ""lognormal_sigma"": 1.0, ""manual_repair_fail_prob"": 0.6, ""manual_repair_time"": 2880.0, ""max_replications"": 1000, ""num_replications"": 30, ""preemption_wait_time"": 20.0, ""prob_auto_to_manual"": 0.8, ""rack_size"": 8, ""random_failure_rate"": 1.388888888888889e-05, ""recovery_time"": 60.0, ""relative_accuracy"": 0.05, ""seed"": 42, ""spare_pool_size"": 200, ""systematic_failure_fraction"": 0.08, ""systematic_failure_rate_multiplier"": 10.0, ""warm_standbys"": 16, ""weibull_shape"": 1.0, ""working_pool_size"": 4600}"
da28d045aeb687e2f7991924bb1c67e7501cd076,2d_heatmap_sweep.py,FewestFailuresFirst+NeverRemove,FewestFailuresFirst(),NeverRemove(),50,8,1878.3000000000009,0.17888516211467845,1542,1109,433,1542,1245,616,926,200,283,1059,0,0,0,6,0,0,369,241.77070063694268,166,167.77388535031847,314,1.32,"{""adaptive_replications"": false, ""auto_repair_fail_prob"": 0.6, ""auto_repair_time"": 120.0, ""bad_server_regen_interval"": 43200, ""bad_server_regeneration"": false, ""confidence_level"": 0.95, ""diagnosis_probability"": 1.0, ""diagnosis_uncertainty"": 0.0, ""enable_topology"": false, ""failure_distribution"": ""exponential"", ""host_selection_time"": 3.0, ""job_length"": 20160, ""job_size"": 4096, ""lognormal_sigma"": 1.0, ""manual_repair_fail_prob"": 0.6, ""manual_repair_time"": 2880.0, ""max_replications"": 1000, ""num_replications"": 30, ""preemption_wait_time"": 20.0, ""prob_auto_to_manual"": 0.8, ""rack_size"": 8, ""random_failure_rate"": 1.388888888888889e-05, ""recovery_time"": 60.0, ""relative_accuracy"": 0.05, ""seed"": 42, ""spare_pool_size"": 200, ""systematic_failure_fraction"": 0.08, ""systematic_failure_rate_multiplier"": 10.0, ""warm_standbys"": 16, ""weibull_shape"": 1.0, ""working_pool_size"": 4600}"
da28d045aeb687e2f7991924bb1c67e7501cd076,2d_heatmap_sweep.py,FewestFailuresFirst+NeverRemove,FewestFailuresFirst(),NeverRemove(),51,9,1982.149999999998,0.16951290265620692,1646,1105,541,1646,1309,628,1018,215,373,1058,0,0,0,3,0,0,367,234.25981873111783,149,189.79456193353474,331,1.43,"{""adaptive_replications"": false, ""auto_repair_fail_prob"": 0.6, ""auto_repair_time"": 120.0, ""bad_server_regen_interval"": 43200, ""bad_server_regeneration"": false, ""confidence_level"": 0.95, ""diagnosis_probability"": 1.0, ""diagnosis_uncertainty"": 0.0, ""enable_topology"": false, ""failure_distribution"": ""exponential"", ""host_selection_time"": 3.0, ""job_length"": 20160, ""job_size"": 4096, ""lognormal_sigma"": 1.0, ""manual_repair_fail_prob"": 0.6, ""manual_repair_time"": 2880.0, ""max_replications"": 1000, ""num_replications"": 30, ""preemption_wait_time"": 20.0, ""prob_auto_to_manual"": 0.8, ""rack_size"": 8, ""random_failure_rate"": 1.388888888888889e-05, ""recovery_time"": 60.0, ""relative_accuracy"": 0.05, ""seed"": 42, ""spare_pool_size"": 200, ""systematic_failure_fraction"": 0.08, ""systematic_failure_rate_multiplier"": 10.0, ""warm_standbys"": 16, ""weibull_shape"": 1.0, ""working_pool_size"": 4600}"
da28d045aeb687e2f7991924bb1c67e7501cd076,2d_heatmap_sweep.py,Random+NeverRemove,DefaultHostSelection(),NeverRemove(),42,0,2118.350000000004,0.15861401562536886,1782,1163,619,1782,1420,510,1272,200,478,1104,0,0,0,7,0,0,369,260.2570621468927,162,230.53954802259886,354,1.47,"{""adaptive_replications"": false, ""auto_repair_fail_prob"": 0.6, ""auto_repair_time"": 120.0, ""bad_server_regen_interval"": 43200, ""bad_server_regeneration"": false, ""confidence_level"": 0.95, ""diagnosis_probability"": 1.0, ""diagnosis_uncertainty"": 0.0, ""enable_topology"": false, ""failure_distribution"": ""exponential"", ""host_selection_time"": 3.0, ""job_length"": 20160, ""job_size"": 4096, ""lognormal_sigma"": 1.0, ""manual_repair_fail_prob"": 0.75, ""manual_repair_time"": 2880.0, ""max_replications"": 1000, ""num_replications"": 30, ""preemption_wait_time"": 20.0, ""prob_auto_to_manual"": 0.8, ""rack_size"": 8, ""random_failure_rate"": 1.388888888888889e-05, ""recovery_time"": 60.0, ""relative_accuracy"": 0.05, ""seed"": 42, ""spare_pool_size"": 200, ""systematic_failure_fraction"": 0.08, ""systematic_failure_rate_multiplier"": 10.0, ""warm_standbys"": 16, ""weibull_shape"": 1.0, ""working_pool_size"": 4600}"
da28d045aeb687e2f7991924bb1c67e7501cd076,2d_heatmap_sweep.py,Random+NeverRemove,DefaultHostSelection(),NeverRemove(),43,1,2048.400000000002,0.16403046280023442,1712,1112,600,1712,1358,504,1208,212,454,1046,0,0,0,8,0,0,370,249.0701754385965,152,214.2514619883041,342,1.44,"{""adaptive_replications"": false, ""auto_repair_fail_prob"": 0.6, ""auto_repair_time"": 120.0, ""bad_server_regen_interval"": 43200, ""bad_server_regeneration"": false, ""confidence_level"": 0.95, ""diagnosis_probability"": 1.0, ""diagnosis_uncertainty"": 0.0, ""enable_topology"": false, ""failure_distribution"": ""exponential"", ""host_selection_time"": 3.0, ""job_length"": 20160, ""job_size"": 4096, ""lognormal_sigma"": 1.0, ""manual_repair_fail_prob"": 0.75, ""manual_repair_time"": 2880.0, ""max_replications"": 1000, ""num_replications"": 30, ""preemption_wait_time"": 20.0, ""prob_auto_to_manual"": 0.8, ""rack_size"": 8, ""random_failure_rate"": 1.388888888888889e-05, ""recovery_time"": 60.0, ""relative_accuracy"": 0.05, ""seed"": 42, ""spare_pool_size"": 200, ""systematic_failure_fraction"": 0.08, ""systematic_failure_rate_multiplier"": 10.0, ""warm_standbys"": 16, ""weibull_shape"": 1.0, ""working_pool_size"": 4600}"
da28d045aeb687e2f7991924bb1c67e7501cd076,2d_heatmap_sweep.py,Random+NeverRemove,DefaultHostSelection(),NeverRemove(),44,2,2060.3000000000006,0.16308304615832656,1724,1177,547,1724,1370,534,1190,202,413,1109,0,0,0,6,0,0,366,249.54651162790697,151,213.2325581395349,344,1.49,"{""adaptive_replications"": false, ""auto_repair_fail_prob"": 0.6, ""auto_repair_time"": 120.0, ""bad_server_regen_interval"": 43200, ""bad_server_regeneration"": false, ""confidence_level"": 0.95, ""diagnosis_probability"": 1.0, ""diagnosis_uncertainty"": 0.0, ""enable_topology"": false, ""failure_distribution"": ""exponential"", ""host_selection_time"": 3.0, ""job_length"": 20160, ""job_size"": 4096, ""lognormal_sigma"": 1.0, ""manual_repair_fail_prob"": 0.75, ""manual_repair_time"": 2880.0, ""max_replications"": 1000, ""num_replications"": 30, ""preemption_wait_time"": 20.0, ""prob_auto_to_manual"": 0.8, ""rack_size"": 8, ""random_failure_rate"": 1.388888888888889e-05, ""recovery_time"": 60.0, ""relative_accuracy"": 0.05, ""seed"": 42, ""spare_pool_size"": 200, ""systematic_failure_fraction"": 0.08, ""systematic_failure_rate_multiplier"": 10.0, ""warm_standbys"": 16, ""weibull_shape"": 1.0, ""working_pool_size"": 4600}"
da28d045aeb687e2f7991924bb1c67e7501cd076,2d_heatmap_sweep.py,Random+NeverRemove,DefaultHostSelection(),NeverRemove(),45,3,2076.2999999999984,0.1618263256754807,1740,1121,619,1740,1375,489,1251,194,484,1062,0,0,0,6,0,0,365,250.12391930835736,164,217.0835734870317,347,1.59,"{""adaptive_replications"": false, ""auto_repair_fail_prob"": 0.6, ""auto_repair_time"": 120.0, ""bad_server_regen_interval"": 43200, ""bad_server_regeneration"": false, ""confidence_level"": 0.95, ""diagnosis_probability"": 1.0, ""diagnosis_uncertainty"": 0.0, ""enable_topology"": false, ""failure_distribution"": ""exponential"", ""host_selection_time"": 3.0, ""job_length"": 20160, ""job_size"": 4096, ""lognormal_sigma"": 1.0, ""manual_repair_fail_prob"": 0.75, ""manual_repair_time"": 2880.0, ""max_replications"": 1000, ""num_replications"": 30, ""preemption_wait_time"": 20.0, ""prob_auto_to_manual"": 0.8, ""rack_size"": 8, ""random_failure_rate"": 1.388888888888889e-05, ""recovery_time"": 60.0, ""relative_accuracy"": 0.05, ""seed"": 42, ""spare_pool_size"": 200, ""systematic_failure_fraction"": 0.08, ""systematic_failure_rate_multiplier"": 10.0, ""warm_standbys"": 16, ""weibull_shape"": 1.0, ""working_pool_size"": 4600}"
da28d045aeb687e2f7991924bb1c67e7501cd076,2d_heatmap_sweep.py,Random+NeverRemove,DefaultHostSelection(),NeverRemove(),46,4,2099.3000000000025,0.16005335111703897,1763,1130,633,1763,1414,466,1297,170,528,1065,0,0,0,6,0,0,367,259.12,185,229.23714285714286,350,1.56,"{""adaptive_replications"": false, ""auto_repair_fail_prob"": 0.6, ""auto_repair_time"": 120.0, ""bad_server_regen_interval"": 43200, ""bad_server_regeneration"": false, ""confidence_level"": 0.95, ""diagnosis_probability"": 1.0, ""diagnosis_uncertainty"": 0.0, ""enable_topology"": false, ""failure_distribution"": ""exponential"", ""host_selection_time"": 3.0, ""job_length"": 20160, ""job_size"": 4096, ""lognormal_sigma"": 1.0, ""manual_repair_fail_prob"": 0.75, ""manual_repair_time"": 2880.0, ""max_replications"": 1000, ""num_replications"": 30, ""preemption_wait_time"": 20.0, ""prob_auto_to_manual"": 0.8, ""rack_size"": 8, ""random_failure_rate"": 1.388888888888889e-05, ""recovery_time"": 60.0, ""relative_accuracy"": 0.05, ""seed"": 42, ""spare_pool_size"": 200, ""systematic_failure_fraction"": 0.08, ""systematic_failure_rate_multiplier"": 10.0, ""warm_standbys"": 16, ""weibull_shape"": 1.0, ""working_pool_size"": 4600}"
da28d045aeb687e2f7991924bb1c67e7501cd076,2d_heatmap_sweep.py,Random+NeverRemove,DefaultHostSelection(),NeverRemove(),47,5,2065.350000000001,0.16268429079816976,1729,1152,577,1729,1380,479,1250,185,458,1086,0,0,0,7,0,0,364,249.94202898550725,170,218.31304347826088,345,1.49,"{""adaptive_replications"": false, ""auto_repair_fail_prob"": 0.6, ""auto_repair_time"": 120.0, ""bad_server_regen_interval"": 43200, ""bad_server_regeneration"": false, ""confidence_level"": 0.95, ""diagnosis_probability"": 1.0, ""diagnosis_uncertainty"": 0.0, ""enable_topology"": false, ""failure_distribution"": ""exponential"", ""host_selection_time"": 3.0, ""job_length"": 20160, ""job_size"": 4096, ""lognormal_sigma"": 1.0, ""manual_repair_fail_prob"": 0.75, ""manual_repair_time"": 2880.0, ""max_replications"": 1000, ""num_replications"": 30, ""preemption_wait_time"": 20.0, ""prob_auto_to_manual"": 0.8, ""rack_size"": 8, ""random_failure_rate"": 1.388888888888889e-05, ""recovery_time"": 60.0, ""relative_accuracy"": 0.05, ""seed"": 42, ""spare_pool_size"": 200, ""systematic_failure_fraction"": 0.08, ""systematic_failure_rate_multiplier"": 10.0, ""warm_standbys"": 16, ""weibull_shape"": 1.0, ""working_pool_size"": 4600}"
da28d045aeb687e2f7991924bb1c67e7501cd076,2d_heatmap_sweep.py,Random+NeverRemove,DefaultHostSelection(),NeverRemove(),48,6,2162.3000000000015,0.1553900938815147,1826,1217,609,1826,1469,488,1338,177,497,1152,0,0,0,6,0,0,365,260.29639889196676,181,226.16620498614958,361,1.61,"{""adaptive_replications"": false, ""auto_repair_fail_prob"": 0.6, ""auto_repair_time"": 120.0, ""bad_server_regen_interval"": 43200, ""bad_server_regeneration"": false, ""confidence_level"": 0.95, ""diagnosis_probability"": 1.0, ""diagnosis_uncertainty"": 0.0, ""enable_topology"": false, ""failure_distribution"": ""exponential"", ""host_selection_time"": 3.0, ""job_length"": 20160, ""job_size"": 4096, ""lognormal_sigma"": 1.0, ""manual_repair_fail_prob"": 0.75, ""manual_repair_time"": 2880.0, ""max_replications"": 1000, ""num_replications"": 30, ""preemption_wait_time"": 20.0, ""prob_auto_to_manual"": 0.8, ""rack_size"": 8, ""random_failure_rate"": 1.388888888888889e-05, ""recovery_time"": 60.0, ""relative_accuracy"": 0.05, ""seed"": 42, ""spare_pool_size"": 200, ""systematic_failure_fraction"": 0.08, ""systematic_failure_rate_multiplier"": 10.0, ""warm_standbys"": 16, ""weibull_shape"": 1.0, ""working_pool_size"": 4600}"
da28d045aeb687e2f7991924bb1c67e7501cd076,2d_heatmap_sweep.py,Random+NeverRemove,DefaultHostSelection(),NeverRemove(),49,7,2134.3499999999963,0.15742497715932297,1798,1163,635,1798,1465,482,1316,182,519,1097,0,0,0,7,0,0,369,259.3511235955056,177,228.17134831460675,356,1.61,"{""adaptive_replications"": false, ""auto_repair_fail_prob"": 0.6, ""auto_repair_time"": 120.0, ""bad_server_regen_interval"": 43200, ""bad_server_regeneration"": false, ""confidence_level"": 0.95, ""diagnosis_probability"": 1.0, ""diagnosis_uncertainty"": 0.0, ""enable_topology"": false, ""failure_distribution"": ""exponential"", ""host_selection_time"": 3.0, ""job_length"": 20160, ""job_size"": 4096, ""lognormal_sigma"": 1.0, ""manual_repair_fail_prob"": 0.75, ""manual_repair_time"": 2880.0, ""max_replications"": 1000, ""num_replications"": 30, ""preemption_wait_time"": 20.0, ""prob_auto_to_manual"": 0.8, ""rack_size"": 8, ""random_failure_rate"": 1.388888888888889e-05, ""recovery_time"": 60.0, ""relative_accuracy"": 0.05, ""seed"": 42, ""spare_pool_size"": 200, ""systematic_failure_fraction"": 0.08, ""systematic_failure_rate_multiplier"": 10.0, ""warm_standbys"": 16, ""weibull_shape"": 1.0, ""working_pool_size"": 4600}"
da28d045aeb687e2f7991924bb1c67e7501cd076,2d_heatmap_sweep.py,Random+NeverRemove,DefaultHostSelection(),NeverRemove(),50,8,2065.2999999999997,0.16268822931293245,1729,1135,594,1729,1398,502,1227,194,464,1071,0,0,0,6,0,0,369,257.1391304347826,169,221.41159420289856,345,1.52,"{""adaptive_replications"": false, ""auto_repair_fail_prob"": 0.6, ""auto_repair_time"": 120.0, ""bad_server_regen_interval"": 43200, ""bad_server_regeneration"": false, ""confidence_level"": 0.95, ""diagnosis_probability"": 1.0, ""diagnosis_uncertainty"": 0.0, ""enable_topology"": false, ""failure_distribution"": ""exponential"", ""host_selection_time"": 3.0, ""job_length"": 20160, ""job_size"": 4096, ""lognormal_sigma"": 1.0, ""manual_repair_fail_prob"": 0.75, ""manual_repair_time"": 2880.0, ""max_replications"": 1000, ""num_replications"": 30, ""preemption_wait_time"": 20.0, ""prob_auto_to_manual"": 0.8, ""rack_size"": 8, ""random_failure_rate"": 1.388888888888889e-05, ""recovery_time"": 60.0, ""relative_accuracy"": 0.05, ""seed"": 42, ""spare_pool_size"": 200, ""systematic_failure_fraction"": 0.08, ""systematic_failure_rate_multiplier"": 10.0, ""warm_standbys"": 16, ""weibull_shape"": 1.0, ""working_pool_size"": 4600}"
da28d045aeb687e2f7991924bb1c67e7501cd076,2d_heatmap_sweep.py,Random+NeverRemove,DefaultHostSelection(),NeverRemove(),51,9,2148.349999999998,0.1563990969814046,1812,1188,624,1812,1429,518,1294,188,502,1122,0,0,0,7,0,0,367,258.949860724234,172,223.86908077994428,359,1.67,"{""adaptive_replications"": false, ""auto_repair_fail_prob"": 0.6, ""auto_repair_time"": 120.0, ""bad_server_regen_interval"": 43200, ""bad_server_regeneration"": false, ""confidence_level"": 0.95, ""diagnosis_probability"": 1.0, ""diagnosis_uncertainty"": 0.0, ""enable_topology"": false, ""failure_distribution"": ""exponential"", ""host_selection_time"": 3.0, ""job_length"": 20160, ""job_size"": 4096, ""lognormal_sigma"": 1.0, ""manual_repair_fail_prob"": 0.75, ""manual_repair_time"": 2880.0, ""max_replications"": 1000, ""num_replications"": 30, ""preemption_wait_time"": 20.0, ""prob_auto_to_manual"": 0.8, ""rack_size"": 8, ""random_failure_rate"": 1.388888888888889e-05, ""recovery_time"": 60.0, ""relative_accuracy"": 0.05, ""seed"": 42, ""spare_pool_size"": 200, ""systematic_failure_fraction"": 0.08, ""systematic_failure_rate_multiplier"": 10.0, ""warm_standbys"": 16, ""weibull_shape"": 1.0, ""working_pool_size"": 4600}"
da28d045aeb687e2f7991924bb1c67e7501cd076,2d_heatmap_sweep.py,Random+ScoredRemoval(SC_fast),DefaultHostSelection(),"ScoredRemoval(initial_score=100.0, failure_penalty=60.0, success_increment=5.0, time_period=1440, retirement_threshold=0.0)",42,0,2044.2499999999998,0.16436345848110506,1707,1208,499,1707,1384,480,1227,151,396,1160,0,345,0,25,0,0,369,212.1818181818182,73,192.3782991202346,341,1.92,"{""adaptive_replications"": false, ""auto_repair_fail_prob"": 0.6, ""auto_repair_time"": 120.0, ""bad_server_regen_interval"": 43200, ""bad_server_regeneration"": false, ""confidence_level"": 0.95, ""diagnosis_probability"": 1.0, ""diagnosis_uncertainty"": 0.0, ""enable_topology"": false, ""failure_distribution"": ""exponential"", ""host_selection_time"": 3.0, ""job_length"": 20160, ""job_size"": 4096, ""lognormal_sigma"": 1.0, ""manual_repair_fail_prob"": 0.75, ""manual_repair_time"": 2880.0, ""max_replications"": 1000, ""num_replications"": 30, ""preemption_wait_time"": 20.0, ""prob_auto_to_manual"": 0.8, ""rack_size"": 8, ""random_failure_rate"": 1.388888888888889e-05, ""recovery_time"": 60.0, ""relative_accuracy"": 0.05, ""seed"": 42, ""spare_pool_size"": 200, ""systematic_failure_fraction"": 0.08, ""systematic_failure_rate_multiplier"": 10.0, ""warm_standbys"": 16, ""weibull_shape"": 1.0, ""working_pool_size"": 4600}"
da28d045aeb687e2f7991924bb1c67e7501cd076,2d_heatmap_sweep.py,Random+ScoredRemoval(SC_fast),DefaultHostSelection(),"ScoredRemoval(initial_score=100.0, failure_penalty=60.0, success_increment=5.0, time_period=1440, retirement_threshold=0.0)",43,1,1985.199999999998,0.16925246826516258,1648,1155,493,1648,1330,497,1151,160,383,1105,0,329,0,24,0,0,370,206.6858006042296,68,187.54682779456192,331,2.09,"{""adaptive_replications"": false, ""auto_repair_fail_prob"": 0.6, ""auto_repair_time"": 120.0, ""bad_server_regen_interval"": 43200, ""bad_server_regeneration"": false, ""confidence_level"": 0.95, ""diagnosis_probability"": 1.0, ""diagnosis_uncertainty"": 0.0, ""enable_topology"": false, ""failure_distribution"": ""exponential"", ""host_selection_time"": 3.0, ""job_length"": 20160, ""job_size"": 4096, ""lognormal_sigma"": 1.0, ""manual_repair_fail_prob"": 0.75, ""manual_repair_time"": 2880.0, ""max_replications"": 1000, ""num_replications"": 30, ""preemption_wait_time"": 20.0, ""prob_auto_to_manual"": 0.8, ""rack_size"": 8, ""random_failure_rate"": 1.388888888888889e-05, ""recovery_time"": 60.0, ""relative_accuracy"": 0.05, ""seed"": 42, ""spare_pool_size"": 200, ""systematic_failure_fraction"": 0.08, ""systematic_failure_rate_multiplier"": 10.0, ""warm_standbys"": 16, ""weibull_shape"": 1.0, ""working_pool_size"": 4600}"
da28d045aeb687e2f7991924bb1c67e7501cd076,2d_heatmap_sweep.py,Random+ScoredRemoval(SC_fast),DefaultHostSelection(),"ScoredRemoval(initial_score=100.0, failure_penalty=60.0, success_increment=5.0, time_period=1440, retirement_threshold=0.0)",44,2,2043.35,0.16443585288863902,1706,1177,529,1706,1377,488,1218,153,429,1124,0,366,0,27,0,0,366,203.2258064516129,46,183.56891495601172,341,2.21,"{""adaptive_replications"": false, ""auto_repair_fail_prob"": 0.6, ""auto_repair_time"": 120.0, ""bad_server_regen_interval"": 43200, ""bad_server_regeneration"": false, ""confidence_level"": 0.95, ""diagnosis_probability"": 1.0, ""diagnosis_uncertainty"": 0.0, ""enable_topology"": false, ""failure_distribution"": ""exponential"", ""host_selection_time"": 3.0, ""job_length"": 20160, ""job_size"": 4096, ""lognormal_sigma"": 1.0, ""manual_repair_fail_prob"": 0.75, ""manual_repair_time"": 2880.0, ""max_replications"": 1000, ""num_replications"": 30, ""preemption_wait_time"": 20.0, ""prob_auto_to_manual"": 0.8, ""rack_size"": 8, ""random_failure_rate"": 1.388888888888889e-05, ""recovery_time"": 60.0, ""relative_accuracy"": 0.05, ""seed"": 42, ""spare_pool_size"": 200, ""systematic_failure_fraction"": 0.08, ""systematic_failure_rate_multiplier"": 10.0, ""warm_standbys"": 16, ""weibull_shape"": 1.0, ""working_pool_size"": 4600}"
da28d045aeb687e2f7991924bb1c67e7501cd076,2d_heatmap_sweep.py,Random+ScoredRemoval(SC_fast),DefaultHostSelection(),"ScoredRemoval(initial_score=100.0, failure_penalty=60.0, success_increment=5.0, time_period=1440, retirement_threshold=0.0)",45,3,2003.2999999999945,0.16772325662656654,1666,1156,510,1666,1321,487,1179,148,411,1107,0,355,0,26,0,0,365,206.811377245509,60,187.60179640718562,334,2.2,"{""adaptive_replications"": false, ""auto_repair_fail_prob"": 0.6, ""auto_repair_time"": 120.0, ""bad_server_regen_interval"": 43200, ""bad_server_regeneration"": false, ""confidence_level"": 0.95, ""diagnosis_probability"": 1.0, ""diagnosis_uncertainty"": 0.0, ""enable_topology"": false, ""failure_distribution"": ""exponential"", ""host_selection_time"": 3.0, ""job_length"": 20160, ""job_size"": 4096, ""lognormal_sigma"": 1.0, ""manual_repair_fail_prob"": 0.75, ""manual_repair_time"": 2880.0, ""max_replications"": 1000, ""num_replications"": 30, ""preemption_wait_time"": 20.0, ""prob_auto_to_manual"": 0.8, ""rack_size"": 8, ""random_failure_rate"": 1.388888888888889e-05, ""recovery_time"": 60.0, ""relative_accuracy"": 0.05, ""seed"": 42, ""spare_pool_size"": 200, ""systematic_failure_fraction"": 0.08, ""systematic_failure_rate_multiplier"": 10.0, ""warm_standbys"": 16, ""weibull_shape"": 1.0, ""working_pool_size"": 4600}"
da28d045aeb687e2f7991924bb1c67e7501cd076,2d_heatmap_sweep.py,Random+ScoredRemoval(SC_fast),DefaultHostSelection(),"ScoredRemoval(initial_score=100.0, failure_penalty=60.0, success_increment=5.0, time_period=1440, retirement_threshold=0.0)",46,4,1964.2500000000005,0.17105765559373792,1627,1123,504,1627,1276,456,1171,153,387,1087,0,336,0,25,0,0,367,219.22256097560975,77,197.10060975609755,328,2.18,"{""adaptive_replications"": false, ""auto_repair_fail_prob"": 0.6, ""auto_repair_time"": 120.0, ""bad_server_regen_interval"": 43200, ""bad_server_regeneration"": false, ""confidence_level"": 0.95, ""diagnosis_probability"": 1.0, ""diagnosis_uncertainty"": 0.0, ""enable_topology"": false, ""failure_distribution"": ""exponential"", ""host_selection_time"": 3.0, ""job_length"": 20160, ""job_size"": 4096, ""lognormal_sigma"": 1.0, ""manual_repair_fail_prob"": 0.75, ""manual_repair_time"": 2880.0, ""max_replications"": 1000, ""num_replications"": 30, ""preemption_wait_time"": 20.0, ""prob_auto_to_manual"": 0.8, ""rack_size"": 8, ""random_failure_rate"": 1.388888888888889e-05, ""recovery_time"": 60.0, ""relative_accuracy"": 0.05, ""seed"": 42, ""spare_pool_size"": 200, ""systematic_failure_fraction"": 0.08, ""systematic_failure_rate_multiplier"": 10.0, ""warm_standbys"": 16, ""weibull_shape"": 1.0, ""working_pool_size"": 4600}"
da28d045aeb687e2f7991924bb1c67e7501cd076,2d_heatmap_sweep.py,Random+ScoredRemoval(SC_fast),DefaultHostSelection(),"ScoredRemoval(initial_score=100.0, failure_penalty=60.0, success_increment=5.0, time_period=1440, retirement_threshold=0.0)",47,5,1951.1999999999996,0.17220172201722,1614,1145,469,1614,1295,455,1159,151,374,1089,0,334,0,24,0,0,364,194.69938650306747,69,175.77914110429447,326,2.13,"{""adaptive_replications"": false, ""auto_repair_fail_prob"": 0.6, ""auto_repair_time"": 120.0, ""bad_server_regen_interval"": 43200, ""bad_server_regeneration"": false, ""confidence_level"": 0.95, ""diagnosis_probability"": 1.0, ""diagnosis_uncertainty"": 0.0, ""enable_topology"": false, ""failure_distribution"": ""exponential"", ""host_selection_time"": 3.0, ""job_length"": 20160, ""job_size"": 4096, ""lognormal_sigma"": 1.0, ""manual_repair_fail_prob"": 0.75, ""manual_repair_time"": 2880.0, ""max_replications"": 1000, ""num_replications"": 30, ""preemption_wait_time"": 20.0, ""prob_auto_to_manual"": 0.8, ""rack_size"": 8, ""random_failure_rate"": 1.388888888888889e-05, ""recovery_time"": 60.0, ""relative_accuracy"": 0.05, ""seed"": 42, ""spare_pool_size"": 200, ""systematic_failure_fraction"": 0.08, ""systematic_failure_rate_multiplier"": 10.0, ""warm_standbys"": 16, ""weibull_shape"": 1.0, ""working_pool_size"": 4600}"
da28d045aeb687e2f7991924bb1c67e7501cd076,2d_heatmap_sweep.py,Random+ScoredRemoval(SC_fast),DefaultHostSelection(),"ScoredRemoval(initial_score=100.0, failure_penalty=60.0, success_increment=5.0, time_period=1440, retirement_threshold=0.0)",48,6,1951.1500000000026,0.17220613484355346,1614,1115,499,1614,1270,457,1157,159,387,1068,0,320,0,23,0,0,365,206.31288343558282,64,187.579754601227,326,2.07,"{""adaptive_replications"": false, ""auto_repair_fail_prob"": 0.6, ""auto_repair_time"": 120.0, ""bad_server_regen_interval"": 43200, ""bad_server_regeneration"": false, ""confidence_level"": 0.95, ""diagnosis_probability"": 1.0, ""diagnosis_uncertainty"": 0.0, ""enable_topology"": false, ""failure_distribution"": ""exponential"", ""host_selection_time"": 3.0, ""job_length"": 20160, ""job_size"": 4096, ""lognormal_sigma"": 1.0, ""manual_repair_fail_prob"": 0.75, ""manual_repair_time"": 2880.0, ""max_replications"": 1000, ""num_replications"": 30, ""preemption_wait_time"": 20.0, ""prob_auto_to_manual"": 0.8, ""rack_size"": 8, ""random_failure_rate"": 1.388888888888889e-05, ""recovery_time"": 60.0, ""relative_accuracy"": 0.05, ""seed"": 42, ""spare_pool_size"": 200, ""systematic_failure_fraction"": 0.08, ""systematic_failure_rate_multiplier"": 10.0, ""warm_standbys"": 16, ""weibull_shape"": 1.0, ""working_pool_size"": 4600}"
da28d045aeb687e2f7991924bb1c67e7501cd076,2d_heatmap_sweep.py,Random+ScoredRemoval(SC_fast),DefaultHostSelection(),"ScoredRemoval(initial_score=100.0, failure_penalty=60.0, success_increment=5.0, time_period=1440, retirement_threshold=0.0)",49,7,2005.3499999999979,0.16755179893784106,1668,1136,532,1668,1300,453,1215,156,417,1095,0,354,0,27,0,0,369,203.76716417910447,66,183.90746268656716,335,2.18,"{""adaptive_replications"": false, ""auto_repair_fail_prob"": 0.6, ""auto_repair_time"": 120.0, ""bad_server_regen_interval"": 43200, ""bad_server_regeneration"": false, ""confidence_level"": 0.95, ""diagnosis_probability"": 1.0, ""diagnosis_uncertainty"": 0.0, ""enable_topology"": false, ""failure_distribution"": ""exponential"", ""host_selection_time"": 3.0, ""job_length"": 20160, ""job_size"": 4096, ""lognormal_sigma"": 1.0, ""manual_repair_fail_prob"": 0.75, ""manual_repair_time"": 2880.0, ""max_replications"": 1000, ""num_replications"": 30, ""preemption_wait_time"": 20.0, ""prob_auto_to_manual"": 0.8, ""rack_size"": 8, ""random_failure_rate"": 1.388888888888889e-05, ""recovery_time"": 60.0, ""relative_accuracy"": 0.05, ""seed"": 42, ""spare_pool_size"": 200, ""systematic_failure_fraction"": 0.08, ""systematic_failure_rate_multiplier"": 10.0, ""warm_standbys"": 16, ""weibull_shape"": 1.0, ""working_pool_size"": 4600}"
da28d045aeb687e2f7991924bb1c67e7501cd076,2d_heatmap_sweep.py,Random+ScoredRemoval(SC_fast),DefaultHostSelection(),"ScoredRemoval(initial_score=100.0, failure_penalty=60.0, success_increment=5.0, time_period=1440, retirement_threshold=0.0)",50,8,1928.1500000000035,0.17426030132510387,1591,1104,487,1591,1292,460,1131,148,392,1051,0,326,0,23,0,0,369,214.0776397515528,79,191.75465838509317,322,2.08,"{""adaptive_replications"": false, ""auto_repair_fail_prob"": 0.6, ""auto_repair_time"": 120.0, ""bad_server_regen_interval"": 43200, ""bad_server_regeneration"": false, ""confidence_level"": 0.95, ""diagnosis_probability"": 1.0, ""diagnosis_uncertainty"": 0.0, ""enable_topology"": false, ""failure_distribution"": ""exponential"", ""host_selection_time"": 3.0, ""job_length"": 20160, ""job_size"": 4096, ""lognormal_sigma"": 1.0, ""manual_repair_fail_prob"": 0.75, ""manual_repair_time"": 2880.0, ""max_replications"": 1000, ""num_replications"": 30, ""preemption_wait_time"": 20.0, ""prob_auto_to_manual"": 0.8, ""rack_size"": 8, ""random_failure_rate"": 1.388888888888889e-05, ""recovery_time"": 60.0, ""relative_accuracy"": 0.05, ""seed"": 42, ""spare_pool_size"": 200, ""systematic_failure_fraction"": 0.08, ""systematic_failure_rate_multiplier"": 10.0, ""warm_standbys"": 16, ""weibull_shape"": 1.0, ""working_pool_size"": 4600}"
da28d045aeb687e2f7991924bb1c67e7501cd076,2d_heatmap_sweep.py,Random+ScoredRemoval(SC_fast),DefaultHostSelection(),"ScoredRemoval(initial_score=100.0, failure_penalty=60.0, success_increment=5.0, time_period=1440, retirement_threshold=0.0)",51,9,2035.1999999999978,0.16509433962264214,1698,1218,480,1698,1343,473,1225,152,385,1161,0,342,0,24,0,0,367,213.89705882352942,76,192.53529411764706,340,2.17,"{""adaptive_replications"": false, ""auto_repair_fail_prob"": 0.6, ""auto_repair_time"": 120.0, ""bad_server_regen_interval"": 43200, ""bad_server_regeneration"": false, ""confidence_level"": 0.95, ""diagnosis_probability"": 1.0, ""diagnosis_uncertainty"": 0.0, ""enable_topology"": false, ""failure_distribution"": ""exponential"", ""host_selection_time"": 3.0, ""job_length"": 20160, ""job_size"": 4096, ""lognormal_sigma"": 1.0, ""manual_repair_fail_prob"": 0.75, ""manual_repair_time"": 2880.0, ""max_replications"": 1000, ""num_replications"": 30, ""preemption_wait_time"": 20.0, ""prob_auto_to_manual"": 0.8, ""rack_size"": 8, ""random_failure_rate"": 1.388888888888889e-05, ""recovery_time"": 60.0, ""relative_accuracy"": 0.05, ""seed"": 42, ""spare_pool_size"": 200, ""systematic_failure_fraction"": 0.08, ""systematic_failure_rate_multiplier"": 10.0, ""warm_standbys"": 16, ""weibull_shape"": 1.0, ""working_pool_size"": 4600}"
da28d045aeb687e2f7991924bb1c67e7501cd076,2d_heatmap_sweep.py,FewestFailuresFirst+NeverRemove,FewestFailuresFirst(),NeverRemove(),42,0,1966.299999999999,0.17087931648273377,1630,1153,477,1630,1298,456,1174,152,366,1112,0,0,0,6,0,0,369,273.2865853658537,213,183.85670731707316,328,1.29,"{""adaptive_replications"": false, ""auto_repair_fail_prob"": 0.6, ""auto_repair_time"": 120.0, ""bad_server_regen_interval"": 43200, ""bad_server_regeneration"": false, ""confidence_level"": 0.95, ""diagnosis_probability"": 1.0, ""diagnosis_uncertainty"": 0.0, ""enable_topology"": false, ""failure_distribution"": ""exponential"", ""host_selection_time"": 3.0, ""job_length"": 20160, ""job_size"": 4096, ""lognormal_sigma"": 1.0, ""manual_repair_fail_prob"": 0.75, ""manual_repair_time"": 2880.0, ""max_replications"": 1000, ""num_replications"": 30, ""preemption_wait_time"": 20.0, ""prob_auto_to_manual"": 0.8, ""rack_size"": 8, ""random_failure_rate"": 1.388888888888889e-05, ""recovery_time"": 60.0, ""relative_accuracy"": 0.05, ""seed"": 42, ""spare_pool_size"": 200, ""systematic_failure_fraction"": 0.08, ""systematic_failure_rate_multiplier"": 10.0, ""warm_standbys"": 16, ""weibull_shape"": 1.0, ""working_pool_size"": 4600}"
da28d045aeb687e2f7991924bb1c67e7501cd076,2d_heatmap_sweep.py,FewestFailuresFirst+NeverRemove,FewestFailuresFirst(),NeverRemove(),43,1,1995.300000000002,0.16839572996541835,1659,1169,490,1659,1330,472,1187,154,392,1113,0,0,0,6,0,0,370,271.8978978978979,212,189.34534534534535,333,1.39,"{""adaptive_replications"": false, ""auto_repair_fail_prob"": 0.6, ""auto_repair_time"": 120.0, ""bad_server_regen_interval"": 43200, ""bad_server_regeneration"": false, ""confidence_level"": 0.95, ""diagnosis_probability"": 1.0, ""diagnosis_uncertainty"": 0.0, ""enable_topology"": false, ""failure_distribution"": ""exponential"", ""host_selection_time"": 3.0, ""job_length"": 20160, ""job_size"": 4096, ""lognormal_sigma"": 1.0, ""manual_repair_fail_prob"": 0.75, ""manual_repair_time"": 2880.0, ""max_replications"": 1000, ""num_replications"": 30, ""preemption_wait_time"": 20.0, ""prob_auto_to_manual"": 0.8, ""rack_size"": 8, ""random_failure_rate"": 1.388888888888889e-05, ""recovery_time"": 60.0, ""relative_accuracy"": 0.05, ""seed"": 42, ""spare_pool_size"": 200, ""systematic_failure_fraction"": 0.08, ""systematic_failure_rate_multiplier"": 10.0, ""warm_standbys"": 16, ""weibull_shape"": 1.0, ""working_pool_size"": 4600}"
da28d045aeb687e2f7991924bb1c67e7501cd076,2d_heatmap_sweep.py,FewestFailuresFirst+NeverRemove,FewestFailuresFirst(),NeverRemove(),44,2,1944.3500000000006,0.17280839355054387,1608,1141,467,1608,1275,474,1134,149,357,1102,0,0,0,7,0,0,366,274.6,210,182.24307692307693,325,1.36,"{""adaptive_replications"": false, ""auto_repair_fail_prob"": 0.6, ""auto_repair_time"": 120.0, ""bad_server_regen_interval"": 43200, ""bad_server_regeneration"": false, ""confidence_level"": 0.95, ""diagnosis_probability"": 1.0, ""diagnosis_uncertainty"": 0.0, ""enable_topology"": false, ""failure_distribution"": ""exponential"", ""host_selection_time"": 3.0, ""job_length"": 20160, ""job_size"": 4096, ""lognormal_sigma"": 1.0, ""manual_repair_fail_prob"": 0.75, ""manual_repair_time"": 2880.0, ""max_replications"": 1000, ""num_replications"": 30, ""preemption_wait_time"": 20.0, ""prob_auto_to_manual"": 0.8, ""rack_size"": 8, ""random_failure_rate"": 1.388888888888889e-05, ""recovery_time"": 60.0, ""relative_accuracy"": 0.05, ""seed"": 42, ""spare_pool_size"": 200, ""systematic_failure_fraction"": 0.08, ""systematic_failure_rate_multiplier"": 10.0, ""warm_standbys"": 16, ""weibull_shape"": 1.0, ""working_pool_size"": 4600}"
da28d045aeb687e2f7991924bb1c67e7501cd076,2d_heatmap_sweep.py,FewestFailuresFirst+NeverRemove,FewestFailuresFirst(),NeverRemove(),45,3,1993.4000000000024,0.16855623557740487,1657,1178,479,1657,1315,470,1187,142,379,1136,0,0,0,8,0,0,365,271.98198198198196,216,171.28528528528528,333,1.44,"{""adaptive_replications"": false, ""auto_repair_fail_prob"": 0.6, ""auto_repair_time"": 120.0, ""bad_server_regen_interval"": 43200, ""bad_server_regeneration"": false, ""confidence_level"": 0.95, ""diagnosis_probability"": 1.0, ""diagnosis_uncertainty"": 0.0, ""enable_topology"": false, ""failure_distribution"": ""exponential"", ""host_selection_time"": 3.0, ""job_length"": 20160, ""job_size"": 4096, ""lognormal_sigma"": 1.0, ""manual_repair_fail_prob"": 0.75, ""manual_repair_time"": 2880.0, ""max_replications"": 1000, ""num_replications"": 30, ""preemption_wait_time"": 20.0, ""prob_auto_to_manual"": 0.8, ""rack_size"": 8, ""random_failure_rate"": 1.388888888888889e-05, ""recovery_time"": 60.0, ""relative_accuracy"": 0.05, ""seed"": 42, ""spare_pool_size"": 200, ""systematic_failure_fraction"": 0.08, ""systematic_failure_rate_multiplier"": 10.0, ""warm_standbys"": 16, ""weibull_shape"": 1.0, ""working_pool_size"": 4600}"
da28d045aeb687e2f7991924bb1c67e7501cd076,2d_heatmap_sweep.py,FewestFailuresFirst+NeverRemove,FewestFailuresFirst(),NeverRemove(),46,4,2012.3499999999995,0.16696896663105318,1676,1183,493,1676,1348,437,1239,125,408,1143,0,0,0,7,0,0,367,286.8541666666667,242,180.41071428571428,336,1.48,"{""adaptive_replications"": false, ""auto_repair_fail_prob"": 0.6, ""auto_repair_time"": 120.0, ""bad_server_regen_interval"": 43200, ""bad_server_regeneration"": false, ""confidence_level"": 0.95, ""diagnosis_probability"": 1.0, ""diagnosis_uncertainty"": 0.0, ""enable_topology"": false, ""failure_distribution"": ""exponential"", ""host_selection_time"": 3.0, ""job_length"": 20160, ""job_size"": 4096, ""lognormal_sigma"": 1.0, ""manual_repair_fail_prob"": 0.75, ""manual_repair_time"": 2880.0, ""max_replications"": 1000, ""num_replications"": 30, ""preemption_wait_time"": 20.0, ""prob_auto_to_manual"": 0.8, ""rack_size"": 8, ""random_failure_rate"": 1.388888888888889e-05, ""recovery_time"": 60.0, ""relative_accuracy"": 0.05, ""seed"": 42, ""spare_pool_size"": 200, ""systematic_failure_fraction"": 0.08, ""systematic_failure_rate_multiplier"": 10.0, ""warm_standbys"": 16, ""weibull_shape"": 1.0, ""working_pool_size"": 4600}"
da28d045aeb687e2f7991924bb1c67e7501cd076,2d_heatmap_sweep.py,FewestFailuresFirst+NeverRemove,FewestFailuresFirst(),NeverRemove(),47,5,1957.3499999999985,0.17166066365238797,1621,1158,463,1621,1283,461,1160,132,392,1097,0,0,0,7,0,0,364,284.5045871559633,229,178.3302752293578,327,1.37,"{""adaptive_replications"": false, ""auto_repair_fail_prob"": 0.6, ""auto_repair_time"": 120.0, ""bad_server_regen_interval"": 43200, ""bad_server_regeneration"": false, ""confidence_level"": 0.95, ""diagnosis_probability"": 1.0, ""diagnosis_uncertainty"": 0.0, ""enable_topology"": false, ""failure_distribution"": ""exponential"", ""host_selection_time"": 3.0, ""job_length"": 20160, ""job_size"": 4096, ""lognormal_sigma"": 1.0, ""manual_repair_fail_prob"": 0.75, ""manual_repair_time"": 2880.0, ""max_replications"": 1000, ""num_replications"": 30, ""preemption_wait_time"": 20.0, ""prob_auto_to_manual"": 0.8, ""rack_size"": 8, ""random_failure_rate"": 1.388888888888889e-05, ""recovery_time"": 60.0, ""relative_accuracy"": 0.05, ""seed"": 42, ""spare_pool_size"": 200, ""systematic_failure_fraction"": 0.08, ""systematic_failure_rate_multiplier"": 10.0, ""warm_standbys"": 16, ""weibull_shape"": 1.0, ""working_pool_size"": 4600}"
da28d045aeb687e2f7991924bb1c67e7501cd076,2d_heatmap_sweep.py,FewestFailuresFirst+NeverRemove,FewestFailuresFirst(),NeverRemove(),48,6,1939.2500000000011,0.1732628593528426,1603,1135,468,1603,1259,446,1157,152,366,1085,0,0,0,5,0,0,365,265.5216049382716,212,167.62962962962962,324,1.34,"{""adaptive_replications"": false, ""auto_repair_fail_prob"": 0.6, ""auto_repair_time"": 120.0, ""bad_server_regen_interval"": 43200, ""bad_server_regeneration"": false, ""confidence_level"": 0.95, ""diagnosis_probability"": 1.0, ""diagnosis_uncertainty"": 0.0, ""enable_topology"": false, ""failure_distribution"": ""exponential"", ""host_selection_time"": 3.0, ""job_length"": 20160, ""job_size"": 4096, ""lognormal_sigma"": 1.0, ""manual_repair_fail_prob"": 0.75, ""manual_repair_time"": 2880.0, ""max_replications"": 1000, ""num_replications"": 30, ""preemption_wait_time"": 20.0, ""prob_auto_to_manual"": 0.8, ""rack_size"": 8, ""random_failure_rate"": 1.388888888888889e-05, ""recovery_time"": 60.0, ""relative_accuracy"": 0.05, ""seed"": 42, ""spare_pool_size"": 200, ""systematic_failure_fraction"": 0.08, ""systematic_failure_rate_multiplier"": 10.0, ""warm_standbys"": 16, ""weibull_shape"": 1.0, ""working_pool_size"": 4600}"
da28d045aeb687e2f7991924bb1c67e7501cd076,2d_heatmap_sweep.py,FewestFailuresFirst+NeverRemove,FewestFailuresFirst(),NeverRemove(),49,7,1896.35,0.17718248213673618,1560,1097,463,1560,1258,472,1088,128,375,1057,0,0,0,7,0,0,369,291.2776025236593,237,175.3690851735016,317,1.32,"{""adaptive_replications"": false, ""auto_repair_fail_prob"": 0.6, ""auto_repair_time"": 120.0, ""bad_server_regen_interval"": 43200, ""bad_server_regeneration"": false, ""confidence_level"": 0.95, ""diagnosis_probability"": 1.0, ""diagnosis_uncertainty"": 0.0, ""enable_topology"": false, ""failure_distribution"": ""exponential"", ""host_selection_time"": 3.0, ""job_length"": 20160, ""job_size"": 4096, ""lognormal_sigma"": 1.0, ""manual_repair_fail_prob"": 0.75, ""manual_repair_time"": 2880.0, ""max_replications"": 1000, ""num_replications"": 30, ""preemption_wait_time"": 20.0, ""prob_auto_to_manual"": 0.8, ""rack_size"": 8, ""random_failure_rate"": 1.388888888888889e-05, ""recovery_time"": 60.0, ""relative_accuracy"": 0.05, ""seed"": 42, ""spare_pool_size"": 200, ""systematic_failure_fraction"": 0.08, ""systematic_failure_rate_multiplier"": 10.0, ""warm_standbys"": 16, ""weibull_shape"": 1.0, ""working_pool_size"": 4600}"
da28d045aeb687e2f7991924bb1c67e7501cd076,2d_heatmap_sweep.py,FewestFailuresFirst+NeverRemove,FewestFailuresFirst(),NeverRemove(),50,8,1966.3500000000015,0.17087497139369903,1630,1135,495,1630,1336,454,1176,149,396,1085,0,0,0,7,0,0,369,280.984756097561,213,184.4908536585366,328,1.39,"{""adaptive_replications"": false, ""auto_repair_fail_prob"": 0.6, ""auto_repair_time"": 120.0, ""bad_server_regen_interval"": 43200, ""bad_server_regeneration"": false, ""confidence_level"": 0.95, ""diagnosis_probability"": 1.0, ""diagnosis_uncertainty"": 0.0, ""enable_topology"": false, ""failure_distribution"": ""exponential"", ""host_selection_time"": 3.0, ""job_length"": 20160, ""job_size"": 4096, ""lognormal_sigma"": 1.0, ""manual_repair_fail_prob"": 0.75, ""manual_repair_time"": 2880.0, ""max_replications"": 1000, ""num_replications"": 30, ""preemption_wait_time"": 20.0, ""prob_auto_to_manual"": 0.8, ""rack_size"": 8, ""random_failure_rate"": 1.388888888888889e-05, ""recovery_time"": 60.0, ""relative_accuracy"": 0.05, ""seed"": 42, ""spare_pool_size"": 200, ""systematic_failure_fraction"": 0.08, ""systematic_failure_rate_multiplier"": 10.0, ""warm_standbys"": 16, ""weibull_shape"": 1.0, ""working_pool_size"": 4600}"
da28d045aeb687e2f7991924bb1c67e7501cd076,2d_heatmap_sweep.py,FewestFailuresFirst+NeverRemove,FewestFailuresFirst(),NeverRemove(),51,9,1973.299999999999,0.17027314650585312,1637,1176,461,1637,1307,490,1147,151,348,1138,0,0,0,6,0,0,367,276.04559270516717,212,174.46200607902736,329,1.43,"{""adaptive_replications"": false, ""auto_repair_fail_prob"": 0.6, ""auto_repair_time"": 120.0, ""bad_server_regen_interval"": 43200, ""bad_server_regeneration"": false, ""confidence_level"": 0.95, ""diagnosis_probability"": 1.0, ""diagnosis_uncertainty"": 0.0, ""enable_topology"": false, ""failure_distribution"": ""exponential"", ""host_selection_time"": 3.0, ""job_length"": 20160, ""job_size"": 4096, ""lognormal_sigma"": 1.0, ""manual_repair_fail_prob"": 0.75, ""manual_repair_time"": 2880.0, ""max_replications"": 1000, ""num_replications"": 30, ""preemption_wait_time"": 20.0, ""prob_auto_to_manual"": 0.8, ""rack_size"": 8, ""random_failure_rate"": 1.388888888888889e-05, ""recovery_time"": 60.0, ""relative_accuracy"": 0.05, ""seed"": 42, ""spare_pool_size"": 200, ""systematic_failure_fraction"": 0.08, ""systematic_failure_rate_multiplier"": 10.0, ""warm_standbys"": 16, ""weibull_shape"": 1.0, ""working_pool_size"": 4600}"
da28d045aeb687e2f7991924bb1c67e7501cd076,2d_heatmap_sweep.py,Random+NeverRemove,DefaultHostSelection(),NeverRemove(),42,0,2214.350000000003,0.15173753020073602,1878,1143,735,1878,1543,308,1570,137,664,1077,0,0,0,7,0,0,369,277.3810810810811,219,242.26216216216216,370,1.5,"{""adaptive_replications"": false, ""auto_repair_fail_prob"": 0.6, ""auto_repair_time"": 120.0, ""bad_server_regen_interval"": 43200, ""bad_server_regeneration"": false, ""confidence_level"": 0.95, ""diagnosis_probability"": 1.0, ""diagnosis_uncertainty"": 0.0, ""enable_topology"": false, ""failure_distribution"": ""exponential"", ""host_selection_time"": 3.0, ""job_length"": 20160, ""job_size"": 4096, ""lognormal_sigma"": 1.0, ""manual_repair_fail_prob"": 0.9, ""manual_repair_time"": 2880.0, ""max_replications"": 1000, ""num_replications"": 30, ""preemption_wait_time"": 20.0, ""prob_auto_to_manual"": 0.8, ""rack_size"": 8, ""random_failure_rate"": 1.388888888888889e-05, ""recovery_time"": 60.0, ""relative_accuracy"": 0.05, ""seed"": 42, ""spare_pool_size"": 200, ""systematic_failure_fraction"": 0.08, ""systematic_failure_rate_multiplier"": 10.0, ""warm_standbys"": 16, ""weibull_shape"": 1.0, ""working_pool_size"": 4600}"
da28d045aeb687e2f7991924bb1c67e7501cd076,2d_heatmap_sweep.py,Random+NeverRemove,DefaultHostSelection(),NeverRemove(),43,1,2146.2499999999986,0.15655212580081537,1810,1125,685,1810,1421,285,1525,130,627,1053,0,0,0,5,0,0,370,286.94972067039106,230,249.55027932960894,358,1.58,"{""adaptive_replications"": false, ""auto_repair_fail_prob"": 0.6, ""auto_repair_time"": 120.0, ""bad_server_regen_interval"": 43200, ""bad_server_regeneration"": false, ""confidence_level"": 0.95, ""diagnosis_probability"": 1.0, ""diagnosis_uncertainty"": 0.0, ""enable_topology"": false, ""failure_distribution"": ""exponential"", ""host_selection_time"": 3.0, ""job_length"": 20160, ""job_size"": 4096, ""lognormal_sigma"": 1.0, ""manual_repair_fail_prob"": 0.9, ""manual_repair_time"": 2880.0, ""max_replications"": 1000, ""num_replications"": 30, ""preemption_wait_time"": 20.0, ""prob_auto_to_manual"": 0.8, ""rack_size"": 8, ""random_failure_rate"": 1.388888888888889e-05, ""recovery_time"": 60.0, ""relative_accuracy"": 0.05, ""seed"": 42, ""spare_pool_size"": 200, ""systematic_failure_fraction"": 0.08, ""systematic_failure_rate_multiplier"": 10.0, ""warm_standbys"": 16, ""weibull_shape"": 1.0, ""working_pool_size"": 4600}"
da28d045aeb687e2f7991924bb1c67e7501cd076,2d_heatmap_sweep.py,Random+NeverRemove,DefaultHostSelection(),NeverRemove(),44,2,2174.349999999999,0.15452893968312428,1838,1156,682,1838,1458,287,1551,120,645,1073,0,0,0,7,0,0,366,292.3168044077135,235,255.3168044077135,363,1.6,"{""adaptive_replications"": false, ""auto_repair_fail_prob"": 0.6, ""auto_repair_time"": 120.0, ""bad_server_regen_interval"": 43200, ""bad_server_regeneration"": false, ""confidence_level"": 0.95, ""diagnosis_probability"": 1.0, ""diagnosis_uncertainty"": 0.0, ""enable_topology"": false, ""failure_distribution"": ""exponential"", ""host_selection_time"": 3.0, ""job_length"": 20160, ""job_size"": 4096, ""lognormal_sigma"": 1.0, ""manual_repair_fail_prob"": 0.9, ""manual_repair_time"": 2880.0, ""max_replications"": 1000, ""num_replications"": 30, ""preemption_wait_time"": 20.0, ""prob_auto_to_manual"": 0.8, ""rack_size"": 8, ""random_failure_rate"": 1.388888888888889e-05, ""recovery_time"": 60.0, ""relative_accuracy"": 0.05, ""seed"": 42, ""spare_pool_size"": 200, ""systematic_failure_fraction"": 0.08, ""systematic_failure_rate_multiplier"": 10.0, ""warm_standbys"": 16, ""weibull_shape"": 1.0, ""working_pool_size"": 4600}"
da28d045aeb687e2f7991924bb1c67e7501cd076,2d_heatmap_sweep.py,Random+NeverRemove,DefaultHostSelection(),NeverRemove(),45,3,2152.2999999999993,0.15611206616178044,1816,1144,672,1816,1468,303,1513,133,620,1063,0,0,0,6,0,0,365,288.7910863509749,225,252.016713091922,359,1.54,"{""adaptive_replications"": false, ""auto_repair_fail_prob"": 0.6, ""auto_repair_time"": 120.0, ""bad_server_regen_interval"": 43200, ""bad_server_regeneration"": false, ""confidence_level"": 0.95, ""diagnosis_probability"": 1.0, ""diagnosis_uncertainty"": 0.0, ""enable_topology"": false, ""failure_distribution"": ""exponential"", ""host_selection_time"": 3.0, ""job_length"": 20160, ""job_size"": 4096, ""lognormal_sigma"": 1.0, ""manual_repair_fail_prob"": 0.9, ""manual_repair_time"": 2880.0, ""max_replications"": 1000, ""num_replications"": 30, ""preemption_wait_time"": 20.0, ""prob_auto_to_manual"": 0.8, ""rack_size"": 8, ""random_failure_rate"": 1.388888888888889e-05, ""recovery_time"": 60.0, ""relative_accuracy"": 0.05, ""seed"": 42, ""spare_pool_size"": 200, ""systematic_failure_fraction"": 0.08, ""systematic_failure_rate_multiplier"": 10.0, ""warm_standbys"": 16, ""weibull_shape"": 1.0, ""working_pool_size"": 4600}"
da28d045aeb687e2f7991924bb1c67e7501cd076,2d_heatmap_sweep.py,Random+NeverRemove,DefaultHostSelection(),NeverRemove(),46,4,2250.249999999999,0.14931674258415722,1914,1169,745,1914,1514,310,1604,139,694,1081,0,0,0,5,0,0,367,284.56117021276594,218,254.68882978723406,376,1.6,"{""adaptive_replications"": false, ""auto_repair_fail_prob"": 0.6, ""auto_repair_time"": 120.0, ""bad_server_regen_interval"": 43200, ""bad_server_regeneration"": false, ""confidence_level"": 0.95, ""diagnosis_probability"": 1.0, ""diagnosis_uncertainty"": 0.0, ""enable_topology"": false, ""failure_distribution"": ""exponential"", ""host_selection_time"": 3.0, ""job_length"": 20160, ""job_size"": 4096, ""lognormal_sigma"": 1.0, ""manual_repair_fail_prob"": 0.9, ""manual_repair_time"": 2880.0, ""max_replications"": 1000, ""num_replications"": 30, ""preemption_wait_time"": 20.0, ""prob_auto_to_manual"": 0.8, ""rack_size"": 8, ""random_failure_rate"": 1.388888888888889e-05, ""recovery_time"": 60.0, ""relative_accuracy"": 0.05, ""seed"": 42, ""spare_pool_size"": 200, ""systematic_failure_fraction"": 0.08, ""systematic_failure_rate_multiplier"": 10.0, ""warm_standbys"": 16, ""weibull_shape"": 1.0, ""working_pool_size"": 4600}"
da28d045aeb687e2f7991924bb1c67e7501cd076,2d_heatmap_sweep.py,Random+NeverRemove,DefaultHostSelection(),NeverRemove(),47,5,2196.299999999999,0.1529845649501435,1860,1138,722,1860,1492,309,1551,125,655,1080,0,0,0,6,0,0,364,283.4141689373297,230,244.45776566757493,367,1.54,"{""adaptive_replications"": false, ""auto_repair_fail_prob"": 0.6, ""auto_repair_time"": 120.0, ""bad_server_regen_interval"": 43200, ""bad_server_regeneration"": false, ""confidence_level"": 0.95, ""diagnosis_probability"": 1.0, ""diagnosis_uncertainty"": 0.0, ""enable_topology"": false, ""failure_distribution"": ""exponential"", ""host_selection_time"": 3.0, ""job_length"": 20160, ""job_size"": 4096, ""lognormal_sigma"": 1.0, ""manual_repair_fail_prob"": 0.9, ""manual_repair_time"": 2880.0, ""max_replications"": 1000, ""num_replications"": 30, ""preemption_wait_time"": 20.0, ""prob_auto_to_manual"": 0.8, ""rack_size"": 8, ""random_failure_rate"": 1.388888888888889e-05, ""recovery_time"": 60.0, ""relative_accuracy"": 0.05, ""seed"": 42, ""spare_pool_size"": 200, ""systematic_failure_fraction"": 0.08, ""systematic_failure_rate_multiplier"": 10.0, ""warm_standbys"": 16, ""weibull_shape"": 1.0, ""working_pool_size"": 4600}"
da28d045aeb687e2f7991924bb1c67e7501cd076,2d_heatmap_sweep.py,Random+NeverRemove,DefaultHostSelection(),NeverRemove(),48,6,2165.2999999999984,0.15517480256777355,1829,1132,697,1829,1458,300,1529,127,638,1064,0,0,0,6,0,0,365,294.85041551246536,227,254.1994459833795,361,1.56,"{""adaptive_replications"": false, ""auto_repair_fail_prob"": 0.6, ""auto_repair_time"": 120.0, ""bad_server_regen_interval"": 43200, ""bad_server_regeneration"": false, ""confidence_level"": 0.95, ""diagnosis_probability"": 1.0, ""diagnosis_uncertainty"": 0.0, ""enable_topology"": false, ""failure_distribution"": ""exponential"", ""host_selection_time"": 3.0, ""job_length"": 20160, ""job_size"": 4096, ""lognormal_sigma"": 1.0, ""manual_repair_fail_prob"": 0.9, ""manual_repair_time"": 2880.0, ""max_replications"": 1000, ""num_replications"": 30, ""preemption_wait_time"": 20.0, ""prob_auto_to_manual"": 0.8, ""rack_size"": 8, ""random_failure_rate"": 1.388888888888889e-05, ""recovery_time"": 60.0, ""relative_accuracy"": 0.05, ""seed"": 42, ""spare_pool_size"": 200, ""systematic_failure_fraction"": 0.08, ""systematic_failure_rate_multiplier"": 10.0, ""warm_standbys"": 16, ""weibull_shape"": 1.0, ""working_pool_size"": 4600}"
da28d045aeb687e2f7991924bb1c67e7501cd076,2d_heatmap_sweep.py,Random+NeverRemove,DefaultHostSelection(),NeverRemove(),49,7,2193.2999999999997,0.1531938175352211,1857,1160,697,1857,1479,325,1532,123,652,1082,0,0,0,6,0,0,369,288.59289617486337,235,253.19398907103826,366,1.6,"{""adaptive_replications"": false, ""auto_repair_fail_prob"": 0.6, ""auto_repair_time"": 120.0, ""bad_server_regen_interval"": 43200, ""bad_server_regeneration"": false, ""confidence_level"": 0.95, ""diagnosis_probability"": 1.0, ""diagnosis_uncertainty"": 0.0, ""enable_topology"": false, ""failure_distribution"": ""exponential"", ""host_selection_time"": 3.0, ""job_length"": 20160, ""job_size"": 4096, ""lognormal_sigma"": 1.0, ""manual_repair_fail_prob"": 0.9, ""manual_repair_time"": 2880.0, ""max_replications"": 1000, ""num_replications"": 30, ""preemption_wait_time"": 20.0, ""prob_auto_to_manual"": 0.8, ""rack_size"": 8, ""random_failure_rate"": 1.388888888888889e-05, ""recovery_time"": 60.0, ""relative_accuracy"": 0.05, ""seed"": 42, ""spare_pool_size"": 200, ""systematic_failure_fraction"": 0.08, ""systematic_failure_rate_multiplier"": 10.0, ""warm_standbys"": 16, ""weibull_shape"": 1.0, ""working_pool_size"": 4600}"
da28d045aeb687e2f7991924bb1c67e7501cd076,2d_heatmap_sweep.py,Random+NeverRemove,DefaultHostSelection(),NeverRemove(),50,8,2243.3499999999976,0.1497760046359244,1907,1185,722,1907,1516,286,1621,122,684,1101,0,0,0,7,0,0,369,293.4331550802139,236,254.98128342245988,374,1.67,"{""adaptive_replications"": false, ""auto_repair_fail_prob"": 0.6, ""auto_repair_time"": 120.0, ""bad_server_regen_interval"": 43200, ""bad_server_regeneration"": false, ""confidence_level"": 0.95, ""diagnosis_probability"": 1.0, ""diagnosis_uncertainty"": 0.0, ""enable_topology"": false, ""failure_distribution"": ""exponential"", ""host_selection_time"": 3.0, ""job_length"": 20160, ""job_size"": 4096, ""lognormal_sigma"": 1.0, ""manual_repair_fail_prob"": 0.9, ""manual_repair_time"": 2880.0, ""max_replications"": 1000, ""num_replications"": 30, ""preemption_wait_time"": 20.0, ""prob_auto_to_manual"": 0.8, ""rack_size"": 8, ""random_failure_rate"": 1.388888888888889e-05, ""recovery_time"": 60.0, ""relative_accuracy"": 0.05, ""seed"": 42, ""spare_pool_size"": 200, ""systematic_failure_fraction"": 0.08, ""systematic_failure_rate_multiplier"": 10.0, ""warm_standbys"": 16, ""weibull_shape"": 1.0, ""working_pool_size"": 4600}"
da28d045aeb687e2f7991924bb1c67e7501cd076,2d_heatmap_sweep.py,Random+NeverRemove,DefaultHostSelection(),NeverRemove(),51,9,2247.300000000004,0.14951274863169095,1911,1197,714,1911,1511,308,1603,132,658,1121,0,0,0,6,0,0,367,287.00266666666664,228,254.29333333333332,375,1.68,"{""adaptive_replications"": false, ""auto_repair_fail_prob"": 0.6, ""auto_repair_time"": 120.0, ""bad_server_regen_interval"": 43200, ""bad_server_regeneration"": false, ""confidence_level"": 0.95, ""diagnosis_probability"": 1.0, ""diagnosis_uncertainty"": 0.0, ""enable_topology"": false, ""failure_distribution"": ""exponential"", ""host_selection_time"": 3.0, ""job_length"": 20160, ""job_size"": 4096, ""lognormal_sigma"": 1.0, ""manual_repair_fail_prob"": 0.9, ""manual_repair_time"": 2880.0, ""max_replications"": 1000, ""num_replications"": 30, ""preemption_wait_time"": 20.0, ""prob_auto_to_manual"": 0.8, ""rack_size"": 8, ""random_failure_rate"": 1.388888888888889e-05, ""recovery_time"": 60.0, ""relative_accuracy"": 0.05, ""seed"": 42, ""spare_pool_size"": 200, ""systematic_failure_fraction"": 0.08, ""systematic_failure_rate_multiplier"": 10.0, ""warm_standbys"": 16, ""weibull_shape"": 1.0, ""working_pool_size"": 4600}"
da28d045aeb687e2f7991924bb1c67e7501cd076,2d_heatmap_sweep.py,Random+ScoredRemoval(SC_fast),DefaultHostSelection(),"ScoredRemoval(initial_score=100.0, failure_penalty=60.0, success_increment=5.0, time_period=1440, retirement_threshold=0.0)",42,0,1997.2500000000016,0.1682313180623356,1660,1141,519,1660,1332,290,1370,100,466,1094,0,355,0,25,0,0,369,216.77777777777777,79,195.8048048048048,333,1.84,"{""adaptive_replications"": false, ""auto_repair_fail_prob"": 0.6, ""auto_repair_time"": 120.0, ""bad_server_regen_interval"": 43200, ""bad_server_regeneration"": false, ""confidence_level"": 0.95, ""diagnosis_probability"": 1.0, ""diagnosis_uncertainty"": 0.0, ""enable_topology"": false, ""failure_distribution"": ""exponential"", ""host_selection_time"": 3.0, ""job_length"": 20160, ""job_size"": 4096, ""lognormal_sigma"": 1.0, ""manual_repair_fail_prob"": 0.9, ""manual_repair_time"": 2880.0, ""max_replications"": 1000, ""num_replications"": 30, ""preemption_wait_time"": 20.0, ""prob_auto_to_manual"": 0.8, ""rack_size"": 8, ""random_failure_rate"": 1.388888888888889e-05, ""recovery_time"": 60.0, ""relative_accuracy"": 0.05, ""seed"": 42, ""spare_pool_size"": 200, ""systematic_failure_fraction"": 0.08, ""systematic_failure_rate_multiplier"": 10.0, ""warm_standbys"": 16, ""weibull_shape"": 1.0, ""working_pool_size"": 4600}"
da28d045aeb687e2f7991924bb1c67e7501cd076,2d_heatmap_sweep.py,Random+ScoredRemoval(SC_fast),DefaultHostSelection(),"ScoredRemoval(initial_score=100.0, failure_penalty=60.0, success_increment=5.0, time_period=1440, retirement_threshold=0.0)",43,1,2051.350000000001,0.16379457430472605,1714,1182,532,1714,1375,272,1442,88,503,1123,0,380,0,27,0,0,370,219.8830409356725,76,197.82456140350877,342,2.22,"{""adaptive_replications"": false, ""auto_repair_fail_prob"": 0.6, ""auto_repair_time"": 120.0, ""bad_server_regen_interval"": 43200, ""bad_server_regeneration"": false, ""confidence_level"": 0.95, ""diagnosis_probability"": 1.0, ""diagnosis_uncertainty"": 0.0, ""enable_topology"": false, ""failure_distribution"": ""exponential"", ""host_selection_time"": 3.0, ""job_length"": 20160, ""job_size"": 4096, ""lognormal_sigma"": 1.0, ""manual_repair_fail_prob"": 0.9, ""manual_repair_time"": 2880.0, ""max_replications"": 1000, ""num_replications"": 30, ""preemption_wait_time"": 20.0, ""prob_auto_to_manual"": 0.8, ""rack_size"": 8, ""random_failure_rate"": 1.388888888888889e-05, ""recovery_time"": 60.0, ""relative_accuracy"": 0.05, ""seed"": 42, ""spare_pool_size"": 200, ""systematic_failure_fraction"": 0.08, ""systematic_failure_rate_multiplier"": 10.0, ""warm_standbys"": 16, ""weibull_shape"": 1.0, ""working_pool_size"": 4600}"
da28d045aeb687e2f7991924bb1c67e7501cd076,2d_heatmap_sweep.py,Random+ScoredRemoval(SC_fast),DefaultHostSelection(),"ScoredRemoval(initial_score=100.0, failure_penalty=60.0, success_increment=5.0, time_period=1440, retirement_threshold=0.0)",44,2,2003.3500000000001,0.1677190705568171,1666,1129,537,1666,1334,244,1422,82,506,1078,0,377,0,27,0,0,366,223.96407185628743,75,202.98502994011977,334,2.13,"{""adaptive_replications"": false, ""auto_repair_fail_prob"": 0.6, ""auto_repair_time"": 120.0, ""bad_server_regen_interval"": 43200, ""bad_server_regeneration"": false, ""confidence_level"": 0.95, ""diagnosis_probability"": 1.0, ""diagnosis_uncertainty"": 0.0, ""enable_topology"": false, ""failure_distribution"": ""exponential"", ""host_selection_time"": 3.0, ""job_length"": 20160, ""job_size"": 4096, ""lognormal_sigma"": 1.0, ""manual_repair_fail_prob"": 0.9, ""manual_repair_time"": 2880.0, ""max_replications"": 1000, ""num_replications"": 30, ""preemption_wait_time"": 20.0, ""prob_auto_to_manual"": 0.8, ""rack_size"": 8, ""random_failure_rate"": 1.388888888888889e-05, ""recovery_time"": 60.0, ""relative_accuracy"": 0.05, ""seed"": 42, ""spare_pool_size"": 200, ""systematic_failure_fraction"": 0.08, ""systematic_failure_rate_multiplier"": 10.0, ""warm_standbys"": 16, ""weibull_shape"": 1.0, ""working_pool_size"": 4600}"
da28d045aeb687e2f7991924bb1c67e7501cd076,2d_heatmap_sweep.py,Random+ScoredRemoval(SC_fast),DefaultHostSelection(),"ScoredRemoval(initial_score=100.0, failure_penalty=60.0, success_increment=5.0, time_period=1440, retirement_threshold=0.0)",45,3,2001.2999999999988,0.16789087093389268,1664,1141,523,1664,1301,253,1411,96,492,1076,0,350,0,26,0,0,365,215.6317365269461,64,195.82335329341316,334,2.1,"{""adaptive_replications"": false, ""auto_repair_fail_prob"": 0.6, ""auto_repair_time"": 120.0, ""bad_server_regen_interval"": 43200, ""bad_server_regeneration"": false, ""confidence_level"": 0.95, ""diagnosis_probability"": 1.0, ""diagnosis_uncertainty"": 0.0, ""enable_topology"": false, ""failure_distribution"": ""exponential"", ""host_selection_time"": 3.0, ""job_length"": 20160, ""job_size"": 4096, ""lognormal_sigma"": 1.0, ""manual_repair_fail_prob"": 0.9, ""manual_repair_time"": 2880.0, ""max_replications"": 1000, ""num_replications"": 30, ""preemption_wait_time"": 20.0, ""prob_auto_to_manual"": 0.8, ""rack_size"": 8, ""random_failure_rate"": 1.388888888888889e-05, ""recovery_time"": 60.0, ""relative_accuracy"": 0.05, ""seed"": 42, ""spare_pool_size"": 200, ""systematic_failure_fraction"": 0.08, ""systematic_failure_rate_multiplier"": 10.0, ""warm_standbys"": 16, ""weibull_shape"": 1.0, ""working_pool_size"": 4600}"
da28d045aeb687e2f7991924bb1c67e7501cd076,2d_heatmap_sweep.py,Random+ScoredRemoval(SC_fast),DefaultHostSelection(),"ScoredRemoval(initial_score=100.0, failure_penalty=60.0, success_increment=5.0, time_period=1440, retirement_threshold=0.0)",46,4,1985.2499999999961,0.16924820551567835,1648,1105,543,1648,1285,286,1362,98,480,1070,0,352,0,25,0,0,367,211.77341389728096,72,192.809667673716,331,2.11,"{""adaptive_replications"": false, ""auto_repair_fail_prob"": 0.6, ""auto_repair_time"": 120.0, ""bad_server_regen_interval"": 43200, ""bad_server_regeneration"": false, ""confidence_level"": 0.95, ""diagnosis_probability"": 1.0, ""diagnosis_uncertainty"": 0.0, ""enable_topology"": false, ""failure_distribution"": ""exponential"", ""host_selection_time"": 3.0, ""job_length"": 20160, ""job_size"": 4096, ""lognormal_sigma"": 1.0, ""manual_repair_fail_prob"": 0.9, ""manual_repair_time"": 2880.0, ""max_replications"": 1000, ""num_replications"": 30, ""preemption_wait_time"": 20.0, ""prob_auto_to_manual"": 0.8, ""rack_size"": 8, ""random_failure_rate"": 1.388888888888889e-05, ""recovery_time"": 60.0, ""relative_accuracy"": 0.05, ""seed"": 42, ""spare_pool_size"": 200, ""systematic_failure_fraction"": 0.08, ""systematic_failure_rate_multiplier"": 10.0, ""warm_standbys"": 16, ""weibull_shape"": 1.0, ""working_pool_size"": 4600}"
da28d045aeb687e2f7991924bb1c67e7501cd076,2d_heatmap_sweep.py,Random+ScoredRemoval(SC_fast),DefaultHostSelection(),"ScoredRemoval(initial_score=100.0, failure_penalty=60.0, success_increment=5.0, time_period=1440, retirement_threshold=0.0)",47,5,2038.2999999999954,0.16484325172938227,1701,1179,522,1701,1366,261,1440,82,491,1128,0,360,0,26,0,0,364,218.03235294117647,80,197.0264705882353,340,2.17,"{""adaptive_replications"": false, ""auto_repair_fail_prob"": 0.6, ""auto_repair_time"": 120.0, ""bad_server_regen_interval"": 43200, ""bad_server_regeneration"": false, ""confidence_level"": 0.95, ""diagnosis_probability"": 1.0, ""diagnosis_uncertainty"": 0.0, ""enable_topology"": false, ""failure_distribution"": ""exponential"", ""host_selection_time"": 3.0, ""job_length"": 20160, ""job_size"": 4096, ""lognormal_sigma"": 1.0, ""manual_repair_fail_prob"": 0.9, ""manual_repair_time"": 2880.0, ""max_replications"": 1000, ""num_replications"": 30, ""preemption_wait_time"": 20.0, ""prob_auto_to_manual"": 0.8, ""rack_size"": 8, ""random_failure_rate"": 1.388888888888889e-05, ""recovery_time"": 60.0, ""relative_accuracy"": 0.05, ""seed"": 42, ""spare_pool_size"": 200, ""systematic_failure_fraction"": 0.08, ""systematic_failure_rate_multiplier"": 10.0, ""warm_standbys"": 16, ""weibull_shape"": 1.0, ""working_pool_size"": 4600}"
da28d045aeb687e2f7991924bb1c67e7501cd076,2d_heatmap_sweep.py,Random+ScoredRemoval(SC_fast),DefaultHostSelection(),"ScoredRemoval(initial_score=100.0, failure_penalty=60.0, success_increment=5.0, time_period=1440, retirement_threshold=0.0)",48,6,2016.3000000000031,0.16664186876952822,1679,1140,539,1679,1335,283,1396,105,482,1092,0,364,0,26,0,0,365,210.98516320474778,57,191.10682492581603,337,2.14,"{""adaptive_replications"": false, ""auto_repair_fail_prob"": 0.6, ""auto_repair_time"": 120.0, ""bad_server_regen_interval"": 43200, ""bad_server_regeneration"": false, ""confidence_level"": 0.95, ""diagnosis_probability"": 1.0, ""diagnosis_uncertainty"": 0.0, ""enable_topology"": false, ""failure_distribution"": ""exponential"", ""host_selection_time"": 3.0, ""job_length"": 20160, ""job_size"": 4096, ""lognormal_sigma"": 1.0, ""manual_repair_fail_prob"": 0.9, ""manual_repair_time"": 2880.0, ""max_replications"": 1000, ""num_replications"": 30, ""preemption_wait_time"": 20.0, ""prob_auto_to_manual"": 0.8, ""rack_size"": 8, ""random_failure_rate"": 1.388888888888889e-05, ""recovery_time"": 60.0, ""relative_accuracy"": 0.05, ""seed"": 42, ""spare_pool_size"": 200, ""systematic_failure_fraction"": 0.08, ""systematic_failure_rate_multiplier"": 10.0, ""warm_standbys"": 16, ""weibull_shape"": 1.0, ""working_pool_size"": 4600}"
da28d045aeb687e2f7991924bb1c67e7501cd076,2d_heatmap_sweep.py,Random+ScoredRemoval(SC_fast),DefaultHostSelection(),"ScoredRemoval(initial_score=100.0, failure_penalty=60.0, success_increment=5.0, time_period=1440, retirement_threshold=0.0)",49,7,2036.3999999999992,0.16499705362404252,1699,1161,538,1699,1339,262,1437,93,498,1108,0,365,0,28,0,0,369,215.0794117647059,72,196.86176470588236,340,2.2,"{""adaptive_replications"": false, ""auto_repair_fail_prob"": 0.6, ""auto_repair_time"": 120.0, ""bad_server_regen_interval"": 43200, ""bad_server_regeneration"": false, ""confidence_level"": 0.95, ""diagnosis_probability"": 1.0, ""diagnosis_uncertainty"": 0.0, ""enable_topology"": false, ""failure_distribution"": ""exponential"", ""host_selection_time"": 3.0, ""job_length"": 20160, ""job_size"": 4096, ""lognormal_sigma"": 1.0, ""manual_repair_fail_prob"": 0.9, ""manual_repair_time"": 2880.0, ""max_replications"": 1000, ""num_replications"": 30, ""preemption_wait_time"": 20.0, ""prob_auto_to_manual"": 0.8, ""rack_size"": 8, ""random_failure_rate"": 1.388888888888889e-05, ""recovery_time"": 60.0, ""relative_accuracy"": 0.05, ""seed"": 42, ""spare_pool_size"": 200, ""systematic_failure_fraction"": 0.08, ""systematic_failure_rate_multiplier"": 10.0, ""warm_standbys"": 16, ""weibull_shape"": 1.0, ""working_pool_size"": 4600}"
da28d045aeb687e2f7991924bb1c67e7501cd076,2d_heatmap_sweep.py,Random+ScoredRemoval(SC_fast),DefaultHostSelection(),"ScoredRemoval(initial_score=100.0, failure_penalty=60.0, success_increment=5.0, time_period=1440, retirement_threshold=0.0)",50,8,1975.3000000000004,0.1701007441907558,1638,1114,524,1638,1333,253,1385,92,480,1066,0,340,0,26,0,0,369,222.23333333333332,81,201.3242424242424,330,2.11,"{""adaptive_replications"": false, ""auto_repair_fail_prob"": 0.6, ""auto_repair_time"": 120.0, ""bad_server_regen_interval"": 43200, ""bad_server_regeneration"": false, ""confidence_level"": 0.95, ""diagnosis_probability"": 1.0, ""diagnosis_uncertainty"": 0.0, ""enable_topology"": false, ""failure_distribution"": ""exponential"", ""host_selection_time"": 3.0, ""job_length"": 20160, ""job_size"": 4096, ""lognormal_sigma"": 1.0, ""manual_repair_fail_prob"": 0.9, ""manual_repair_time"": 2880.0, ""max_replications"": 1000, ""num_replications"": 30, ""preemption_wait_time"": 20.0, ""prob_auto_to_manual"": 0.8, ""rack_size"": 8, ""random_failure_rate"": 1.388888888888889e-05, ""recovery_time"": 60.0, ""relative_accuracy"": 0.05, ""seed"": 42, ""spare_pool_size"": 200, ""systematic_failure_fraction"": 0.08, ""systematic_failure_rate_multiplier"": 10.0, ""warm_standbys"": 16, ""weibull_shape"": 1.0, ""working_pool_size"": 4600}"
da28d045aeb687e2f7991924bb1c67e7501cd076,2d_heatmap_sweep.py,Random+ScoredRemoval(SC_fast),DefaultHostSelection(),"ScoredRemoval(initial_score=100.0, failure_penalty=60.0, success_increment=5.0, time_period=1440, retirement_threshold=0.0)",51,9,2020.249999999998,0.16631604999381316,1683,1170,513,1683,1324,251,1432,87,488,1108,0,341,0,25,0,0,367,219.9287833827893,88,200.3412462908012,337,2.11,"{""adaptive_replications"": false, ""auto_repair_fail_prob"": 0.6, ""auto_repair_time"": 120.0, ""bad_server_regen_interval"": 43200, ""bad_server_regeneration"": false, ""confidence_level"": 0.95, ""diagnosis_probability"": 1.0, ""diagnosis_uncertainty"": 0.0, ""enable_topology"": false, ""failure_distribution"": ""exponential"", ""host_selection_time"": 3.0, ""job_length"": 20160, ""job_size"": 4096, ""lognormal_sigma"": 1.0, ""manual_repair_fail_prob"": 0.9, ""manual_repair_time"": 2880.0, ""max_replications"": 1000, ""num_replications"": 30, ""preemption_wait_time"": 20.0, ""prob_auto_to_manual"": 0.8, ""rack_size"": 8, ""random_failure_rate"": 1.388888888888889e-05, ""recovery_time"": 60.0, ""relative_accuracy"": 0.05, ""seed"": 42, ""spare_pool_size"": 200, ""systematic_failure_fraction"": 0.08, ""systematic_failure_rate_multiplier"": 10.0, ""warm_standbys"": 16, ""weibull_shape"": 1.0, ""working_pool_size"": 4600}"
da28d045aeb687e2f7991924bb1c67e7501cd076,2d_heatmap_sweep.py,FewestFailuresFirst+NeverRemove,FewestFailuresFirst(),NeverRemove(),42,0,1913.3499999999997,0.17560822640917784,1577,1064,513,1577,1247,256,1321,83,473,1021,0,0,0,7,0,0,369,316.3855799373041,278,185.77115987460814,319,1.26,"{""adaptive_replications"": false, ""auto_repair_fail_prob"": 0.6, ""auto_repair_time"": 120.0, ""bad_server_regen_interval"": 43200, ""bad_server_regeneration"": false, ""confidence_level"": 0.95, ""diagnosis_probability"": 1.0, ""diagnosis_uncertainty"": 0.0, ""enable_topology"": false, ""failure_distribution"": ""exponential"", ""host_selection_time"": 3.0, ""job_length"": 20160, ""job_size"": 4096, ""lognormal_sigma"": 1.0, ""manual_repair_fail_prob"": 0.9, ""manual_repair_time"": 2880.0, ""max_replications"": 1000, ""num_replications"": 30, ""preemption_wait_time"": 20.0, ""prob_auto_to_manual"": 0.8, ""rack_size"": 8, ""random_failure_rate"": 1.388888888888889e-05, ""recovery_time"": 60.0, ""relative_accuracy"": 0.05, ""seed"": 42, ""spare_pool_size"": 200, ""systematic_failure_fraction"": 0.08, ""systematic_failure_rate_multiplier"": 10.0, ""warm_standbys"": 16, ""weibull_shape"": 1.0, ""working_pool_size"": 4600}"
da28d045aeb687e2f7991924bb1c67e7501cd076,2d_heatmap_sweep.py,FewestFailuresFirst+NeverRemove,FewestFailuresFirst(),NeverRemove(),43,1,1982.3,0.16950007566967745,1646,1120,526,1646,1320,271,1375,91,482,1073,0,0,0,6,0,0,370,311.81268882175226,265,189.98489425981873,331,1.41,"{""adaptive_replications"": false, ""auto_repair_fail_prob"": 0.6, ""auto_repair_time"": 120.0, ""bad_server_regen_interval"": 43200, ""bad_server_regeneration"": false, ""confidence_level"": 0.95, ""diagnosis_probability"": 1.0, ""diagnosis_uncertainty"": 0.0, ""enable_topology"": false, ""failure_distribution"": ""exponential"", ""host_selection_time"": 3.0, ""job_length"": 20160, ""job_size"": 4096, ""lognormal_sigma"": 1.0, ""manual_repair_fail_prob"": 0.9, ""manual_repair_time"": 2880.0, ""max_replications"": 1000, ""num_replications"": 30, ""preemption_wait_time"": 20.0, ""prob_auto_to_manual"": 0.8, ""rack_size"": 8, ""random_failure_rate"": 1.388888888888889e-05, ""recovery_time"": 60.0, ""relative_accuracy"": 0.05, ""seed"": 42, ""spare_pool_size"": 200, ""systematic_failure_fraction"": 0.08, ""systematic_failure_rate_multiplier"": 10.0, ""warm_standbys"": 16, ""weibull_shape"": 1.0, ""working_pool_size"": 4600}"
da28d045aeb687e2f7991924bb1c67e7501cd076,2d_heatmap_sweep.py,FewestFailuresFirst+NeverRemove,FewestFailuresFirst(),NeverRemove(),44,2,2029.4499999999987,0.16556209810539843,1693,1173,520,1693,1351,273,1420,75,509,1109,0,0,0,9,0,0,366,316.4719764011799,288,182.89085545722713,339,1.43,"{""adaptive_replications"": false, ""auto_repair_fail_prob"": 0.6, ""auto_repair_time"": 120.0, ""bad_server_regen_interval"": 43200, ""bad_server_regeneration"": false, ""confidence_level"": 0.95, ""diagnosis_probability"": 1.0, ""diagnosis_uncertainty"": 0.0, ""enable_topology"": false, ""failure_distribution"": ""exponential"", ""host_selection_time"": 3.0, ""job_length"": 20160, ""job_size"": 4096, ""lognormal_sigma"": 1.0, ""manual_repair_fail_prob"": 0.9, ""manual_repair_time"": 2880.0, ""max_replications"": 1000, ""num_replications"": 30, ""preemption_wait_time"": 20.0, ""prob_auto_to_manual"": 0.8, ""rack_size"": 8, ""random_failure_rate"": 1.388888888888889e-05, ""recovery_time"": 60.0, ""relative_accuracy"": 0.05, ""seed"": 42, ""spare_pool_size"": 200, ""systematic_failure_fraction"": 0.08, ""systematic_failure_rate_multiplier"": 10.0, ""warm_standbys"": 16, ""weibull_shape"": 1.0, ""working_pool_size"": 4600}"
da28d045aeb687e2f7991924bb1c67e7501cd076,2d_heatmap_sweep.py,FewestFailuresFirst+NeverRemove,FewestFailuresFirst(),NeverRemove(),45,3,1940.3000000000015,0.17316909756223267,1604,1083,521,1604,1263,279,1325,101,472,1031,0,0,0,6,0,0,365,298.89814814814815,258,192.82716049382717,324,1.36,"{""adaptive_replications"": false, ""auto_repair_fail_prob"": 0.6, ""auto_repair_time"": 120.0, ""bad_server_regen_interval"": 43200, ""bad_server_regeneration"": false, ""confidence_level"": 0.95, ""diagnosis_probability"": 1.0, ""diagnosis_uncertainty"": 0.0, ""enable_topology"": false, ""failure_distribution"": ""exponential"", ""host_selection_time"": 3.0, ""job_length"": 20160, ""job_size"": 4096, ""lognormal_sigma"": 1.0, ""manual_repair_fail_prob"": 0.9, ""manual_repair_time"": 2880.0, ""max_replications"": 1000, ""num_replications"": 30, ""preemption_wait_time"": 20.0, ""prob_auto_to_manual"": 0.8, ""rack_size"": 8, ""random_failure_rate"": 1.388888888888889e-05, ""recovery_time"": 60.0, ""relative_accuracy"": 0.05, ""seed"": 42, ""spare_pool_size"": 200, ""systematic_failure_fraction"": 0.08, ""systematic_failure_rate_multiplier"": 10.0, ""warm_standbys"": 16, ""weibull_shape"": 1.0, ""working_pool_size"": 4600}"
da28d045aeb687e2f7991924bb1c67e7501cd076,2d_heatmap_sweep.py,FewestFailuresFirst+NeverRemove,FewestFailuresFirst(),NeverRemove(),46,4,2014.3999999999992,0.1667990468625887,1678,1155,523,1678,1322,256,1422,95,493,1090,0,0,0,8,0,0,367,302.875,264,183.08928571428572,336,1.42,"{""adaptive_replications"": false, ""auto_repair_fail_prob"": 0.6, ""auto_repair_time"": 120.0, ""bad_server_regen_interval"": 43200, ""bad_server_regeneration"": false, ""confidence_level"": 0.95, ""diagnosis_probability"": 1.0, ""diagnosis_uncertainty"": 0.0, ""enable_topology"": false, ""failure_distribution"": ""exponential"", ""host_selection_time"": 3.0, ""job_length"": 20160, ""job_size"": 4096, ""lognormal_sigma"": 1.0, ""manual_repair_fail_prob"": 0.9, ""manual_repair_time"": 2880.0, ""max_replications"": 1000, ""num_replications"": 30, ""preemption_wait_time"": 20.0, ""prob_auto_to_manual"": 0.8, ""rack_size"": 8, ""random_failure_rate"": 1.388888888888889e-05, ""recovery_time"": 60.0, ""relative_accuracy"": 0.05, ""seed"": 42, ""spare_pool_size"": 200, ""systematic_failure_fraction"": 0.08, ""systematic_failure_rate_multiplier"": 10.0, ""warm_standbys"": 16, ""weibull_shape"": 1.0, ""working_pool_size"": 4600}"
da28d045aeb687e2f7991924bb1c67e7501cd076,2d_heatmap_sweep.py,FewestFailuresFirst+NeverRemove,FewestFailuresFirst(),NeverRemove(),47,5,2055.449999999997,0.16346785375465278,1719,1189,530,1719,1369,270,1449,82,498,1139,0,0,0,9,0,0,364,312.98542274052477,274,187.75510204081633,343,1.45,"{""adaptive_replications"": false, ""auto_repair_fail_prob"": 0.6, ""auto_repair_time"": 120.0, ""bad_server_regen_interval"": 43200, ""bad_server_regeneration"": false, ""confidence_level"": 0.95, ""diagnosis_probability"": 1.0, ""diagnosis_uncertainty"": 0.0, ""enable_topology"": false, ""failure_distribution"": ""exponential"", ""host_selection_time"": 3.0, ""job_length"": 20160, ""job_size"": 4096, ""lognormal_sigma"": 1.0, ""manual_repair_fail_prob"": 0.9, ""manual_repair_time"": 2880.0, ""max_replications"": 1000, ""num_replications"": 30, ""preemption_wait_time"": 20.0, ""prob_auto_to_manual"": 0.8, ""rack_size"": 8, ""random_failure_rate"": 1.388888888888889e-05, ""recovery_time"": 60.0, ""relative_accuracy"": 0.05, ""seed"": 42, ""spare_pool_size"": 200, ""systematic_failure_fraction"": 0.08, ""systematic_failure_rate_multiplier"": 10.0, ""warm_standbys"": 16, ""weibull_shape"": 1.0, ""working_pool_size"": 4600}"
da28d045aeb687e2f7991924bb1c67e7501cd076,2d_heatmap_sweep.py,FewestFailuresFirst+NeverRemove,FewestFailuresFirst(),NeverRemove(),48,6,2084.299999999998,0.16120520078683506,1748,1203,545,1748,1391,262,1486,74,525,1149,0,0,0,6,0,0,365,311.60632183908046,284,190.25,348,1.5,"{""adaptive_replications"": false, ""auto_repair_fail_prob"": 0.6, ""auto_repair_time"": 120.0, ""bad_server_regen_interval"": 43200, ""bad_server_regeneration"": false, ""confidence_level"": 0.95, ""diagnosis_probability"": 1.0, ""diagnosis_uncertainty"": 0.0, ""enable_topology"": false, ""failure_distribution"": ""exponential"", ""host_selection_time"": 3.0, ""job_length"": 20160, ""job_size"": 4096, ""lognormal_sigma"": 1.0, ""manual_repair_fail_prob"": 0.9, ""manual_repair_time"": 2880.0, ""max_replications"": 1000, ""num_replications"": 30, ""preemption_wait_time"": 20.0, ""prob_auto_to_manual"": 0.8, ""rack_size"": 8, ""random_failure_rate"": 1.388888888888889e-05, ""recovery_time"": 60.0, ""relative_accuracy"": 0.05, ""seed"": 42, ""spare_pool_size"": 200, ""systematic_failure_fraction"": 0.08, ""systematic_failure_rate_multiplier"": 10.0, ""warm_standbys"": 16, ""weibull_shape"": 1.0, ""working_pool_size"": 4600}"
da28d045aeb687e2f7991924bb1c67e7501cd076,2d_heatmap_sweep.py,FewestFailuresFirst+NeverRemove,FewestFailuresFirst(),NeverRemove(),49,7,2084.3000000000015,0.16120520078683467,1748,1182,566,1748,1384,290,1458,101,514,1133,0,0,0,6,0,0,369,297.3448275862069,262,192.71264367816093,348,1.47,"{""adaptive_replications"": false, ""auto_repair_fail_prob"": 0.6, ""auto_repair_time"": 120.0, ""bad_server_regen_interval"": 43200, ""bad_server_regeneration"": false, ""confidence_level"": 0.95, ""diagnosis_probability"": 1.0, ""diagnosis_uncertainty"": 0.0, ""enable_topology"": false, ""failure_distribution"": ""exponential"", ""host_selection_time"": 3.0, ""job_length"": 20160, ""job_size"": 4096, ""lognormal_sigma"": 1.0, ""manual_repair_fail_prob"": 0.9, ""manual_repair_time"": 2880.0, ""max_replications"": 1000, ""num_replications"": 30, ""preemption_wait_time"": 20.0, ""prob_auto_to_manual"": 0.8, ""rack_size"": 8, ""random_failure_rate"": 1.388888888888889e-05, ""recovery_time"": 60.0, ""relative_accuracy"": 0.05, ""seed"": 42, ""spare_pool_size"": 200, ""systematic_failure_fraction"": 0.08, ""systematic_failure_rate_multiplier"": 10.0, ""warm_standbys"": 16, ""weibull_shape"": 1.0, ""working_pool_size"": 4600}"
da28d045aeb687e2f7991924bb1c67e7501cd076,2d_heatmap_sweep.py,FewestFailuresFirst+NeverRemove,FewestFailuresFirst(),NeverRemove(),50,8,1956.3500000000008,0.17174840902701452,1620,1130,490,1620,1282,279,1341,84,464,1072,0,0,0,7,0,0,369,312.33639143730886,272,193.94189602446482,327,1.38,"{""adaptive_replications"": false, ""auto_repair_fail_prob"": 0.6, ""auto_repair_time"": 120.0, ""bad_server_regen_interval"": 43200, ""bad_server_regeneration"": false, ""confidence_level"": 0.95, ""diagnosis_probability"": 1.0, ""diagnosis_uncertainty"": 0.0, ""enable_topology"": false, ""failure_distribution"": ""exponential"", ""host_selection_time"": 3.0, ""job_length"": 20160, ""job_size"": 4096, ""lognormal_sigma"": 1.0, ""manual_repair_fail_prob"": 0.9, ""manual_repair_time"": 2880.0, ""max_replications"": 1000, ""num_replications"": 30, ""preemption_wait_time"": 20.0, ""prob_auto_to_manual"": 0.8, ""rack_size"": 8, ""random_failure_rate"": 1.388888888888889e-05, ""recovery_time"": 60.0, ""relative_accuracy"": 0.05, ""seed"": 42, ""spare_pool_size"": 200, ""systematic_failure_fraction"": 0.08, ""systematic_failure_rate_multiplier"": 10.0, ""warm_standbys"": 16, ""weibull_shape"": 1.0, ""working_pool_size"": 4600}"
da28d045aeb687e2f7991924bb1c67e7501cd076,2d_heatmap_sweep.py,FewestFailuresFirst+NeverRemove,FewestFailuresFirst(),NeverRemove(),51,9,1937.2500000000045,0.17344173441734395,1601,1107,494,1601,1285,258,1343,80,461,1060,0,0,0,5,0,0,367,313.10526315789474,281,189.64086687306502,323,1.38,"{""adaptive_replications"": false, ""auto_repair_fail_prob"": 0.6, ""auto_repair_time"": 120.0, ""bad_server_regen_interval"": 43200, ""bad_server_regeneration"": false, ""confidence_level"": 0.95, ""diagnosis_probability"": 1.0, ""diagnosis_uncertainty"": 0.0, ""enable_topology"": false, ""failure_distribution"": ""exponential"", ""host_selection_time"": 3.0, ""job_length"": 20160, ""job_size"": 4096, ""lognormal_sigma"": 1.0, ""manual_repair_fail_prob"": 0.9, ""manual_repair_time"": 2880.0, ""max_replications"": 1000, ""num_replications"": 30, ""preemption_wait_time"": 20.0, ""prob_auto_to_manual"": 0.8, ""rack_size"": 8, ""random_failure_rate"": 1.388888888888889e-05, ""recovery_time"": 60.0, ""relative_accuracy"": 0.05, ""seed"": 42, ""spare_pool_size"": 200, ""systematic_failure_fraction"": 0.08, ""systematic_failure_rate_multiplier"": 10.0, ""warm_standbys"": 16, ""weibull_shape"": 1.0, ""working_pool_size"": 4600}"
da28d045aeb687e2f7991924bb1c67e7501cd076,2d_heatmap_sweep.py,Random+NeverRemove,DefaultHostSelection(),NeverRemove(),42,0,1930.4000000000021,0.1740571902196435,1594,1152,442,1594,1280,1156,438,339,126,1129,0,0,0,8,0,0,369,142.2608695652174,30,120.3944099378882,322,1.31,"{""adaptive_replications"": false, ""auto_repair_fail_prob"": 0.6, ""auto_repair_time"": 120.0, ""bad_server_regen_interval"": 43200, ""bad_server_regeneration"": false, ""confidence_level"": 0.95, ""diagnosis_probability"": 1.0, ""diagnosis_uncertainty"": 0.0, ""enable_topology"": false, ""failure_distribution"": ""exponential"", ""host_selection_time"": 3.0, ""job_length"": 20160, ""job_size"": 4096, ""lognormal_sigma"": 1.0, ""manual_repair_fail_prob"": 0.2, ""manual_repair_time"": 2880.0, ""max_replications"": 1000, ""num_replications"": 30, ""preemption_wait_time"": 20.0, ""prob_auto_to_manual"": 0.8, ""rack_size"": 8, ""random_failure_rate"": 1.388888888888889e-05, ""recovery_time"": 60.0, ""relative_accuracy"": 0.05, ""seed"": 42, ""spare_pool_size"": 200, ""systematic_failure_fraction"": 0.08, ""systematic_failure_rate_multiplier"": 15.0, ""warm_standbys"": 16, ""weibull_shape"": 1.0, ""working_pool_size"": 4600}"
da28d045aeb687e2f7991924bb1c67e7501cd076,2d_heatmap_sweep.py,Random+NeverRemove,DefaultHostSelection(),NeverRemove(),43,1,1905.3500000000001,0.17634555331041543,1569,1148,421,1569,1279,1169,400,353,106,1110,0,0,0,7,0,0,370,138.56603773584905,18,115.5125786163522,318,1.31,"{""adaptive_replications"": false, ""auto_repair_fail_prob"": 0.6, ""auto_repair_time"": 120.0, ""bad_server_regen_interval"": 43200, ""bad_server_regeneration"": false, ""confidence_level"": 0.95, ""diagnosis_probability"": 1.0, ""diagnosis_uncertainty"": 0.0, ""enable_topology"": false, ""failure_distribution"": ""exponential"", ""host_selection_time"": 3.0, ""job_length"": 20160, ""job_size"": 4096, ""lognormal_sigma"": 1.0, ""manual_repair_fail_prob"": 0.2, ""manual_repair_time"": 2880.0, ""max_replications"": 1000, ""num_replications"": 30, ""preemption_wait_time"": 20.0, ""prob_auto_to_manual"": 0.8, ""rack_size"": 8, ""random_failure_rate"": 1.388888888888889e-05, ""recovery_time"": 60.0, ""relative_accuracy"": 0.05, ""seed"": 42, ""spare_pool_size"": 200, ""systematic_failure_fraction"": 0.08, ""systematic_failure_rate_multiplier"": 15.0, ""warm_standbys"": 16, ""weibull_shape"": 1.0, ""working_pool_size"": 4600}"
da28d045aeb687e2f7991924bb1c67e7501cd076,2d_heatmap_sweep.py,Random+NeverRemove,DefaultHostSelection(),NeverRemove(),44,2,1904.2999999999981,0.17644278737593896,1568,1127,441,1568,1239,1129,439,343,133,1092,0,0,0,6,0,0,366,144.02830188679246,23,125.07861635220125,318,1.32,"{""adaptive_replications"": false, ""auto_repair_fail_prob"": 0.6, ""auto_repair_time"": 120.0, ""bad_server_regen_interval"": 43200, ""bad_server_regeneration"": false, ""confidence_level"": 0.95, ""diagnosis_probability"": 1.0, ""diagnosis_uncertainty"": 0.0, ""enable_topology"": false, ""failure_distribution"": ""exponential"", ""host_selection_time"": 3.0, ""job_length"": 20160, ""job_size"": 4096, ""lognormal_sigma"": 1.0, ""manual_repair_fail_prob"": 0.2, ""manual_repair_time"": 2880.0, ""max_replications"": 1000, ""num_replications"": 30, ""preemption_wait_time"": 20.0, ""prob_auto_to_manual"": 0.8, ""rack_size"": 8, ""random_failure_rate"": 1.388888888888889e-05, ""recovery_time"": 60.0, ""relative_accuracy"": 0.05, ""seed"": 42, ""spare_pool_size"": 200, ""systematic_failure_fraction"": 0.08, ""systematic_failure_rate_multiplier"": 15.0, ""warm_standbys"": 16, ""weibull_shape"": 1.0, ""working_pool_size"": 4600}"
da28d045aeb687e2f7991924bb1c67e7501cd076,2d_heatmap_sweep.py,Random+NeverRemove,DefaultHostSelection(),NeverRemove(),45,3,1865.3499999999997,0.18012705390409325,1529,1079,450,1529,1199,1073,456,329,147,1053,0,0,0,7,0,0,365,140.40836012861737,36,120.70096463022509,311,1.27,"{""adaptive_replications"": false, ""auto_repair_fail_prob"": 0.6, ""auto_repair_time"": 120.0, ""bad_server_regen_interval"": 43200, ""bad_server_regeneration"": false, ""confidence_level"": 0.95, ""diagnosis_probability"": 1.0, ""diagnosis_uncertainty"": 0.0, ""enable_topology"": false, ""failure_distribution"": ""exponential"", ""host_selection_time"": 3.0, ""job_length"": 20160, ""job_size"": 4096, ""lognormal_sigma"": 1.0, ""manual_repair_fail_prob"": 0.2, ""manual_repair_time"": 2880.0, ""max_replications"": 1000, ""num_replications"": 30, ""preemption_wait_time"": 20.0, ""prob_auto_to_manual"": 0.8, ""rack_size"": 8, ""random_failure_rate"": 1.388888888888889e-05, ""recovery_time"": 60.0, ""relative_accuracy"": 0.05, ""seed"": 42, ""spare_pool_size"": 200, ""systematic_failure_fraction"": 0.08, ""systematic_failure_rate_multiplier"": 15.0, ""warm_standbys"": 16, ""weibull_shape"": 1.0, ""working_pool_size"": 4600}"
da28d045aeb687e2f7991924bb1c67e7501cd076,2d_heatmap_sweep.py,Random+NeverRemove,DefaultHostSelection(),NeverRemove(),46,4,1939.3,0.17325839220337175,1603,1161,442,1603,1290,1171,432,337,137,1129,0,0,0,6,0,0,367,141.90123456790124,30,120.01851851851852,324,1.36,"{""adaptive_replications"": false, ""auto_repair_fail_prob"": 0.6, ""auto_repair_time"": 120.0, ""bad_server_regen_interval"": 43200, ""bad_server_regeneration"": false, ""confidence_level"": 0.95, ""diagnosis_probability"": 1.0, ""diagnosis_uncertainty"": 0.0, ""enable_topology"": false, ""failure_distribution"": ""exponential"", ""host_selection_time"": 3.0, ""job_length"": 20160, ""job_size"": 4096, ""lognormal_sigma"": 1.0, ""manual_repair_fail_prob"": 0.2, ""manual_repair_time"": 2880.0, ""max_replications"": 1000, ""num_replications"": 30, ""preemption_wait_time"": 20.0, ""prob_auto_to_manual"": 0.8, ""rack_size"": 8, ""random_failure_rate"": 1.388888888888889e-05, ""recovery_time"": 60.0, ""relative_accuracy"": 0.05, ""seed"": 42, ""spare_pool_size"": 200, ""systematic_failure_fraction"": 0.08, ""systematic_failure_rate_multiplier"": 15.0, ""warm_standbys"": 16, ""weibull_shape"": 1.0, ""working_pool_size"": 4600}"
da28d045aeb687e2f7991924bb1c67e7501cd076,2d_heatmap_sweep.py,Random+NeverRemove,DefaultHostSelection(),NeverRemove(),47,5,1916.400000000002,0.17532874139010637,1580,1144,436,1580,1243,1145,435,339,126,1115,0,0,0,8,0,0,364,139.496875,26,121.859375,320,1.46,"{""adaptive_replications"": false, ""auto_repair_fail_prob"": 0.6, ""auto_repair_time"": 120.0, ""bad_server_regen_interval"": 43200, ""bad_server_regeneration"": false, ""confidence_level"": 0.95, ""diagnosis_probability"": 1.0, ""diagnosis_uncertainty"": 0.0, ""enable_topology"": false, ""failure_distribution"": ""exponential"", ""host_selection_time"": 3.0, ""job_length"": 20160, ""job_size"": 4096, ""lognormal_sigma"": 1.0, ""manual_repair_fail_prob"": 0.2, ""manual_repair_time"": 2880.0, ""max_replications"": 1000, ""num_replications"": 30, ""preemption_wait_time"": 20.0, ""prob_auto_to_manual"": 0.8, ""rack_size"": 8, ""random_failure_rate"": 1.388888888888889e-05, ""recovery_time"": 60.0, ""relative_accuracy"": 0.05, ""seed"": 42, ""spare_pool_size"": 200, ""systematic_failure_fraction"": 0.08, ""systematic_failure_rate_multiplier"": 15.0, ""warm_standbys"": 16, ""weibull_shape"": 1.0, ""working_pool_size"": 4600}"
da28d045aeb687e2f7991924bb1c67e7501cd076,2d_heatmap_sweep.py,Random+NeverRemove,DefaultHostSelection(),NeverRemove(),48,6,1964.2499999999986,0.17105765559373826,1628,1175,453,1628,1287,1137,491,339,143,1146,0,0,0,5,0,0,365,140.29573170731706,26,121.8109756097561,328,1.4,"{""adaptive_replications"": false, ""auto_repair_fail_prob"": 0.6, ""auto_repair_time"": 120.0, ""bad_server_regen_interval"": 43200, ""bad_server_regeneration"": false, ""confidence_level"": 0.95, ""diagnosis_probability"": 1.0, ""diagnosis_uncertainty"": 0.0, ""enable_topology"": false, ""failure_distribution"": ""exponential"", ""host_selection_time"": 3.0, ""job_length"": 20160, ""job_size"": 4096, ""lognormal_sigma"": 1.0, ""manual_repair_fail_prob"": 0.2, ""manual_repair_time"": 2880.0, ""max_replications"": 1000, ""num_replications"": 30, ""preemption_wait_time"": 20.0, ""prob_auto_to_manual"": 0.8, ""rack_size"": 8, ""random_failure_rate"": 1.388888888888889e-05, ""recovery_time"": 60.0, ""relative_accuracy"": 0.05, ""seed"": 42, ""spare_pool_size"": 200, ""systematic_failure_fraction"": 0.08, ""systematic_failure_rate_multiplier"": 15.0, ""warm_standbys"": 16, ""weibull_shape"": 1.0, ""working_pool_size"": 4600}"
da28d045aeb687e2f7991924bb1c67e7501cd076,2d_heatmap_sweep.py,Random+NeverRemove,DefaultHostSelection(),NeverRemove(),49,7,1930.3000000000002,0.17406620732528605,1594,1139,455,1594,1303,1160,434,339,139,1116,0,0,0,6,0,0,369,137.9223602484472,30,120.86645962732919,322,1.38,"{""adaptive_replications"": false, ""auto_repair_fail_prob"": 0.6, ""auto_repair_time"": 120.0, ""bad_server_regen_interval"": 43200, ""bad_server_regeneration"": false, ""confidence_level"": 0.95, ""diagnosis_probability"": 1.0, ""diagnosis_uncertainty"": 0.0, ""enable_topology"": false, ""failure_distribution"": ""exponential"", ""host_selection_time"": 3.0, ""job_length"": 20160, ""job_size"": 4096, ""lognormal_sigma"": 1.0, ""manual_repair_fail_prob"": 0.2, ""manual_repair_time"": 2880.0, ""max_replications"": 1000, ""num_replications"": 30, ""preemption_wait_time"": 20.0, ""prob_auto_to_manual"": 0.8, ""rack_size"": 8, ""random_failure_rate"": 1.388888888888889e-05, ""recovery_time"": 60.0, ""relative_accuracy"": 0.05, ""seed"": 42, ""spare_pool_size"": 200, ""systematic_failure_fraction"": 0.08, ""systematic_failure_rate_multiplier"": 15.0, ""warm_standbys"": 16, ""weibull_shape"": 1.0, ""working_pool_size"": 4600}"
da28d045aeb687e2f7991924bb1c67e7501cd076,2d_heatmap_sweep.py,Random+NeverRemove,DefaultHostSelection(),NeverRemove(),50,8,1956.3500000000026,0.17174840902701402,1620,1165,455,1620,1295,1172,448,344,142,1134,0,0,0,7,0,0,369,135.93577981651376,24,116.23853211009174,327,1.37,"{""adaptive_replications"": false, ""auto_repair_fail_prob"": 0.6, ""auto_repair_time"": 120.0, ""bad_server_regen_interval"": 43200, ""bad_server_regeneration"": false, ""confidence_level"": 0.95, ""diagnosis_probability"": 1.0, ""diagnosis_uncertainty"": 0.0, ""enable_topology"": false, ""failure_distribution"": ""exponential"", ""host_selection_time"": 3.0, ""job_length"": 20160, ""job_size"": 4096, ""lognormal_sigma"": 1.0, ""manual_repair_fail_prob"": 0.2, ""manual_repair_time"": 2880.0, ""max_replications"": 1000, ""num_replications"": 30, ""preemption_wait_time"": 20.0, ""prob_auto_to_manual"": 0.8, ""rack_size"": 8, ""random_failure_rate"": 1.388888888888889e-05, ""recovery_time"": 60.0, ""relative_accuracy"": 0.05, ""seed"": 42, ""spare_pool_size"": 200, ""systematic_failure_fraction"": 0.08, ""systematic_failure_rate_multiplier"": 15.0, ""warm_standbys"": 16, ""weibull_shape"": 1.0, ""working_pool_size"": 4600}"
da28d045aeb687e2f7991924bb1c67e7501cd076,2d_heatmap_sweep.py,Random+NeverRemove,DefaultHostSelection(),NeverRemove(),51,9,1899.2999999999984,0.17690728163007421,1563,1121,442,1563,1258,1112,451,337,138,1088,0,0,0,6,0,0,367,142.47318611987382,31,120.91167192429022,317,1.36,"{""adaptive_replications"": false, ""auto_repair_fail_prob"": 0.6, ""auto_repair_time"": 120.0, ""bad_server_regen_interval"": 43200, ""bad_server_regeneration"": false, ""confidence_level"": 0.95, ""diagnosis_probability"": 1.0, ""diagnosis_uncertainty"": 0.0, ""enable_topology"": false, ""failure_distribution"": ""exponential"", ""host_selection_time"": 3.0, ""job_length"": 20160, ""job_size"": 4096, ""lognormal_sigma"": 1.0, ""manual_repair_fail_prob"": 0.2, ""manual_repair_time"": 2880.0, ""max_replications"": 1000, ""num_replications"": 30, ""preemption_wait_time"": 20.0, ""prob_auto_to_manual"": 0.8, ""rack_size"": 8, ""random_failure_rate"": 1.388888888888889e-05, ""recovery_time"": 60.0, ""relative_accuracy"": 0.05, ""seed"": 42, ""spare_pool_size"": 200, ""systematic_failure_fraction"": 0.08, ""systematic_failure_rate_multiplier"": 15.0, ""warm_standbys"": 16, ""weibull_shape"": 1.0, ""working_pool_size"": 4600}"
da28d045aeb687e2f7991924bb1c67e7501cd076,2d_heatmap_sweep.py,Random+ScoredRemoval(SC_fast),DefaultHostSelection(),"ScoredRemoval(initial_score=100.0, failure_penalty=60.0, success_increment=5.0, time_period=1440, retirement_threshold=0.0)",42,0,1906.9500000000012,0.17619759301502438,1570,1149,421,1570,1247,1122,448,328,126,1116,0,235,0,19,0,0,369,129.73584905660377,16,115.38050314465409,318,1.74,"{""adaptive_replications"": false, ""auto_repair_fail_prob"": 0.6, ""auto_repair_time"": 120.0, ""bad_server_regen_interval"": 43200, ""bad_server_regeneration"": false, ""confidence_level"": 0.95, ""diagnosis_probability"": 1.0, ""diagnosis_uncertainty"": 0.0, ""enable_topology"": false, ""failure_distribution"": ""exponential"", ""host_selection_time"": 3.0, ""job_length"": 20160, ""job_size"": 4096, ""lognormal_sigma"": 1.0, ""manual_repair_fail_prob"": 0.2, ""manual_repair_time"": 2880.0, ""max_replications"": 1000, ""num_replications"": 30, ""preemption_wait_time"": 20.0, ""prob_auto_to_manual"": 0.8, ""rack_size"": 8, ""random_failure_rate"": 1.388888888888889e-05, ""recovery_time"": 60.0, ""relative_accuracy"": 0.05, ""seed"": 42, ""spare_pool_size"": 200, ""systematic_failure_fraction"": 0.08, ""systematic_failure_rate_multiplier"": 15.0, ""warm_standbys"": 16, ""weibull_shape"": 1.0, ""working_pool_size"": 4600}"
da28d045aeb687e2f7991924bb1c67e7501cd076,2d_heatmap_sweep.py,Random+ScoredRemoval(SC_fast),DefaultHostSelection(),"ScoredRemoval(initial_score=100.0, failure_penalty=60.0, success_increment=5.0, time_period=1440, retirement_threshold=0.0)",43,1,1970.9999999999955,0.17047184170471882,1634,1212,422,1634,1299,1160,474,329,127,1178,0,269,0,20,0,0,370,136.03647416413375,17,120.36474164133739,329,2.13,"{""adaptive_replications"": false, ""auto_repair_fail_prob"": 0.6, ""auto_repair_time"": 120.0, ""bad_server_regen_interval"": 43200, ""bad_server_regeneration"": false, ""confidence_level"": 0.95, ""diagnosis_probability"": 1.0, ""diagnosis_uncertainty"": 0.0, ""enable_topology"": false, ""failure_distribution"": ""exponential"", ""host_selection_time"": 3.0, ""job_length"": 20160, ""job_size"": 4096, ""lognormal_sigma"": 1.0, ""manual_repair_fail_prob"": 0.2, ""manual_repair_time"": 2880.0, ""max_replications"": 1000, ""num_replications"": 30, ""preemption_wait_time"": 20.0, ""prob_auto_to_manual"": 0.8, ""rack_size"": 8, ""random_failure_rate"": 1.388888888888889e-05, ""recovery_time"": 60.0, ""relative_accuracy"": 0.05, ""seed"": 42, ""spare_pool_size"": 200, ""systematic_failure_fraction"": 0.08, ""systematic_failure_rate_multiplier"": 15.0, ""warm_standbys"": 16, ""weibull_shape"": 1.0, ""working_pool_size"": 4600}"
da28d045aeb687e2f7991924bb1c67e7501cd076,2d_heatmap_sweep.py,Random+ScoredRemoval(SC_fast),DefaultHostSelection(),"ScoredRemoval(initial_score=100.0, failure_penalty=60.0, success_increment=5.0, time_period=1440, retirement_threshold=0.0)",44,2,1928.9500000000012,0.17418802975712133,1592,1168,424,1592,1278,1153,439,326,124,1142,0,246,0,19,0,0,366,131.37888198757764,19,115.53726708074534,322,2.09,"{""adaptive_replications"": false, ""auto_repair_fail_prob"": 0.6, ""auto_repair_time"": 120.0, ""bad_server_regen_interval"": 43200, ""bad_server_regeneration"": false, ""confidence_level"": 0.95, ""diagnosis_probability"": 1.0, ""diagnosis_uncertainty"": 0.0, ""enable_topology"": false, ""failure_distribution"": ""exponential"", ""host_selection_time"": 3.0, ""job_length"": 20160, ""job_size"": 4096, ""lognormal_sigma"": 1.0, ""manual_repair_fail_prob"": 0.2, ""manual_repair_time"": 2880.0, ""max_replications"": 1000, ""num_replications"": 30, ""preemption_wait_time"": 20.0, ""prob_auto_to_manual"": 0.8, ""rack_size"": 8, ""random_failure_rate"": 1.388888888888889e-05, ""recovery_time"": 60.0, ""relative_accuracy"": 0.05, ""seed"": 42, ""spare_pool_size"": 200, ""systematic_failure_fraction"": 0.08, ""systematic_failure_rate_multiplier"": 15.0, ""warm_standbys"": 16, ""weibull_shape"": 1.0, ""working_pool_size"": 4600}"
da28d045aeb687e2f7991924bb1c67e7501cd076,2d_heatmap_sweep.py,Random+ScoredRemoval(SC_fast),DefaultHostSelection(),"ScoredRemoval(initial_score=100.0, failure_penalty=60.0, success_increment=5.0, time_period=1440, retirement_threshold=0.0)",45,3,1955.9999999999998,0.17177914110429454,1619,1190,429,1619,1288,1172,447,325,130,1164,0,254,0,20,0,0,365,129.44478527607362,14,116.69018404907976,326,2.12,"{""adaptive_replications"": false, ""auto_repair_fail_prob"": 0.6, ""auto_repair_time"": 120.0, ""bad_server_regen_interval"": 43200, ""bad_server_regeneration"": false, ""confidence_level"": 0.95, ""diagnosis_probability"": 1.0, ""diagnosis_uncertainty"": 0.0, ""enable_topology"": false, ""failure_distribution"": ""exponential"", ""host_selection_time"": 3.0, ""job_length"": 20160, ""job_size"": 4096, ""lognormal_sigma"": 1.0, ""manual_repair_fail_prob"": 0.2, ""manual_repair_time"": 2880.0, ""max_replications"": 1000, ""num_replications"": 30, ""preemption_wait_time"": 20.0, ""prob_auto_to_manual"": 0.8, ""rack_size"": 8, ""random_failure_rate"": 1.388888888888889e-05, ""recovery_time"": 60.0, ""relative_accuracy"": 0.05, ""seed"": 42, ""spare_pool_size"": 200, ""systematic_failure_fraction"": 0.08, ""systematic_failure_rate_multiplier"": 15.0, ""warm_standbys"": 16, ""weibull_shape"": 1.0, ""working_pool_size"": 4600}"
da28d045aeb687e2f7991924bb1c67e7501cd076,2d_heatmap_sweep.py,Random+ScoredRemoval(SC_fast),DefaultHostSelection(),"ScoredRemoval(initial_score=100.0, failure_penalty=60.0, success_increment=5.0, time_period=1440, retirement_threshold=0.0)",46,4,1906.1000000000017,0.1762761659933896,1569,1133,436,1569,1242,1115,454,327,139,1103,0,261,0,22,0,0,367,133.4496855345912,8,118.96855345911949,318,2.04,"{""adaptive_replications"": false, ""auto_repair_fail_prob"": 0.6, ""auto_repair_time"": 120.0, ""bad_server_regen_interval"": 43200, ""bad_server_regeneration"": false, ""confidence_level"": 0.95, ""diagnosis_probability"": 1.0, ""diagnosis_uncertainty"": 0.0, ""enable_topology"": false, ""failure_distribution"": ""exponential"", ""host_selection_time"": 3.0, ""job_length"": 20160, ""job_size"": 4096, ""lognormal_sigma"": 1.0, ""manual_repair_fail_prob"": 0.2, ""manual_repair_time"": 2880.0, ""max_replications"": 1000, ""num_replications"": 30, ""preemption_wait_time"": 20.0, ""prob_auto_to_manual"": 0.8, ""rack_size"": 8, ""random_failure_rate"": 1.388888888888889e-05, ""recovery_time"": 60.0, ""relative_accuracy"": 0.05, ""seed"": 42, ""spare_pool_size"": 200, ""systematic_failure_fraction"": 0.08, ""systematic_failure_rate_multiplier"": 15.0, ""warm_standbys"": 16, ""weibull_shape"": 1.0, ""working_pool_size"": 4600}"
da28d045aeb687e2f7991924bb1c67e7501cd076,2d_heatmap_sweep.py,Random+ScoredRemoval(SC_fast),DefaultHostSelection(),"ScoredRemoval(initial_score=100.0, failure_penalty=60.0, success_increment=5.0, time_period=1440, retirement_threshold=0.0)",47,5,1933.0000000000048,0.1738230729436108,1596,1156,440,1596,1289,1180,416,335,129,1132,0,265,0,20,0,0,364,126.52631578947368,7,113.75541795665634,323,2.05,"{""adaptive_replications"": false, ""auto_repair_fail_prob"": 0.6, ""auto_repair_time"": 120.0, ""bad_server_regen_interval"": 43200, ""bad_server_regeneration"": false, ""confidence_level"": 0.95, ""diagnosis_probability"": 1.0, ""diagnosis_uncertainty"": 0.0, ""enable_topology"": false, ""failure_distribution"": ""exponential"", ""host_selection_time"": 3.0, ""job_length"": 20160, ""job_size"": 4096, ""lognormal_sigma"": 1.0, ""manual_repair_fail_prob"": 0.2, ""manual_repair_time"": 2880.0, ""max_replications"": 1000, ""num_replications"": 30, ""preemption_wait_time"": 20.0, ""prob_auto_to_manual"": 0.8, ""rack_size"": 8, ""random_failure_rate"": 1.388888888888889e-05, ""recovery_time"": 60.0, ""relative_accuracy"": 0.05, ""seed"": 42, ""spare_pool_size"": 200, ""systematic_failure_fraction"": 0.08, ""systematic_failure_rate_multiplier"": 15.0, ""warm_standbys"": 16, ""weibull_shape"": 1.0, ""working_pool_size"": 4600}"
da28d045aeb687e2f7991924bb1c67e7501cd076,2d_heatmap_sweep.py,Random+ScoredRemoval(SC_fast),DefaultHostSelection(),"ScoredRemoval(initial_score=100.0, failure_penalty=60.0, success_increment=5.0, time_period=1440, retirement_threshold=0.0)",48,6,1895.9999999999984,0.17721518987341822,1559,1126,433,1559,1263,1124,435,329,129,1101,0,256,0,20,0,0,365,127.63924050632912,10,114.13607594936708,316,1.98,"{""adaptive_replications"": false, ""auto_repair_fail_prob"": 0.6, ""auto_repair_time"": 120.0, ""bad_server_regen_interval"": 43200, ""bad_server_regeneration"": false, ""confidence_level"": 0.95, ""diagnosis_probability"": 1.0, ""diagnosis_uncertainty"": 0.0, ""enable_topology"": false, ""failure_distribution"": ""exponential"", ""host_selection_time"": 3.0, ""job_length"": 20160, ""job_size"": 4096, ""lognormal_sigma"": 1.0, ""manual_repair_fail_prob"": 0.2, ""manual_repair_time"": 2880.0, ""max_replications"": 1000, ""num_replications"": 30, ""preemption_wait_time"": 20.0, ""prob_auto_to_manual"": 0.8, ""rack_size"": 8, ""random_failure_rate"": 1.388888888888889e-05, ""recovery_time"": 60.0, ""relative_accuracy"": 0.05, ""seed"": 42, ""spare_pool_size"": 200, ""systematic_failure_fraction"": 0.08, ""systematic_failure_rate_multiplier"": 15.0, ""warm_standbys"": 16, ""weibull_shape"": 1.0, ""working_pool_size"": 4600}"
da28d045aeb687e2f7991924bb1c67e7501cd076,2d_heatmap_sweep.py,Random+ScoredRemoval(SC_fast),DefaultHostSelection(),"ScoredRemoval(initial_score=100.0, failure_penalty=60.0, success_increment=5.0, time_period=1440, retirement_threshold=0.0)",49,7,1833.9999999999961,0.183206106870229,1497,1081,416,1497,1215,1091,406,339,102,1056,0,243,0,20,0,0,369,131.84967320261438,13,117.97058823529412,306,1.95,"{""adaptive_replications"": false, ""auto_repair_fail_prob"": 0.6, ""auto_repair_time"": 120.0, ""bad_server_regen_interval"": 43200, ""bad_server_regeneration"": false, ""confidence_level"": 0.95, ""diagnosis_probability"": 1.0, ""diagnosis_uncertainty"": 0.0, ""enable_topology"": false, ""failure_distribution"": ""exponential"", ""host_selection_time"": 3.0, ""job_length"": 20160, ""job_size"": 4096, ""lognormal_sigma"": 1.0, ""manual_repair_fail_prob"": 0.2, ""manual_repair_time"": 2880.0, ""max_replications"": 1000, ""num_replications"": 30, ""preemption_wait_time"": 20.0, ""prob_auto_to_manual"": 0.8, ""rack_size"": 8, ""random_failure_rate"": 1.388888888888889e-05, ""recovery_time"": 60.0, ""relative_accuracy"": 0.05, ""seed"": 42, ""spare_pool_size"": 200, ""systematic_failure_fraction"": 0.08, ""systematic_failure_rate_multiplier"": 15.0, ""warm_standbys"": 16, ""weibull_shape"": 1.0, ""working_pool_size"": 4600}"
da28d045aeb687e2f7991924bb1c67e7501cd076,2d_heatmap_sweep.py,Random+ScoredRemoval(SC_fast),DefaultHostSelection(),"ScoredRemoval(initial_score=100.0, failure_penalty=60.0, success_increment=5.0, time_period=1440, retirement_threshold=0.0)",50,8,1898.9999999999995,0.1769352290679306,1562,1145,417,1562,1273,1145,417,325,120,1117,0,241,0,20,0,0,369,130.29968454258676,14,117.61829652996846,317,2.07,"{""adaptive_replications"": false, ""auto_repair_fail_prob"": 0.6, ""auto_repair_time"": 120.0, ""bad_server_regen_interval"": 43200, ""bad_server_regeneration"": false, ""confidence_level"": 0.95, ""diagnosis_probability"": 1.0, ""diagnosis_uncertainty"": 0.0, ""enable_topology"": false, ""failure_distribution"": ""exponential"", ""host_selection_time"": 3.0, ""job_length"": 20160, ""job_size"": 4096, ""lognormal_sigma"": 1.0, ""manual_repair_fail_prob"": 0.2, ""manual_repair_time"": 2880.0, ""max_replications"": 1000, ""num_replications"": 30, ""preemption_wait_time"": 20.0, ""prob_auto_to_manual"": 0.8, ""rack_size"": 8, ""random_failure_rate"": 1.388888888888889e-05, ""recovery_time"": 60.0, ""relative_accuracy"": 0.05, ""seed"": 42, ""spare_pool_size"": 200, ""systematic_failure_fraction"": 0.08, ""systematic_failure_rate_multiplier"": 15.0, ""warm_standbys"": 16, ""weibull_shape"": 1.0, ""working_pool_size"": 4600}"
da28d045aeb687e2f7991924bb1c67e7501cd076,2d_heatmap_sweep.py,Random+ScoredRemoval(SC_fast),DefaultHostSelection(),"ScoredRemoval(initial_score=100.0, failure_penalty=60.0, success_increment=5.0, time_period=1440, retirement_threshold=0.0)",51,9,1883.0000000000007,0.1784386617100368,1546,1116,430,1546,1245,1104,442,327,137,1082,0,254,0,20,0,0,367,138.5828025477707,13,124.23566878980891,314,2.02,"{""adaptive_replications"": false, ""auto_repair_fail_prob"": 0.6, ""auto_repair_time"": 120.0, ""bad_server_regen_interval"": 43200, ""bad_server_regeneration"": false, ""confidence_level"": 0.95, ""diagnosis_probability"": 1.0, ""diagnosis_uncertainty"": 0.0, ""enable_topology"": false, ""failure_distribution"": ""exponential"", ""host_selection_time"": 3.0, ""job_length"": 20160, ""job_size"": 4096, ""lognormal_sigma"": 1.0, ""manual_repair_fail_prob"": 0.2, ""manual_repair_time"": 2880.0, ""max_replications"": 1000, ""num_replications"": 30, ""preemption_wait_time"": 20.0, ""prob_auto_to_manual"": 0.8, ""rack_size"": 8, ""random_failure_rate"": 1.388888888888889e-05, ""recovery_time"": 60.0, ""relative_accuracy"": 0.05, ""seed"": 42, ""spare_pool_size"": 200, ""systematic_failure_fraction"": 0.08, ""systematic_failure_rate_multiplier"": 15.0, ""warm_standbys"": 16, ""weibull_shape"": 1.0, ""working_pool_size"": 4600}"
da28d045aeb687e2f7991924bb1c67e7501cd076,2d_heatmap_sweep.py,FewestFailuresFirst+NeverRemove,FewestFailuresFirst(),NeverRemove(),42,0,1896.2499999999986,0.17719182597231425,1560,1144,416,1560,1233,1128,432,322,121,1117,0,0,0,5,0,0,369,153.23659305993692,45,114.37223974763407,317,1.27,"{""adaptive_replications"": false, ""auto_repair_fail_prob"": 0.6, ""auto_repair_time"": 120.0, ""bad_server_regen_interval"": 43200, ""bad_server_regeneration"": false, ""confidence_level"": 0.95, ""diagnosis_probability"": 1.0, ""diagnosis_uncertainty"": 0.0, ""enable_topology"": false, ""failure_distribution"": ""exponential"", ""host_selection_time"": 3.0, ""job_length"": 20160, ""job_size"": 4096, ""lognormal_sigma"": 1.0, ""manual_repair_fail_prob"": 0.2, ""manual_repair_time"": 2880.0, ""max_replications"": 1000, ""num_replications"": 30, ""preemption_wait_time"": 20.0, ""prob_auto_to_manual"": 0.8, ""rack_size"": 8, ""random_failure_rate"": 1.388888888888889e-05, ""recovery_time"": 60.0, ""relative_accuracy"": 0.05, ""seed"": 42, ""spare_pool_size"": 200, ""systematic_failure_fraction"": 0.08, ""systematic_failure_rate_multiplier"": 15.0, ""warm_standbys"": 16, ""weibull_shape"": 1.0, ""working_pool_size"": 4600}"
da28d045aeb687e2f7991924bb1c67e7501cd076,2d_heatmap_sweep.py,FewestFailuresFirst+NeverRemove,FewestFailuresFirst(),NeverRemove(),43,1,1864.3500000000001,0.18022367044814605,1528,1113,415,1528,1212,1096,432,316,127,1085,0,0,0,7,0,0,370,155.2733118971061,54,113.38263665594856,311,1.29,"{""adaptive_replications"": false, ""auto_repair_fail_prob"": 0.6, ""auto_repair_time"": 120.0, ""bad_server_regen_interval"": 43200, ""bad_server_regeneration"": false, ""confidence_level"": 0.95, ""diagnosis_probability"": 1.0, ""diagnosis_uncertainty"": 0.0, ""enable_topology"": false, ""failure_distribution"": ""exponential"", ""host_selection_time"": 3.0, ""job_length"": 20160, ""job_size"": 4096, ""lognormal_sigma"": 1.0, ""manual_repair_fail_prob"": 0.2, ""manual_repair_time"": 2880.0, ""max_replications"": 1000, ""num_replications"": 30, ""preemption_wait_time"": 20.0, ""prob_auto_to_manual"": 0.8, ""rack_size"": 8, ""random_failure_rate"": 1.388888888888889e-05, ""recovery_time"": 60.0, ""relative_accuracy"": 0.05, ""seed"": 42, ""spare_pool_size"": 200, ""systematic_failure_fraction"": 0.08, ""systematic_failure_rate_multiplier"": 15.0, ""warm_standbys"": 16, ""weibull_shape"": 1.0, ""working_pool_size"": 4600}"
da28d045aeb687e2f7991924bb1c67e7501cd076,2d_heatmap_sweep.py,FewestFailuresFirst+NeverRemove,FewestFailuresFirst(),NeverRemove(),44,2,1893.3000000000002,0.1774679131674855,1557,1148,409,1557,1261,1111,446,314,132,1111,0,0,0,6,0,0,366,151.62025316455697,52,111.91455696202532,316,1.26,"{""adaptive_replications"": false, ""auto_repair_fail_prob"": 0.6, ""auto_repair_time"": 120.0, ""bad_server_regen_interval"": 43200, ""bad_server_regeneration"": false, ""confidence_level"": 0.95, ""diagnosis_probability"": 1.0, ""diagnosis_uncertainty"": 0.0, ""enable_topology"": false, ""failure_distribution"": ""exponential"", ""host_selection_time"": 3.0, ""job_length"": 20160, ""job_size"": 4096, ""lognormal_sigma"": 1.0, ""manual_repair_fail_prob"": 0.2, ""manual_repair_time"": 2880.0, ""max_replications"": 1000, ""num_replications"": 30, ""preemption_wait_time"": 20.0, ""prob_auto_to_manual"": 0.8, ""rack_size"": 8, ""random_failure_rate"": 1.388888888888889e-05, ""recovery_time"": 60.0, ""relative_accuracy"": 0.05, ""seed"": 42, ""spare_pool_size"": 200, ""systematic_failure_fraction"": 0.08, ""systematic_failure_rate_multiplier"": 15.0, ""warm_standbys"": 16, ""weibull_shape"": 1.0, ""working_pool_size"": 4600}"
da28d045aeb687e2f7991924bb1c67e7501cd076,2d_heatmap_sweep.py,FewestFailuresFirst+NeverRemove,FewestFailuresFirst(),NeverRemove(),45,3,1888.3500000000013,0.17793311621256655,1552,1146,406,1552,1247,1113,439,322,119,1111,0,0,0,7,0,0,365,154.64126984126983,43,115.93650793650794,315,1.29,"{""adaptive_replications"": false, ""auto_repair_fail_prob"": 0.6, ""auto_repair_time"": 120.0, ""bad_server_regen_interval"": 43200, ""bad_server_regeneration"": false, ""confidence_level"": 0.95, ""diagnosis_probability"": 1.0, ""diagnosis_uncertainty"": 0.0, ""enable_topology"": false, ""failure_distribution"": ""exponential"", ""host_selection_time"": 3.0, ""job_length"": 20160, ""job_size"": 4096, ""lognormal_sigma"": 1.0, ""manual_repair_fail_prob"": 0.2, ""manual_repair_time"": 2880.0, ""max_replications"": 1000, ""num_replications"": 30, ""preemption_wait_time"": 20.0, ""prob_auto_to_manual"": 0.8, ""rack_size"": 8, ""random_failure_rate"": 1.388888888888889e-05, ""recovery_time"": 60.0, ""relative_accuracy"": 0.05, ""seed"": 42, ""spare_pool_size"": 200, ""systematic_failure_fraction"": 0.08, ""systematic_failure_rate_multiplier"": 15.0, ""warm_standbys"": 16, ""weibull_shape"": 1.0, ""working_pool_size"": 4600}"
da28d045aeb687e2f7991924bb1c67e7501cd076,2d_heatmap_sweep.py,FewestFailuresFirst+NeverRemove,FewestFailuresFirst(),NeverRemove(),46,4,1825.2500000000023,0.18408437200383487,1489,1094,395,1489,1199,1087,402,316,103,1070,0,0,0,5,0,0,367,150.64918032786886,50,115.75737704918033,305,1.23,"{""adaptive_replications"": false, ""auto_repair_fail_prob"": 0.6, ""auto_repair_time"": 120.0, ""bad_server_regen_interval"": 43200, ""bad_server_regeneration"": false, ""confidence_level"": 0.95, ""diagnosis_probability"": 1.0, ""diagnosis_uncertainty"": 0.0, ""enable_topology"": false, ""failure_distribution"": ""exponential"", ""host_selection_time"": 3.0, ""job_length"": 20160, ""job_size"": 4096, ""lognormal_sigma"": 1.0, ""manual_repair_fail_prob"": 0.2, ""manual_repair_time"": 2880.0, ""max_replications"": 1000, ""num_replications"": 30, ""preemption_wait_time"": 20.0, ""prob_auto_to_manual"": 0.8, ""rack_size"": 8, ""random_failure_rate"": 1.388888888888889e-05, ""recovery_time"": 60.0, ""relative_accuracy"": 0.05, ""seed"": 42, ""spare_pool_size"": 200, ""systematic_failure_fraction"": 0.08, ""systematic_failure_rate_multiplier"": 15.0, ""warm_standbys"": 16, ""weibull_shape"": 1.0, ""working_pool_size"": 4600}"
da28d045aeb687e2f7991924bb1c67e7501cd076,2d_heatmap_sweep.py,FewestFailuresFirst+NeverRemove,FewestFailuresFirst(),NeverRemove(),47,5,1899.2999999999993,0.17690728163007388,1563,1140,423,1563,1260,1114,449,318,132,1113,0,0,0,6,0,0,364,153.1577287066246,45,112.57728706624606,317,1.3,"{""adaptive_replications"": false, ""auto_repair_fail_prob"": 0.6, ""auto_repair_time"": 120.0, ""bad_server_regen_interval"": 43200, ""bad_server_regeneration"": false, ""confidence_level"": 0.95, ""diagnosis_probability"": 1.0, ""diagnosis_uncertainty"": 0.0, ""enable_topology"": false, ""failure_distribution"": ""exponential"", ""host_selection_time"": 3.0, ""job_length"": 20160, ""job_size"": 4096, ""lognormal_sigma"": 1.0, ""manual_repair_fail_prob"": 0.2, ""manual_repair_time"": 2880.0, ""max_replications"": 1000, ""num_replications"": 30, ""preemption_wait_time"": 20.0, ""prob_auto_to_manual"": 0.8, ""rack_size"": 8, ""random_failure_rate"": 1.388888888888889e-05, ""recovery_time"": 60.0, ""relative_accuracy"": 0.05, ""seed"": 42, ""spare_pool_size"": 200, ""systematic_failure_fraction"": 0.08, ""systematic_failure_rate_multiplier"": 15.0, ""warm_standbys"": 16, ""weibull_shape"": 1.0, ""working_pool_size"": 4600}"
da28d045aeb687e2f7991924bb1c67e7501cd076,2d_heatmap_sweep.py,FewestFailuresFirst+NeverRemove,FewestFailuresFirst(),NeverRemove(),48,6,1850.3499999999958,0.18158726727375887,1514,1113,401,1514,1212,1103,411,320,107,1087,0,0,0,7,0,0,365,144.4271844660194,44,104.88025889967638,309,1.24,"{""adaptive_replications"": false, ""auto_repair_fail_prob"": 0.6, ""auto_repair_time"": 120.0, ""bad_server_regen_interval"": 43200, ""bad_server_regeneration"": false, ""confidence_level"": 0.95, ""diagnosis_probability"": 1.0, ""diagnosis_uncertainty"": 0.0, ""enable_topology"": false, ""failure_distribution"": ""exponential"", ""host_selection_time"": 3.0, ""job_length"": 20160, ""job_size"": 4096, ""lognormal_sigma"": 1.0, ""manual_repair_fail_prob"": 0.2, ""manual_repair_time"": 2880.0, ""max_replications"": 1000, ""num_replications"": 30, ""preemption_wait_time"": 20.0, ""prob_auto_to_manual"": 0.8, ""rack_size"": 8, ""random_failure_rate"": 1.388888888888889e-05, ""recovery_time"": 60.0, ""relative_accuracy"": 0.05, ""seed"": 42, ""spare_pool_size"": 200, ""systematic_failure_fraction"": 0.08, ""systematic_failure_rate_multiplier"": 15.0, ""warm_standbys"": 16, ""weibull_shape"": 1.0, ""working_pool_size"": 4600}"
da28d045aeb687e2f7991924bb1c67e7501cd076,2d_heatmap_sweep.py,FewestFailuresFirst+NeverRemove,FewestFailuresFirst(),NeverRemove(),49,7,1988.2999999999968,0.16898858321178906,1652,1226,426,1652,1343,1168,484,330,119,1203,0,0,0,6,0,0,369,147.29819277108433,38,111.48493975903614,332,1.36,"{""adaptive_replications"": false, ""auto_repair_fail_prob"": 0.6, ""auto_repair_time"": 120.0, ""bad_server_regen_interval"": 43200, ""bad_server_regeneration"": false, ""confidence_level"": 0.95, ""diagnosis_probability"": 1.0, ""diagnosis_uncertainty"": 0.0, ""enable_topology"": false, ""failure_distribution"": ""exponential"", ""host_selection_time"": 3.0, ""job_length"": 20160, ""job_size"": 4096, ""lognormal_sigma"": 1.0, ""manual_repair_fail_prob"": 0.2, ""manual_repair_time"": 2880.0, ""max_replications"": 1000, ""num_replications"": 30, ""preemption_wait_time"": 20.0, ""prob_auto_to_manual"": 0.8, ""rack_size"": 8, ""random_failure_rate"": 1.388888888888889e-05, ""recovery_time"": 60.0, ""relative_accuracy"": 0.05, ""seed"": 42, ""spare_pool_size"": 200, ""systematic_failure_fraction"": 0.08, ""systematic_failure_rate_multiplier"": 15.0, ""warm_standbys"": 16, ""weibull_shape"": 1.0, ""working_pool_size"": 4600}"
da28d045aeb687e2f7991924bb1c67e7501cd076,2d_heatmap_sweep.py,FewestFailuresFirst+NeverRemove,FewestFailuresFirst(),NeverRemove(),50,8,1892.4000000000042,0.17755231452124284,1556,1140,416,1556,1250,1111,445,312,131,1113,0,0,0,8,0,0,369,156.49683544303798,56,111.61708860759494,316,1.3,"{""adaptive_replications"": false, ""auto_repair_fail_prob"": 0.6, ""auto_repair_time"": 120.0, ""bad_server_regen_interval"": 43200, ""bad_server_regeneration"": false, ""confidence_level"": 0.95, ""diagnosis_probability"": 1.0, ""diagnosis_uncertainty"": 0.0, ""enable_topology"": false, ""failure_distribution"": ""exponential"", ""host_selection_time"": 3.0, ""job_length"": 20160, ""job_size"": 4096, ""lognormal_sigma"": 1.0, ""manual_repair_fail_prob"": 0.2, ""manual_repair_time"": 2880.0, ""max_replications"": 1000, ""num_replications"": 30, ""preemption_wait_time"": 20.0, ""prob_auto_to_manual"": 0.8, ""rack_size"": 8, ""random_failure_rate"": 1.388888888888889e-05, ""recovery_time"": 60.0, ""relative_accuracy"": 0.05, ""seed"": 42, ""spare_pool_size"": 200, ""systematic_failure_fraction"": 0.08, ""systematic_failure_rate_multiplier"": 15.0, ""warm_standbys"": 16, ""weibull_shape"": 1.0, ""working_pool_size"": 4600}"
da28d045aeb687e2f7991924bb1c67e7501cd076,2d_heatmap_sweep.py,FewestFailuresFirst+NeverRemove,FewestFailuresFirst(),NeverRemove(),51,9,1882.4000000000028,0.17849553761155917,1546,1139,407,1546,1231,1123,423,308,128,1110,0,0,0,8,0,0,367,157.40127388535032,58,114.36942675159236,314,1.29,"{""adaptive_replications"": false, ""auto_repair_fail_prob"": 0.6, ""auto_repair_time"": 120.0, ""bad_server_regen_interval"": 43200, ""bad_server_regeneration"": false, ""confidence_level"": 0.95, ""diagnosis_probability"": 1.0, ""diagnosis_uncertainty"": 0.0, ""enable_topology"": false, ""failure_distribution"": ""exponential"", ""host_selection_time"": 3.0, ""job_length"": 20160, ""job_size"": 4096, ""lognormal_sigma"": 1.0, ""manual_repair_fail_prob"": 0.2, ""manual_repair_time"": 2880.0, ""max_replications"": 1000, ""num_replications"": 30, ""preemption_wait_time"": 20.0, ""prob_auto_to_manual"": 0.8, ""rack_size"": 8, ""random_failure_rate"": 1.388888888888889e-05, ""recovery_time"": 60.0, ""relative_accuracy"": 0.05, ""seed"": 42, ""spare_pool_size"": 200, ""systematic_failure_fraction"": 0.08, ""systematic_failure_rate_multiplier"": 15.0, ""warm_standbys"": 16, ""weibull_shape"": 1.0, ""working_pool_size"": 4600}"
da28d045aeb687e2f7991924bb1c67e7501cd076,2d_heatmap_sweep.py,Random+NeverRemove,DefaultHostSelection(),NeverRemove(),42,0,2108.400000000004,0.15936254980079664,1772,1226,546,1772,1402,985,787,316,268,1188,0,0,0,8,0,0,369,170.20170454545453,52,148.625,352,1.38,"{""adaptive_replications"": false, ""auto_repair_fail_prob"": 0.6, ""auto_repair_time"": 120.0, ""bad_server_regen_interval"": 43200, ""bad_server_regeneration"": false, ""confidence_level"": 0.95, ""diagnosis_probability"": 1.0, ""diagnosis_uncertainty"": 0.0, ""enable_topology"": false, ""failure_distribution"": ""exponential"", ""host_selection_time"": 3.0, ""job_length"": 20160, ""job_size"": 4096, ""lognormal_sigma"": 1.0, ""manual_repair_fail_prob"": 0.4, ""manual_repair_time"": 2880.0, ""max_replications"": 1000, ""num_replications"": 30, ""preemption_wait_time"": 20.0, ""prob_auto_to_manual"": 0.8, ""rack_size"": 8, ""random_failure_rate"": 1.388888888888889e-05, ""recovery_time"": 60.0, ""relative_accuracy"": 0.05, ""seed"": 42, ""spare_pool_size"": 200, ""systematic_failure_fraction"": 0.08, ""systematic_failure_rate_multiplier"": 15.0, ""warm_standbys"": 16, ""weibull_shape"": 1.0, ""working_pool_size"": 4600}"
da28d045aeb687e2f7991924bb1c67e7501cd076,2d_heatmap_sweep.py,Random+NeverRemove,DefaultHostSelection(),NeverRemove(),43,1,2016.2999999999997,0.16664186876952855,1680,1147,533,1680,1339,945,735,309,263,1108,0,0,0,6,0,0,370,167.8753709198813,60,139.57270029673592,337,1.39,"{""adaptive_replications"": false, ""auto_repair_fail_prob"": 0.6, ""auto_repair_time"": 120.0, ""bad_server_regen_interval"": 43200, ""bad_server_regeneration"": false, ""confidence_level"": 0.95, ""diagnosis_probability"": 1.0, ""diagnosis_uncertainty"": 0.0, ""enable_topology"": false, ""failure_distribution"": ""exponential"", ""host_selection_time"": 3.0, ""job_length"": 20160, ""job_size"": 4096, ""lognormal_sigma"": 1.0, ""manual_repair_fail_prob"": 0.4, ""manual_repair_time"": 2880.0, ""max_replications"": 1000, ""num_replications"": 30, ""preemption_wait_time"": 20.0, ""prob_auto_to_manual"": 0.8, ""rack_size"": 8, ""random_failure_rate"": 1.388888888888889e-05, ""recovery_time"": 60.0, ""relative_accuracy"": 0.05, ""seed"": 42, ""spare_pool_size"": 200, ""systematic_failure_fraction"": 0.08, ""systematic_failure_rate_multiplier"": 15.0, ""warm_standbys"": 16, ""weibull_shape"": 1.0, ""working_pool_size"": 4600}"
da28d045aeb687e2f7991924bb1c67e7501cd076,2d_heatmap_sweep.py,Random+NeverRemove,DefaultHostSelection(),NeverRemove(),44,2,2013.3500000000024,0.16688603571162497,1677,1146,531,1677,1317,945,732,327,244,1106,0,0,0,7,0,0,366,156.13690476190476,38,133.60416666666666,336,1.42,"{""adaptive_replications"": false, ""auto_repair_fail_prob"": 0.6, ""auto_repair_time"": 120.0, ""bad_server_regen_interval"": 43200, ""bad_server_regeneration"": false, ""confidence_level"": 0.95, ""diagnosis_probability"": 1.0, ""diagnosis_uncertainty"": 0.0, ""enable_topology"": false, ""failure_distribution"": ""exponential"", ""host_selection_time"": 3.0, ""job_length"": 20160, ""job_size"": 4096, ""lognormal_sigma"": 1.0, ""manual_repair_fail_prob"": 0.4, ""manual_repair_time"": 2880.0, ""max_replications"": 1000, ""num_replications"": 30, ""preemption_wait_time"": 20.0, ""prob_auto_to_manual"": 0.8, ""rack_size"": 8, ""random_failure_rate"": 1.388888888888889e-05, ""recovery_time"": 60.0, ""relative_accuracy"": 0.05, ""seed"": 42, ""spare_pool_size"": 200, ""systematic_failure_fraction"": 0.08, ""systematic_failure_rate_multiplier"": 15.0, ""warm_standbys"": 16, ""weibull_shape"": 1.0, ""working_pool_size"": 4600}"
da28d045aeb687e2f7991924bb1c67e7501cd076,2d_heatmap_sweep.py,Random+NeverRemove,DefaultHostSelection(),NeverRemove(),45,3,2046.4000000000035,0.16419077404222063,1710,1180,530,1710,1385,963,747,324,248,1138,0,0,0,8,0,0,365,159.50292397660817,39,136.2280701754386,342,1.45,"{""adaptive_replications"": false, ""auto_repair_fail_prob"": 0.6, ""auto_repair_time"": 120.0, ""bad_server_regen_interval"": 43200, ""bad_server_regeneration"": false, ""confidence_level"": 0.95, ""diagnosis_probability"": 1.0, ""diagnosis_uncertainty"": 0.0, ""enable_topology"": false, ""failure_distribution"": ""exponential"", ""host_selection_time"": 3.0, ""job_length"": 20160, ""job_size"": 4096, ""lognormal_sigma"": 1.0, ""manual_repair_fail_prob"": 0.4, ""manual_repair_time"": 2880.0, ""max_replications"": 1000, ""num_replications"": 30, ""preemption_wait_time"": 20.0, ""prob_auto_to_manual"": 0.8, ""rack_size"": 8, ""random_failure_rate"": 1.388888888888889e-05, ""recovery_time"": 60.0, ""relative_accuracy"": 0.05, ""seed"": 42, ""spare_pool_size"": 200, ""systematic_failure_fraction"": 0.08, ""systematic_failure_rate_multiplier"": 15.0, ""warm_standbys"": 16, ""weibull_shape"": 1.0, ""working_pool_size"": 4600}"
da28d045aeb687e2f7991924bb1c67e7501cd076,2d_heatmap_sweep.py,Random+NeverRemove,DefaultHostSelection(),NeverRemove(),46,4,2051.3000000000043,0.16379856676254054,1715,1163,552,1715,1378,913,802,313,269,1133,0,0,0,6,0,0,367,172.0,54,147.60233918128654,342,1.45,"{""adaptive_replications"": false, ""auto_repair_fail_prob"": 0.6, ""auto_repair_time"": 120.0, ""bad_server_regen_interval"": 43200, ""bad_server_regeneration"": false, ""confidence_level"": 0.95, ""diagnosis_probability"": 1.0, ""diagnosis_uncertainty"": 0.0, ""enable_topology"": false, ""failure_distribution"": ""exponential"", ""host_selection_time"": 3.0, ""job_length"": 20160, ""job_size"": 4096, ""lognormal_sigma"": 1.0, ""manual_repair_fail_prob"": 0.4, ""manual_repair_time"": 2880.0, ""max_replications"": 1000, ""num_replications"": 30, ""preemption_wait_time"": 20.0, ""prob_auto_to_manual"": 0.8, ""rack_size"": 8, ""random_failure_rate"": 1.388888888888889e-05, ""recovery_time"": 60.0, ""relative_accuracy"": 0.05, ""seed"": 42, ""spare_pool_size"": 200, ""systematic_failure_fraction"": 0.08, ""systematic_failure_rate_multiplier"": 15.0, ""warm_standbys"": 16, ""weibull_shape"": 1.0, ""working_pool_size"": 4600}"
da28d045aeb687e2f7991924bb1c67e7501cd076,2d_heatmap_sweep.py,Random+NeverRemove,DefaultHostSelection(),NeverRemove(),47,5,2009.3499999999992,0.16721825465946677,1673,1179,494,1673,1345,942,731,306,225,1142,0,0,0,7,0,0,364,163.044776119403,57,139.355223880597,335,1.42,"{""adaptive_replications"": false, ""auto_repair_fail_prob"": 0.6, ""auto_repair_time"": 120.0, ""bad_server_regen_interval"": 43200, ""bad_server_regeneration"": false, ""confidence_level"": 0.95, ""diagnosis_probability"": 1.0, ""diagnosis_uncertainty"": 0.0, ""enable_topology"": false, ""failure_distribution"": ""exponential"", ""host_selection_time"": 3.0, ""job_length"": 20160, ""job_size"": 4096, ""lognormal_sigma"": 1.0, ""manual_repair_fail_prob"": 0.4, ""manual_repair_time"": 2880.0, ""max_replications"": 1000, ""num_replications"": 30, ""preemption_wait_time"": 20.0, ""prob_auto_to_manual"": 0.8, ""rack_size"": 8, ""random_failure_rate"": 1.388888888888889e-05, ""recovery_time"": 60.0, ""relative_accuracy"": 0.05, ""seed"": 42, ""spare_pool_size"": 200, ""systematic_failure_fraction"": 0.08, ""systematic_failure_rate_multiplier"": 15.0, ""warm_standbys"": 16, ""weibull_shape"": 1.0, ""working_pool_size"": 4600}"
da28d045aeb687e2f7991924bb1c67e7501cd076,2d_heatmap_sweep.py,Random+NeverRemove,DefaultHostSelection(),NeverRemove(),48,6,1999.300000000002,0.1680588205872053,1663,1134,529,1663,1320,941,722,314,251,1098,0,0,0,6,0,0,365,165.58383233532933,49,140.437125748503,334,1.39,"{""adaptive_replications"": false, ""auto_repair_fail_prob"": 0.6, ""auto_repair_time"": 120.0, ""bad_server_regen_interval"": 43200, ""bad_server_regeneration"": false, ""confidence_level"": 0.95, ""diagnosis_probability"": 1.0, ""diagnosis_uncertainty"": 0.0, ""enable_topology"": false, ""failure_distribution"": ""exponential"", ""host_selection_time"": 3.0, ""job_length"": 20160, ""job_size"": 4096, ""lognormal_sigma"": 1.0, ""manual_repair_fail_prob"": 0.4, ""manual_repair_time"": 2880.0, ""max_replications"": 1000, ""num_replications"": 30, ""preemption_wait_time"": 20.0, ""prob_auto_to_manual"": 0.8, ""rack_size"": 8, ""random_failure_rate"": 1.388888888888889e-05, ""recovery_time"": 60.0, ""relative_accuracy"": 0.05, ""seed"": 42, ""spare_pool_size"": 200, ""systematic_failure_fraction"": 0.08, ""systematic_failure_rate_multiplier"": 15.0, ""warm_standbys"": 16, ""weibull_shape"": 1.0, ""working_pool_size"": 4600}"
da28d045aeb687e2f7991924bb1c67e7501cd076,2d_heatmap_sweep.py,Random+NeverRemove,DefaultHostSelection(),NeverRemove(),49,7,1964.2500000000036,0.17105765559373773,1628,1097,531,1628,1302,903,725,313,255,1060,0,0,0,5,0,0,369,171.125,55,146.3810975609756,328,1.41,"{""adaptive_replications"": false, ""auto_repair_fail_prob"": 0.6, ""auto_repair_time"": 120.0, ""bad_server_regen_interval"": 43200, ""bad_server_regeneration"": false, ""confidence_level"": 0.95, ""diagnosis_probability"": 1.0, ""diagnosis_uncertainty"": 0.0, ""enable_topology"": false, ""failure_distribution"": ""exponential"", ""host_selection_time"": 3.0, ""job_length"": 20160, ""job_size"": 4096, ""lognormal_sigma"": 1.0, ""manual_repair_fail_prob"": 0.4, ""manual_repair_time"": 2880.0, ""max_replications"": 1000, ""num_replications"": 30, ""preemption_wait_time"": 20.0, ""prob_auto_to_manual"": 0.8, ""rack_size"": 8, ""random_failure_rate"": 1.388888888888889e-05, ""recovery_time"": 60.0, ""relative_accuracy"": 0.05, ""seed"": 42, ""spare_pool_size"": 200, ""systematic_failure_fraction"": 0.08, ""systematic_failure_rate_multiplier"": 15.0, ""warm_standbys"": 16, ""weibull_shape"": 1.0, ""working_pool_size"": 4600}"
da28d045aeb687e2f7991924bb1c67e7501cd076,2d_heatmap_sweep.py,Random+NeverRemove,DefaultHostSelection(),NeverRemove(),50,8,2007.2499999999964,0.16739319965126442,1671,1122,549,1671,1320,954,717,324,257,1090,0,0,0,5,0,0,369,162.0686567164179,43,135.89850746268658,335,1.43,"{""adaptive_replications"": false, ""auto_repair_fail_prob"": 0.6, ""auto_repair_time"": 120.0, ""bad_server_regen_interval"": 43200, ""bad_server_regeneration"": false, ""confidence_level"": 0.95, ""diagnosis_probability"": 1.0, ""diagnosis_uncertainty"": 0.0, ""enable_topology"": false, ""failure_distribution"": ""exponential"", ""host_selection_time"": 3.0, ""job_length"": 20160, ""job_size"": 4096, ""lognormal_sigma"": 1.0, ""manual_repair_fail_prob"": 0.4, ""manual_repair_time"": 2880.0, ""max_replications"": 1000, ""num_replications"": 30, ""preemption_wait_time"": 20.0, ""prob_auto_to_manual"": 0.8, ""rack_size"": 8, ""random_failure_rate"": 1.388888888888889e-05, ""recovery_time"": 60.0, ""relative_accuracy"": 0.05, ""seed"": 42, ""spare_pool_size"": 200, ""systematic_failure_fraction"": 0.08, ""systematic_failure_rate_multiplier"": 15.0, ""warm_standbys"": 16, ""weibull_shape"": 1.0, ""working_pool_size"": 4600}"
da28d045aeb687e2f7991924bb1c67e7501cd076,2d_heatmap_sweep.py,Random+NeverRemove,DefaultHostSelection(),NeverRemove(),51,9,2063.35,0.16284198027479585,1727,1206,521,1727,1378,973,754,330,237,1160,0,0,0,7,0,0,367,153.1046511627907,35,132.54651162790697,344,1.47,"{""adaptive_replications"": false, ""auto_repair_fail_prob"": 0.6, ""auto_repair_time"": 120.0, ""bad_server_regen_interval"": 43200, ""bad_server_regeneration"": false, ""confidence_level"": 0.95, ""diagnosis_probability"": 1.0, ""diagnosis_uncertainty"": 0.0, ""enable_topology"": false, ""failure_distribution"": ""exponential"", ""host_selection_time"": 3.0, ""job_length"": 20160, ""job_size"": 4096, ""lognormal_sigma"": 1.0, ""manual_repair_fail_prob"": 0.4, ""manual_repair_time"": 2880.0, ""max_replications"": 1000, ""num_replications"": 30, ""preemption_wait_time"": 20.0, ""prob_auto_to_manual"": 0.8, ""rack_size"": 8, ""random_failure_rate"": 1.388888888888889e-05, ""recovery_time"": 60.0, ""relative_accuracy"": 0.05, ""seed"": 42, ""spare_pool_size"": 200, ""systematic_failure_fraction"": 0.08, ""systematic_failure_rate_multiplier"": 15.0, ""warm_standbys"": 16, ""weibull_shape"": 1.0, ""working_pool_size"": 4600}"
da28d045aeb687e2f7991924bb1c67e7501cd076,2d_heatmap_sweep.py,Random+ScoredRemoval(SC_fast),DefaultHostSelection(),"ScoredRemoval(initial_score=100.0, failure_penalty=60.0, success_increment=5.0, time_period=1440, retirement_threshold=0.0)",42,0,1972.0999999999976,0.17037675574260985,1635,1156,479,1635,1290,888,747,272,242,1121,0,313,0,22,0,0,369,146.27963525835867,20,132.27051671732522,329,1.74,"{""adaptive_replications"": false, ""auto_repair_fail_prob"": 0.6, ""auto_repair_time"": 120.0, ""bad_server_regen_interval"": 43200, ""bad_server_regeneration"": false, ""confidence_level"": 0.95, ""diagnosis_probability"": 1.0, ""diagnosis_uncertainty"": 0.0, ""enable_topology"": false, ""failure_distribution"": ""exponential"", ""host_selection_time"": 3.0, ""job_length"": 20160, ""job_size"": 4096, ""lognormal_sigma"": 1.0, ""manual_repair_fail_prob"": 0.4, ""manual_repair_time"": 2880.0, ""max_replications"": 1000, ""num_replications"": 30, ""preemption_wait_time"": 20.0, ""prob_auto_to_manual"": 0.8, ""rack_size"": 8, ""random_failure_rate"": 1.388888888888889e-05, ""recovery_time"": 60.0, ""relative_accuracy"": 0.05, ""seed"": 42, ""spare_pool_size"": 200, ""systematic_failure_fraction"": 0.08, ""systematic_failure_rate_multiplier"": 15.0, ""warm_standbys"": 16, ""weibull_shape"": 1.0, ""working_pool_size"": 4600}"
da28d045aeb687e2f7991924bb1c67e7501cd076,2d_heatmap_sweep.py,Random+ScoredRemoval(SC_fast),DefaultHostSelection(),"ScoredRemoval(initial_score=100.0, failure_penalty=60.0, success_increment=5.0, time_period=1440, retirement_threshold=0.0)",43,1,1964.049999999998,0.17107507446348102,1627,1135,492,1627,1286,907,720,293,234,1100,0,289,0,21,0,0,370,141.1890243902439,11,127.3810975609756,328,2.07,"{""adaptive_replications"": false, ""auto_repair_fail_prob"": 0.6, ""auto_repair_time"": 120.0, ""bad_server_regen_interval"": 43200, ""bad_server_regeneration"": false, ""confidence_level"": 0.95, ""diagnosis_probability"": 1.0, ""diagnosis_uncertainty"": 0.0, ""enable_topology"": false, ""failure_distribution"": ""exponential"", ""host_selection_time"": 3.0, ""job_length"": 20160, ""job_size"": 4096, ""lognormal_sigma"": 1.0, ""manual_repair_fail_prob"": 0.4, ""manual_repair_time"": 2880.0, ""max_replications"": 1000, ""num_replications"": 30, ""preemption_wait_time"": 20.0, ""prob_auto_to_manual"": 0.8, ""rack_size"": 8, ""random_failure_rate"": 1.388888888888889e-05, ""recovery_time"": 60.0, ""relative_accuracy"": 0.05, ""seed"": 42, ""spare_pool_size"": 200, ""systematic_failure_fraction"": 0.08, ""systematic_failure_rate_multiplier"": 15.0, ""warm_standbys"": 16, ""weibull_shape"": 1.0, ""working_pool_size"": 4600}"
da28d045aeb687e2f7991924bb1c67e7501cd076,2d_heatmap_sweep.py,Random+ScoredRemoval(SC_fast),DefaultHostSelection(),"ScoredRemoval(initial_score=100.0, failure_penalty=60.0, success_increment=5.0, time_period=1440, retirement_threshold=0.0)",44,2,1958.050000000002,0.1715992952171804,1621,1154,467,1621,1298,904,717,274,228,1119,0,292,0,21,0,0,366,149.55963302752295,31,133.14984709480123,327,2.03,"{""adaptive_replications"": false, ""auto_repair_fail_prob"": 0.6, ""auto_repair_time"": 120.0, ""bad_server_regen_interval"": 43200, ""bad_server_regeneration"": false, ""confidence_level"": 0.95, ""diagnosis_probability"": 1.0, ""diagnosis_uncertainty"": 0.0, ""enable_topology"": false, ""failure_distribution"": ""exponential"", ""host_selection_time"": 3.0, ""job_length"": 20160, ""job_size"": 4096, ""lognormal_sigma"": 1.0, ""manual_repair_fail_prob"": 0.4, ""manual_repair_time"": 2880.0, ""max_replications"": 1000, ""num_replications"": 30, ""preemption_wait_time"": 20.0, ""prob_auto_to_manual"": 0.8, ""rack_size"": 8, ""random_failure_rate"": 1.388888888888889e-05, ""recovery_time"": 60.0, ""relative_accuracy"": 0.05, ""seed"": 42, ""spare_pool_size"": 200, ""systematic_failure_fraction"": 0.08, ""systematic_failure_rate_multiplier"": 15.0, ""warm_standbys"": 16, ""weibull_shape"": 1.0, ""working_pool_size"": 4600}"
da28d045aeb687e2f7991924bb1c67e7501cd076,2d_heatmap_sweep.py,Random+ScoredRemoval(SC_fast),DefaultHostSelection(),"ScoredRemoval(initial_score=100.0, failure_penalty=60.0, success_increment=5.0, time_period=1440, retirement_threshold=0.0)",45,3,1928.0999999999976,0.1742648202894043,1591,1106,485,1591,1273,895,696,281,228,1082,0,296,0,22,0,0,365,150.22049689440993,18,135.2391304347826,322,2.01,"{""adaptive_replications"": false, ""auto_repair_fail_prob"": 0.6, ""auto_repair_time"": 120.0, ""bad_server_regen_interval"": 43200, ""bad_server_regeneration"": false, ""confidence_level"": 0.95, ""diagnosis_probability"": 1.0, ""diagnosis_uncertainty"": 0.0, ""enable_topology"": false, ""failure_distribution"": ""exponential"", ""host_selection_time"": 3.0, ""job_length"": 20160, ""job_size"": 4096, ""lognormal_sigma"": 1.0, ""manual_repair_fail_prob"": 0.4, ""manual_repair_time"": 2880.0, ""max_replications"": 1000, ""num_replications"": 30, ""preemption_wait_time"": 20.0, ""prob_auto_to_manual"": 0.8, ""rack_size"": 8, ""random_failure_rate"": 1.388888888888889e-05, ""recovery_time"": 60.0, ""relative_accuracy"": 0.05, ""seed"": 42, ""spare_pool_size"": 200, ""systematic_failure_fraction"": 0.08, ""systematic_failure_rate_multiplier"": 15.0, ""warm_standbys"": 16, ""weibull_shape"": 1.0, ""working_pool_size"": 4600}"
da28d045aeb687e2f7991924bb1c67e7501cd076,2d_heatmap_sweep.py,Random+ScoredRemoval(SC_fast),DefaultHostSelection(),"ScoredRemoval(initial_score=100.0, failure_penalty=60.0, success_increment=5.0, time_period=1440, retirement_threshold=0.0)",46,4,1935.1000000000017,0.1736344374967702,1598,1120,478,1598,1282,888,710,284,232,1082,0,284,0,22,0,0,367,135.3065015479876,14,120.6594427244582,323,2.08,"{""adaptive_replications"": false, ""auto_repair_fail_prob"": 0.6, ""auto_repair_time"": 120.0, ""bad_server_regen_interval"": 43200, ""bad_server_regeneration"": false, ""confidence_level"": 0.95, ""diagnosis_probability"": 1.0, ""diagnosis_uncertainty"": 0.0, ""enable_topology"": false, ""failure_distribution"": ""exponential"", ""host_selection_time"": 3.0, ""job_length"": 20160, ""job_size"": 4096, ""lognormal_sigma"": 1.0, ""manual_repair_fail_prob"": 0.4, ""manual_repair_time"": 2880.0, ""max_replications"": 1000, ""num_replications"": 30, ""preemption_wait_time"": 20.0, ""prob_auto_to_manual"": 0.8, ""rack_size"": 8, ""random_failure_rate"": 1.388888888888889e-05, ""recovery_time"": 60.0, ""relative_accuracy"": 0.05, ""seed"": 42, ""spare_pool_size"": 200, ""systematic_failure_fraction"": 0.08, ""systematic_failure_rate_multiplier"": 15.0, ""warm_standbys"": 16, ""weibull_shape"": 1.0, ""working_pool_size"": 4600}"
da28d045aeb687e2f7991924bb1c67e7501cd076,2d_heatmap_sweep.py,Random+ScoredRemoval(SC_fast),DefaultHostSelection(),"ScoredRemoval(initial_score=100.0, failure_penalty=60.0, success_increment=5.0, time_period=1440, retirement_threshold=0.0)",47,5,1936.050000000002,0.17354923684822143,1599,1131,468,1599,1293,918,681,281,216,1102,0,275,0,21,0,0,364,145.72755417956657,19,131.29721362229103,323,2.05,"{""adaptive_replications"": false, ""auto_repair_fail_prob"": 0.6, ""auto_repair_time"": 120.0, ""bad_server_regen_interval"": 43200, ""bad_server_regeneration"": false, ""confidence_level"": 0.95, ""diagnosis_probability"": 1.0, ""diagnosis_uncertainty"": 0.0, ""enable_topology"": false, ""failure_distribution"": ""exponential"", ""host_selection_time"": 3.0, ""job_length"": 20160, ""job_size"": 4096, ""lognormal_sigma"": 1.0, ""manual_repair_fail_prob"": 0.4, ""manual_repair_time"": 2880.0, ""max_replications"": 1000, ""num_replications"": 30, ""preemption_wait_time"": 20.0, ""prob_auto_to_manual"": 0.8, ""rack_size"": 8, ""random_failure_rate"": 1.388888888888889e-05, ""recovery_time"": 60.0, ""relative_accuracy"": 0.05, ""seed"": 42, ""spare_pool_size"": 200, ""systematic_failure_fraction"": 0.08, ""systematic_failure_rate_multiplier"": 15.0, ""warm_standbys"": 16, ""weibull_shape"": 1.0, ""working_pool_size"": 4600}"
da28d045aeb687e2f7991924bb1c67e7501cd076,2d_heatmap_sweep.py,Random+ScoredRemoval(SC_fast),DefaultHostSelection(),"ScoredRemoval(initial_score=100.0, failure_penalty=60.0, success_increment=5.0, time_period=1440, retirement_threshold=0.0)",48,6,1996.1999999999994,0.1683198076345057,1659,1178,481,1659,1358,931,728,274,238,1147,0,291,0,24,0,0,365,154.45045045045046,27,137.1021021021021,333,2.13,"{""adaptive_replications"": false, ""auto_repair_fail_prob"": 0.6, ""auto_repair_time"": 120.0, ""bad_server_regen_interval"": 43200, ""bad_server_regeneration"": false, ""confidence_level"": 0.95, ""diagnosis_probability"": 1.0, ""diagnosis_uncertainty"": 0.0, ""enable_topology"": false, ""failure_distribution"": ""exponential"", ""host_selection_time"": 3.0, ""job_length"": 20160, ""job_size"": 4096, ""lognormal_sigma"": 1.0, ""manual_repair_fail_prob"": 0.4, ""manual_repair_time"": 2880.0, ""max_replications"": 1000, ""num_replications"": 30, ""preemption_wait_time"": 20.0, ""prob_auto_to_manual"": 0.8, ""rack_size"": 8, ""random_failure_rate"": 1.388888888888889e-05, ""recovery_time"": 60.0, ""relative_accuracy"": 0.05, ""seed"": 42, ""spare_pool_size"": 200, ""systematic_failure_fraction"": 0.08, ""systematic_failure_rate_multiplier"": 15.0, ""warm_standbys"": 16, ""weibull_shape"": 1.0, ""working_pool_size"": 4600}"
da28d045aeb687e2f7991924bb1c67e7501cd076,2d_heatmap_sweep.py,Random+ScoredRemoval(SC_fast),DefaultHostSelection(),"ScoredRemoval(initial_score=100.0, failure_penalty=60.0, success_increment=5.0, time_period=1440, retirement_threshold=0.0)",49,7,1936.2000000000032,0.17353579175704972,1599,1118,481,1599,1275,858,741,266,247,1086,0,305,0,24,0,0,369,151.5201238390093,24,135.8111455108359,323,2.0,"{""adaptive_replications"": false, ""auto_repair_fail_prob"": 0.6, ""auto_repair_time"": 120.0, ""bad_server_regen_interval"": 43200, ""bad_server_regeneration"": false, ""confidence_level"": 0.95, ""diagnosis_probability"": 1.0, ""diagnosis_uncertainty"": 0.0, ""enable_topology"": false, ""failure_distribution"": ""exponential"", ""host_selection_time"": 3.0, ""job_length"": 20160, ""job_size"": 4096, ""lognormal_sigma"": 1.0, ""manual_repair_fail_prob"": 0.4, ""manual_repair_time"": 2880.0, ""max_replications"": 1000, ""num_replications"": 30, ""preemption_wait_time"": 20.0, ""prob_auto_to_manual"": 0.8, ""rack_size"": 8, ""random_failure_rate"": 1.388888888888889e-05, ""recovery_time"": 60.0, ""relative_accuracy"": 0.05, ""seed"": 42, ""spare_pool_size"": 200, ""systematic_failure_fraction"": 0.08, ""systematic_failure_rate_multiplier"": 15.0, ""warm_standbys"": 16, ""weibull_shape"": 1.0, ""working_pool_size"": 4600}"
da28d045aeb687e2f7991924bb1c67e7501cd076,2d_heatmap_sweep.py,Random+ScoredRemoval(SC_fast),DefaultHostSelection(),"ScoredRemoval(initial_score=100.0, failure_penalty=60.0, success_increment=5.0, time_period=1440, retirement_threshold=0.0)",50,8,1945.000000000001,0.17275064267352208,1608,1145,463,1608,1289,926,682,298,202,1108,0,265,0,20,0,0,369,136.27384615384616,16,122.52307692307693,325,1.97,"{""adaptive_replications"": false, ""auto_repair_fail_prob"": 0.6, ""auto_repair_time"": 120.0, ""bad_server_regen_interval"": 43200, ""bad_server_regeneration"": false, ""confidence_level"": 0.95, ""diagnosis_probability"": 1.0, ""diagnosis_uncertainty"": 0.0, ""enable_topology"": false, ""failure_distribution"": ""exponential"", ""host_selection_time"": 3.0, ""job_length"": 20160, ""job_size"": 4096, ""lognormal_sigma"": 1.0, ""manual_repair_fail_prob"": 0.4, ""manual_repair_time"": 2880.0, ""max_replications"": 1000, ""num_replications"": 30, ""preemption_wait_time"": 20.0, ""prob_auto_to_manual"": 0.8, ""rack_size"": 8, ""random_failure_rate"": 1.388888888888889e-05, ""recovery_time"": 60.0, ""relative_accuracy"": 0.05, ""seed"": 42, ""spare_pool_size"": 200, ""systematic_failure_fraction"": 0.08, ""systematic_failure_rate_multiplier"": 15.0, ""warm_standbys"": 16, ""weibull_shape"": 1.0, ""working_pool_size"": 4600}"
da28d045aeb687e2f7991924bb1c67e7501cd076,2d_heatmap_sweep.py,Random+ScoredRemoval(SC_fast),DefaultHostSelection(),"ScoredRemoval(initial_score=100.0, failure_penalty=60.0, success_increment=5.0, time_period=1440, retirement_threshold=0.0)",51,9,1982.1499999999976,0.1695129026562068,1645,1175,470,1645,1327,936,709,288,218,1139,0,310,0,23,0,0,367,144.25377643504532,15,129.797583081571,331,2.07,"{""adaptive_replications"": false, ""auto_repair_fail_prob"": 0.6, ""auto_repair_time"": 120.0, ""bad_server_regen_interval"": 43200, ""bad_server_regeneration"": false, ""confidence_level"": 0.95, ""diagnosis_probability"": 1.0, ""diagnosis_uncertainty"": 0.0, ""enable_topology"": false, ""failure_distribution"": ""exponential"", ""host_selection_time"": 3.0, ""job_length"": 20160, ""job_size"": 4096, ""lognormal_sigma"": 1.0, ""manual_repair_fail_prob"": 0.4, ""manual_repair_time"": 2880.0, ""max_replications"": 1000, ""num_replications"": 30, ""preemption_wait_time"": 20.0, ""prob_auto_to_manual"": 0.8, ""rack_size"": 8, ""random_failure_rate"": 1.388888888888889e-05, ""recovery_time"": 60.0, ""relative_accuracy"": 0.05, ""seed"": 42, ""spare_pool_size"": 200, ""systematic_failure_fraction"": 0.08, ""systematic_failure_rate_multiplier"": 15.0, ""warm_standbys"": 16, ""weibull_shape"": 1.0, ""working_pool_size"": 4600}"
da28d045aeb687e2f7991924bb1c67e7501cd076,2d_heatmap_sweep.py,FewestFailuresFirst+NeverRemove,FewestFailuresFirst(),NeverRemove(),42,0,1932.349999999999,0.1738815431986962,1596,1114,482,1596,1271,877,719,283,222,1091,0,0,0,7,0,0,369,181.29721362229103,84,119.96904024767802,323,1.26,"{""adaptive_replications"": false, ""auto_repair_fail_prob"": 0.6, ""auto_repair_time"": 120.0, ""bad_server_regen_interval"": 43200, ""bad_server_regeneration"": false, ""confidence_level"": 0.95, ""diagnosis_probability"": 1.0, ""diagnosis_uncertainty"": 0.0, ""enable_topology"": false, ""failure_distribution"": ""exponential"", ""host_selection_time"": 3.0, ""job_length"": 20160, ""job_size"": 4096, ""lognormal_sigma"": 1.0, ""manual_repair_fail_prob"": 0.4, ""manual_repair_time"": 2880.0, ""max_replications"": 1000, ""num_replications"": 30, ""preemption_wait_time"": 20.0, ""prob_auto_to_manual"": 0.8, ""rack_size"": 8, ""random_failure_rate"": 1.388888888888889e-05, ""recovery_time"": 60.0, ""relative_accuracy"": 0.05, ""seed"": 42, ""spare_pool_size"": 200, ""systematic_failure_fraction"": 0.08, ""systematic_failure_rate_multiplier"": 15.0, ""warm_standbys"": 16, ""weibull_shape"": 1.0, ""working_pool_size"": 4600}"
da28d045aeb687e2f7991924bb1c67e7501cd076,2d_heatmap_sweep.py,FewestFailuresFirst+NeverRemove,FewestFailuresFirst(),NeverRemove(),43,1,1853.249999999997,0.1813031161473095,1517,1098,419,1517,1189,860,657,267,193,1057,0,0,0,5,0,0,370,192.15857605177993,102,113.48543689320388,309,1.3,"{""adaptive_replications"": false, ""auto_repair_fail_prob"": 0.6, ""auto_repair_time"": 120.0, ""bad_server_regen_interval"": 43200, ""bad_server_regeneration"": false, ""confidence_level"": 0.95, ""diagnosis_probability"": 1.0, ""diagnosis_uncertainty"": 0.0, ""enable_topology"": false, ""failure_distribution"": ""exponential"", ""host_selection_time"": 3.0, ""job_length"": 20160, ""job_size"": 4096, ""lognormal_sigma"": 1.0, ""manual_repair_fail_prob"": 0.4, ""manual_repair_time"": 2880.0, ""max_replications"": 1000, ""num_replications"": 30, ""preemption_wait_time"": 20.0, ""prob_auto_to_manual"": 0.8, ""rack_size"": 8, ""random_failure_rate"": 1.388888888888889e-05, ""recovery_time"": 60.0, ""relative_accuracy"": 0.05, ""seed"": 42, ""spare_pool_size"": 200, ""systematic_failure_fraction"": 0.08, ""systematic_failure_rate_multiplier"": 15.0, ""warm_standbys"": 16, ""weibull_shape"": 1.0, ""working_pool_size"": 4600}"
da28d045aeb687e2f7991924bb1c67e7501cd076,2d_heatmap_sweep.py,FewestFailuresFirst+NeverRemove,FewestFailuresFirst(),NeverRemove(),44,2,1955.2500000000034,0.1718450326045265,1619,1147,472,1619,1319,904,715,286,233,1100,0,0,0,5,0,0,366,175.41411042944785,78,127.14723926380368,326,1.37,"{""adaptive_replications"": false, ""auto_repair_fail_prob"": 0.6, ""auto_repair_time"": 120.0, ""bad_server_regen_interval"": 43200, ""bad_server_regeneration"": false, ""confidence_level"": 0.95, ""diagnosis_probability"": 1.0, ""diagnosis_uncertainty"": 0.0, ""enable_topology"": false, ""failure_distribution"": ""exponential"", ""host_selection_time"": 3.0, ""job_length"": 20160, ""job_size"": 4096, ""lognormal_sigma"": 1.0, ""manual_repair_fail_prob"": 0.4, ""manual_repair_time"": 2880.0, ""max_replications"": 1000, ""num_replications"": 30, ""preemption_wait_time"": 20.0, ""prob_auto_to_manual"": 0.8, ""rack_size"": 8, ""random_failure_rate"": 1.388888888888889e-05, ""recovery_time"": 60.0, ""relative_accuracy"": 0.05, ""seed"": 42, ""spare_pool_size"": 200, ""systematic_failure_fraction"": 0.08, ""systematic_failure_rate_multiplier"": 15.0, ""warm_standbys"": 16, ""weibull_shape"": 1.0, ""working_pool_size"": 4600}"
da28d045aeb687e2f7991924bb1c67e7501cd076,2d_heatmap_sweep.py,FewestFailuresFirst+NeverRemove,FewestFailuresFirst(),NeverRemove(),45,3,1967.3499999999988,0.17078811599359534,1631,1176,455,1631,1306,958,673,271,220,1140,0,0,0,7,0,0,365,186.359756097561,93,121.54268292682927,328,1.37,"{""adaptive_replications"": false, ""auto_repair_fail_prob"": 0.6, ""auto_repair_time"": 120.0, ""bad_server_regen_interval"": 43200, ""bad_server_regeneration"": false, ""confidence_level"": 0.95, ""diagnosis_probability"": 1.0, ""diagnosis_uncertainty"": 0.0, ""enable_topology"": false, ""failure_distribution"": ""exponential"", ""host_selection_time"": 3.0, ""job_length"": 20160, ""job_size"": 4096, ""lognormal_sigma"": 1.0, ""manual_repair_fail_prob"": 0.4, ""manual_repair_time"": 2880.0, ""max_replications"": 1000, ""num_replications"": 30, ""preemption_wait_time"": 20.0, ""prob_auto_to_manual"": 0.8, ""rack_size"": 8, ""random_failure_rate"": 1.388888888888889e-05, ""recovery_time"": 60.0, ""relative_accuracy"": 0.05, ""seed"": 42, ""spare_pool_size"": 200, ""systematic_failure_fraction"": 0.08, ""systematic_failure_rate_multiplier"": 15.0, ""warm_standbys"": 16, ""weibull_shape"": 1.0, ""working_pool_size"": 4600}"
da28d045aeb687e2f7991924bb1c67e7501cd076,2d_heatmap_sweep.py,FewestFailuresFirst+NeverRemove,FewestFailuresFirst(),NeverRemove(),46,4,1912.249999999999,0.17570924303830604,1576,1105,471,1576,1259,876,700,266,232,1078,0,0,0,5,0,0,367,192.02507836990597,101,131.858934169279,319,1.3,"{""adaptive_replications"": false, ""auto_repair_fail_prob"": 0.6, ""auto_repair_time"": 120.0, ""bad_server_regen_interval"": 43200, ""bad_server_regeneration"": false, ""confidence_level"": 0.95, ""diagnosis_probability"": 1.0, ""diagnosis_uncertainty"": 0.0, ""enable_topology"": false, ""failure_distribution"": ""exponential"", ""host_selection_time"": 3.0, ""job_length"": 20160, ""job_size"": 4096, ""lognormal_sigma"": 1.0, ""manual_repair_fail_prob"": 0.4, ""manual_repair_time"": 2880.0, ""max_replications"": 1000, ""num_replications"": 30, ""preemption_wait_time"": 20.0, ""prob_auto_to_manual"": 0.8, ""rack_size"": 8, ""random_failure_rate"": 1.388888888888889e-05, ""recovery_time"": 60.0, ""relative_accuracy"": 0.05, ""seed"": 42, ""spare_pool_size"": 200, ""systematic_failure_fraction"": 0.08, ""systematic_failure_rate_multiplier"": 15.0, ""warm_standbys"": 16, ""weibull_shape"": 1.0, ""working_pool_size"": 4600}"
da28d045aeb687e2f7991924bb1c67e7501cd076,2d_heatmap_sweep.py,FewestFailuresFirst+NeverRemove,FewestFailuresFirst(),NeverRemove(),47,5,1980.2999999999988,0.16967126193001067,1644,1155,489,1644,1310,946,698,298,220,1126,0,0,0,6,0,0,364,169.38368580060424,63,131.797583081571,331,1.37,"{""adaptive_replications"": false, ""auto_repair_fail_prob"": 0.6, ""auto_repair_time"": 120.0, ""bad_server_regen_interval"": 43200, ""bad_server_regeneration"": false, ""confidence_level"": 0.95, ""diagnosis_probability"": 1.0, ""diagnosis_uncertainty"": 0.0, ""enable_topology"": false, ""failure_distribution"": ""exponential"", ""host_selection_time"": 3.0, ""job_length"": 20160, ""job_size"": 4096, ""lognormal_sigma"": 1.0, ""manual_repair_fail_prob"": 0.4, ""manual_repair_time"": 2880.0, ""max_replications"": 1000, ""num_replications"": 30, ""preemption_wait_time"": 20.0, ""prob_auto_to_manual"": 0.8, ""rack_size"": 8, ""random_failure_rate"": 1.388888888888889e-05, ""recovery_time"": 60.0, ""relative_accuracy"": 0.05, ""seed"": 42, ""spare_pool_size"": 200, ""systematic_failure_fraction"": 0.08, ""systematic_failure_rate_multiplier"": 15.0, ""warm_standbys"": 16, ""weibull_shape"": 1.0, ""working_pool_size"": 4600}"
da28d045aeb687e2f7991924bb1c67e7501cd076,2d_heatmap_sweep.py,FewestFailuresFirst+NeverRemove,FewestFailuresFirst(),NeverRemove(),48,6,1984.2499999999961,0.16933350132291827,1648,1155,493,1648,1314,912,736,273,240,1135,0,0,0,5,0,0,365,177.4380664652568,92,120.0,331,1.37,"{""adaptive_replications"": false, ""auto_repair_fail_prob"": 0.6, ""auto_repair_time"": 120.0, ""bad_server_regen_interval"": 43200, ""bad_server_regeneration"": false, ""confidence_level"": 0.95, ""diagnosis_probability"": 1.0, ""diagnosis_uncertainty"": 0.0, ""enable_topology"": false, ""failure_distribution"": ""exponential"", ""host_selection_time"": 3.0, ""job_length"": 20160, ""job_size"": 4096, ""lognormal_sigma"": 1.0, ""manual_repair_fail_prob"": 0.4, ""manual_repair_time"": 2880.0, ""max_replications"": 1000, ""num_replications"": 30, ""preemption_wait_time"": 20.0, ""prob_auto_to_manual"": 0.8, ""rack_size"": 8, ""random_failure_rate"": 1.388888888888889e-05, ""recovery_time"": 60.0, ""relative_accuracy"": 0.05, ""seed"": 42, ""spare_pool_size"": 200, ""systematic_failure_fraction"": 0.08, ""systematic_failure_rate_multiplier"": 15.0, ""warm_standbys"": 16, ""weibull_shape"": 1.0, ""working_pool_size"": 4600}"
da28d045aeb687e2f7991924bb1c67e7501cd076,2d_heatmap_sweep.py,FewestFailuresFirst+NeverRemove,FewestFailuresFirst(),NeverRemove(),49,7,2002.2500000000034,0.1678112123860657,1666,1179,487,1666,1334,936,730,298,226,1142,0,0,0,5,0,0,369,175.16167664670658,70,126.2005988023952,334,1.4,"{""adaptive_replications"": false, ""auto_repair_fail_prob"": 0.6, ""auto_repair_time"": 120.0, ""bad_server_regen_interval"": 43200, ""bad_server_regeneration"": false, ""confidence_level"": 0.95, ""diagnosis_probability"": 1.0, ""diagnosis_uncertainty"": 0.0, ""enable_topology"": false, ""failure_distribution"": ""exponential"", ""host_selection_time"": 3.0, ""job_length"": 20160, ""job_size"": 4096, ""lognormal_sigma"": 1.0, ""manual_repair_fail_prob"": 0.4, ""manual_repair_time"": 2880.0, ""max_replications"": 1000, ""num_replications"": 30, ""preemption_wait_time"": 20.0, ""prob_auto_to_manual"": 0.8, ""rack_size"": 8, ""random_failure_rate"": 1.388888888888889e-05, ""recovery_time"": 60.0, ""relative_accuracy"": 0.05, ""seed"": 42, ""spare_pool_size"": 200, ""systematic_failure_fraction"": 0.08, ""systematic_failure_rate_multiplier"": 15.0, ""warm_standbys"": 16, ""weibull_shape"": 1.0, ""working_pool_size"": 4600}"
da28d045aeb687e2f7991924bb1c67e7501cd076,2d_heatmap_sweep.py,FewestFailuresFirst+NeverRemove,FewestFailuresFirst(),NeverRemove(),50,8,1965.3000000000027,0.17096626469241324,1629,1165,464,1629,1310,923,706,299,204,1126,0,0,0,6,0,0,369,173.60060975609755,70,120.9969512195122,328,1.35,"{""adaptive_replications"": false, ""auto_repair_fail_prob"": 0.6, ""auto_repair_time"": 120.0, ""bad_server_regen_interval"": 43200, ""bad_server_regeneration"": false, ""confidence_level"": 0.95, ""diagnosis_probability"": 1.0, ""diagnosis_uncertainty"": 0.0, ""enable_topology"": false, ""failure_distribution"": ""exponential"", ""host_selection_time"": 3.0, ""job_length"": 20160, ""job_size"": 4096, ""lognormal_sigma"": 1.0, ""manual_repair_fail_prob"": 0.4, ""manual_repair_time"": 2880.0, ""max_replications"": 1000, ""num_replications"": 30, ""preemption_wait_time"": 20.0, ""prob_auto_to_manual"": 0.8, ""rack_size"": 8, ""random_failure_rate"": 1.388888888888889e-05, ""recovery_time"": 60.0, ""relative_accuracy"": 0.05, ""seed"": 42, ""spare_pool_size"": 200, ""systematic_failure_fraction"": 0.08, ""systematic_failure_rate_multiplier"": 15.0, ""warm_standbys"": 16, ""weibull_shape"": 1.0, ""working_pool_size"": 4600}"
da28d045aeb687e2f7991924bb1c67e7501cd076,2d_heatmap_sweep.py,FewestFailuresFirst+NeverRemove,FewestFailuresFirst(),NeverRemove(),51,9,1930.2500000000039,0.17407071622846743,1594,1115,479,1594,1273,880,714,276,235,1083,0,0,0,5,0,0,367,191.29192546583852,89,128.12422360248448,322,1.4,"{""adaptive_replications"": false, ""auto_repair_fail_prob"": 0.6, ""auto_repair_time"": 120.0, ""bad_server_regen_interval"": 43200, ""bad_server_regeneration"": false, ""confidence_level"": 0.95, ""diagnosis_probability"": 1.0, ""diagnosis_uncertainty"": 0.0, ""enable_topology"": false, ""failure_distribution"": ""exponential"", ""host_selection_time"": 3.0, ""job_length"": 20160, ""job_size"": 4096, ""lognormal_sigma"": 1.0, ""manual_repair_fail_prob"": 0.4, ""manual_repair_time"": 2880.0, ""max_replications"": 1000, ""num_replications"": 30, ""preemption_wait_time"": 20.0, ""prob_auto_to_manual"": 0.8, ""rack_size"": 8, ""random_failure_rate"": 1.388888888888889e-05, ""recovery_time"": 60.0, ""relative_accuracy"": 0.05, ""seed"": 42, ""spare_pool_size"": 200, ""systematic_failure_fraction"": 0.08, ""systematic_failure_rate_multiplier"": 15.0, ""warm_standbys"": 16, ""weibull_shape"": 1.0, ""working_pool_size"": 4600}"
da28d045aeb687e2f7991924bb1c67e7501cd076,2d_heatmap_sweep.py,Random+NeverRemove,DefaultHostSelection(),NeverRemove(),42,0,2193.299999999999,0.15319381753522138,1857,1172,685,1857,1465,724,1133,290,427,1140,0,0,0,6,0,0,369,198.29508196721312,75,172.8415300546448,366,1.49,"{""adaptive_replications"": false, ""auto_repair_fail_prob"": 0.6, ""auto_repair_time"": 120.0, ""bad_server_regen_interval"": 43200, ""bad_server_regeneration"": false, ""confidence_level"": 0.95, ""diagnosis_probability"": 1.0, ""diagnosis_uncertainty"": 0.0, ""enable_topology"": false, ""failure_distribution"": ""exponential"", ""host_selection_time"": 3.0, ""job_length"": 20160, ""job_size"": 4096, ""lognormal_sigma"": 1.0, ""manual_repair_fail_prob"": 0.6, ""manual_repair_time"": 2880.0, ""max_replications"": 1000, ""num_replications"": 30, ""preemption_wait_time"": 20.0, ""prob_auto_to_manual"": 0.8, ""rack_size"": 8, ""random_failure_rate"": 1.388888888888889e-05, ""recovery_time"": 60.0, ""relative_accuracy"": 0.05, ""seed"": 42, ""spare_pool_size"": 200, ""systematic_failure_fraction"": 0.08, ""systematic_failure_rate_multiplier"": 15.0, ""warm_standbys"": 16, ""weibull_shape"": 1.0, ""working_pool_size"": 4600}"
da28d045aeb687e2f7991924bb1c67e7501cd076,2d_heatmap_sweep.py,Random+NeverRemove,DefaultHostSelection(),NeverRemove(),43,1,2125.2000000000007,0.1581027667984191,1789,1128,661,1789,1432,683,1106,273,429,1087,0,0,0,4,0,0,370,200.45915492957747,92,167.4112676056338,355,1.48,"{""adaptive_replications"": false, ""auto_repair_fail_prob"": 0.6, ""auto_repair_time"": 120.0, ""bad_server_regen_interval"": 43200, ""bad_server_regeneration"": false, ""confidence_level"": 0.95, ""diagnosis_probability"": 1.0, ""diagnosis_uncertainty"": 0.0, ""enable_topology"": false, ""failure_distribution"": ""exponential"", ""host_selection_time"": 3.0, ""job_length"": 20160, ""job_size"": 4096, ""lognormal_sigma"": 1.0, ""manual_repair_fail_prob"": 0.6, ""manual_repair_time"": 2880.0, ""max_replications"": 1000, ""num_replications"": 30, ""preemption_wait_time"": 20.0, ""prob_auto_to_manual"": 0.8, ""rack_size"": 8, ""random_failure_rate"": 1.388888888888889e-05, ""recovery_time"": 60.0, ""relative_accuracy"": 0.05, ""seed"": 42, ""spare_pool_size"": 200, ""systematic_failure_fraction"": 0.08, ""systematic_failure_rate_multiplier"": 15.0, ""warm_standbys"": 16, ""weibull_shape"": 1.0, ""working_pool_size"": 4600}"
da28d045aeb687e2f7991924bb1c67e7501cd076,2d_heatmap_sweep.py,Random+NeverRemove,DefaultHostSelection(),NeverRemove(),44,2,2107.3499999999963,0.15944195316392637,1771,1146,625,1771,1419,742,1029,305,358,1108,0,0,0,7,0,0,366,178.39772727272728,59,153.9971590909091,352,1.52,"{""adaptive_replications"": false, ""auto_repair_fail_prob"": 0.6, ""auto_repair_time"": 120.0, ""bad_server_regen_interval"": 43200, ""bad_server_regeneration"": false, ""confidence_level"": 0.95, ""diagnosis_probability"": 1.0, ""diagnosis_uncertainty"": 0.0, ""enable_topology"": false, ""failure_distribution"": ""exponential"", ""host_selection_time"": 3.0, ""job_length"": 20160, ""job_size"": 4096, ""lognormal_sigma"": 1.0, ""manual_repair_fail_prob"": 0.6, ""manual_repair_time"": 2880.0, ""max_replications"": 1000, ""num_replications"": 30, ""preemption_wait_time"": 20.0, ""prob_auto_to_manual"": 0.8, ""rack_size"": 8, ""random_failure_rate"": 1.388888888888889e-05, ""recovery_time"": 60.0, ""relative_accuracy"": 0.05, ""seed"": 42, ""spare_pool_size"": 200, ""systematic_failure_fraction"": 0.08, ""systematic_failure_rate_multiplier"": 15.0, ""warm_standbys"": 16, ""weibull_shape"": 1.0, ""working_pool_size"": 4600}"
da28d045aeb687e2f7991924bb1c67e7501cd076,2d_heatmap_sweep.py,Random+NeverRemove,DefaultHostSelection(),NeverRemove(),45,3,2116.350000000001,0.15876390956127312,1780,1119,661,1780,1412,712,1068,281,416,1083,0,0,0,7,0,0,365,190.4872521246459,81,164.45042492917847,353,1.54,"{""adaptive_replications"": false, ""auto_repair_fail_prob"": 0.6, ""auto_repair_time"": 120.0, ""bad_server_regen_interval"": 43200, ""bad_server_regeneration"": false, ""confidence_level"": 0.95, ""diagnosis_probability"": 1.0, ""diagnosis_uncertainty"": 0.0, ""enable_topology"": false, ""failure_distribution"": ""exponential"", ""host_selection_time"": 3.0, ""job_length"": 20160, ""job_size"": 4096, ""lognormal_sigma"": 1.0, ""manual_repair_fail_prob"": 0.6, ""manual_repair_time"": 2880.0, ""max_replications"": 1000, ""num_replications"": 30, ""preemption_wait_time"": 20.0, ""prob_auto_to_manual"": 0.8, ""rack_size"": 8, ""random_failure_rate"": 1.388888888888889e-05, ""recovery_time"": 60.0, ""relative_accuracy"": 0.05, ""seed"": 42, ""spare_pool_size"": 200, ""systematic_failure_fraction"": 0.08, ""systematic_failure_rate_multiplier"": 15.0, ""warm_standbys"": 16, ""weibull_shape"": 1.0, ""working_pool_size"": 4600}"
da28d045aeb687e2f7991924bb1c67e7501cd076,2d_heatmap_sweep.py,Random+NeverRemove,DefaultHostSelection(),NeverRemove(),46,4,2114.4000000000033,0.15891032917139608,1778,1103,675,1778,1412,712,1066,287,423,1068,0,0,0,8,0,0,367,195.82436260623228,77,164.88101983002832,353,1.52,"{""adaptive_replications"": false, ""auto_repair_fail_prob"": 0.6, ""auto_repair_time"": 120.0, ""bad_server_regen_interval"": 43200, ""bad_server_regeneration"": false, ""confidence_level"": 0.95, ""diagnosis_probability"": 1.0, ""diagnosis_uncertainty"": 0.0, ""enable_topology"": false, ""failure_distribution"": ""exponential"", ""host_selection_time"": 3.0, ""job_length"": 20160, ""job_size"": 4096, ""lognormal_sigma"": 1.0, ""manual_repair_fail_prob"": 0.6, ""manual_repair_time"": 2880.0, ""max_replications"": 1000, ""num_replications"": 30, ""preemption_wait_time"": 20.0, ""prob_auto_to_manual"": 0.8, ""rack_size"": 8, ""random_failure_rate"": 1.388888888888889e-05, ""recovery_time"": 60.0, ""relative_accuracy"": 0.05, ""seed"": 42, ""spare_pool_size"": 200, ""systematic_failure_fraction"": 0.08, ""systematic_failure_rate_multiplier"": 15.0, ""warm_standbys"": 16, ""weibull_shape"": 1.0, ""working_pool_size"": 4600}"
da28d045aeb687e2f7991924bb1c67e7501cd076,2d_heatmap_sweep.py,Random+NeverRemove,DefaultHostSelection(),NeverRemove(),47,5,2125.3500000000017,0.15809160844096223,1789,1146,643,1789,1424,743,1046,281,402,1106,0,0,0,7,0,0,364,185.2225352112676,76,159.57464788732395,355,1.51,"{""adaptive_replications"": false, ""auto_repair_fail_prob"": 0.6, ""auto_repair_time"": 120.0, ""bad_server_regen_interval"": 43200, ""bad_server_regeneration"": false, ""confidence_level"": 0.95, ""diagnosis_probability"": 1.0, ""diagnosis_uncertainty"": 0.0, ""enable_topology"": false, ""failure_distribution"": ""exponential"", ""host_selection_time"": 3.0, ""job_length"": 20160, ""job_size"": 4096, ""lognormal_sigma"": 1.0, ""manual_repair_fail_prob"": 0.6, ""manual_repair_time"": 2880.0, ""max_replications"": 1000, ""num_replications"": 30, ""preemption_wait_time"": 20.0, ""prob_auto_to_manual"": 0.8, ""rack_size"": 8, ""random_failure_rate"": 1.388888888888889e-05, ""recovery_time"": 60.0, ""relative_accuracy"": 0.05, ""seed"": 42, ""spare_pool_size"": 200, ""systematic_failure_fraction"": 0.08, ""systematic_failure_rate_multiplier"": 15.0, ""warm_standbys"": 16, ""weibull_shape"": 1.0, ""working_pool_size"": 4600}"
da28d045aeb687e2f7991924bb1c67e7501cd076,2d_heatmap_sweep.py,Random+NeverRemove,DefaultHostSelection(),NeverRemove(),48,6,2164.449999999999,0.15523574118136255,1828,1114,714,1828,1497,698,1130,285,479,1064,0,0,0,9,0,0,365,192.93074792243766,73,165.3905817174515,361,1.55,"{""adaptive_replications"": false, ""auto_repair_fail_prob"": 0.6, ""auto_repair_time"": 120.0, ""bad_server_regen_interval"": 43200, ""bad_server_regeneration"": false, ""confidence_level"": 0.95, ""diagnosis_probability"": 1.0, ""diagnosis_uncertainty"": 0.0, ""enable_topology"": false, ""failure_distribution"": ""exponential"", ""host_selection_time"": 3.0, ""job_length"": 20160, ""job_size"": 4096, ""lognormal_sigma"": 1.0, ""manual_repair_fail_prob"": 0.6, ""manual_repair_time"": 2880.0, ""max_replications"": 1000, ""num_replications"": 30, ""preemption_wait_time"": 20.0, ""prob_auto_to_manual"": 0.8, ""rack_size"": 8, ""random_failure_rate"": 1.388888888888889e-05, ""recovery_time"": 60.0, ""relative_accuracy"": 0.05, ""seed"": 42, ""spare_pool_size"": 200, ""systematic_failure_fraction"": 0.08, ""systematic_failure_rate_multiplier"": 15.0, ""warm_standbys"": 16, ""weibull_shape"": 1.0, ""working_pool_size"": 4600}"
da28d045aeb687e2f7991924bb1c67e7501cd076,2d_heatmap_sweep.py,Random+NeverRemove,DefaultHostSelection(),NeverRemove(),49,7,2161.2999999999984,0.15546199046869974,1825,1141,684,1825,1460,698,1127,291,438,1096,0,0,0,6,0,0,369,193.1634349030471,76,166.85318559556788,361,1.54,"{""adaptive_replications"": false, ""auto_repair_fail_prob"": 0.6, ""auto_repair_time"": 120.0, ""bad_server_regen_interval"": 43200, ""bad_server_regeneration"": false, ""confidence_level"": 0.95, ""diagnosis_probability"": 1.0, ""diagnosis_uncertainty"": 0.0, ""enable_topology"": false, ""failure_distribution"": ""exponential"", ""host_selection_time"": 3.0, ""job_length"": 20160, ""job_size"": 4096, ""lognormal_sigma"": 1.0, ""manual_repair_fail_prob"": 0.6, ""manual_repair_time"": 2880.0, ""max_replications"": 1000, ""num_replications"": 30, ""preemption_wait_time"": 20.0, ""prob_auto_to_manual"": 0.8, ""rack_size"": 8, ""random_failure_rate"": 1.388888888888889e-05, ""recovery_time"": 60.0, ""relative_accuracy"": 0.05, ""seed"": 42, ""spare_pool_size"": 200, ""systematic_failure_fraction"": 0.08, ""systematic_failure_rate_multiplier"": 15.0, ""warm_standbys"": 16, ""weibull_shape"": 1.0, ""working_pool_size"": 4600}"
da28d045aeb687e2f7991924bb1c67e7501cd076,2d_heatmap_sweep.py,Random+NeverRemove,DefaultHostSelection(),NeverRemove(),50,8,2102.2499999999995,0.1598287549054585,1766,1135,631,1766,1405,686,1080,272,407,1087,0,0,0,5,0,0,369,202.27350427350427,92,163.62678062678063,351,1.49,"{""adaptive_replications"": false, ""auto_repair_fail_prob"": 0.6, ""auto_repair_time"": 120.0, ""bad_server_regen_interval"": 43200, ""bad_server_regeneration"": false, ""confidence_level"": 0.95, ""diagnosis_probability"": 1.0, ""diagnosis_uncertainty"": 0.0, ""enable_topology"": false, ""failure_distribution"": ""exponential"", ""host_selection_time"": 3.0, ""job_length"": 20160, ""job_size"": 4096, ""lognormal_sigma"": 1.0, ""manual_repair_fail_prob"": 0.6, ""manual_repair_time"": 2880.0, ""max_replications"": 1000, ""num_replications"": 30, ""preemption_wait_time"": 20.0, ""prob_auto_to_manual"": 0.8, ""rack_size"": 8, ""random_failure_rate"": 1.388888888888889e-05, ""recovery_time"": 60.0, ""relative_accuracy"": 0.05, ""seed"": 42, ""spare_pool_size"": 200, ""systematic_failure_fraction"": 0.08, ""systematic_failure_rate_multiplier"": 15.0, ""warm_standbys"": 16, ""weibull_shape"": 1.0, ""working_pool_size"": 4600}"
da28d045aeb687e2f7991924bb1c67e7501cd076,2d_heatmap_sweep.py,Random+NeverRemove,DefaultHostSelection(),NeverRemove(),51,9,2171.3500000000004,0.154742441338338,1835,1158,677,1835,1467,756,1079,279,437,1119,0,0,0,7,0,0,367,198.29558011049724,85,172.646408839779,362,1.55,"{""adaptive_replications"": false, ""auto_repair_fail_prob"": 0.6, ""auto_repair_time"": 120.0, ""bad_server_regen_interval"": 43200, ""bad_server_regeneration"": false, ""confidence_level"": 0.95, ""diagnosis_probability"": 1.0, ""diagnosis_uncertainty"": 0.0, ""enable_topology"": false, ""failure_distribution"": ""exponential"", ""host_selection_time"": 3.0, ""job_length"": 20160, ""job_size"": 4096, ""lognormal_sigma"": 1.0, ""manual_repair_fail_prob"": 0.6, ""manual_repair_time"": 2880.0, ""max_replications"": 1000, ""num_replications"": 30, ""preemption_wait_time"": 20.0, ""prob_auto_to_manual"": 0.8, ""rack_size"": 8, ""random_failure_rate"": 1.388888888888889e-05, ""recovery_time"": 60.0, ""relative_accuracy"": 0.05, ""seed"": 42, ""spare_pool_size"": 200, ""systematic_failure_fraction"": 0.08, ""systematic_failure_rate_multiplier"": 15.0, ""warm_standbys"": 16, ""weibull_shape"": 1.0, ""working_pool_size"": 4600}"
da28d045aeb687e2f7991924bb1c67e7501cd076,2d_heatmap_sweep.py,Random+ScoredRemoval(SC_fast),DefaultHostSelection(),"ScoredRemoval(initial_score=100.0, failure_penalty=60.0, success_increment=5.0, time_period=1440, retirement_threshold=0.0)",42,0,2043.249999999999,0.16444390064847672,1706,1174,532,1706,1332,703,1003,231,330,1145,0,351,0,25,0,0,369,163.24633431085044,21,147.57184750733137,341,1.84,"{""adaptive_replications"": false, ""auto_repair_fail_prob"": 0.6, ""auto_repair_time"": 120.0, ""bad_server_regen_interval"": 43200, ""bad_server_regeneration"": false, ""confidence_level"": 0.95, ""diagnosis_probability"": 1.0, ""diagnosis_uncertainty"": 0.0, ""enable_topology"": false, ""failure_distribution"": ""exponential"", ""host_selection_time"": 3.0, ""job_length"": 20160, ""job_size"": 4096, ""lognormal_sigma"": 1.0, ""manual_repair_fail_prob"": 0.6, ""manual_repair_time"": 2880.0, ""max_replications"": 1000, ""num_replications"": 30, ""preemption_wait_time"": 20.0, ""prob_auto_to_manual"": 0.8, ""rack_size"": 8, ""random_failure_rate"": 1.388888888888889e-05, ""recovery_time"": 60.0, ""relative_accuracy"": 0.05, ""seed"": 42, ""spare_pool_size"": 200, ""systematic_failure_fraction"": 0.08, ""systematic_failure_rate_multiplier"": 15.0, ""warm_standbys"": 16, ""weibull_shape"": 1.0, ""working_pool_size"": 4600}"
da28d045aeb687e2f7991924bb1c67e7501cd076,2d_heatmap_sweep.py,Random+ScoredRemoval(SC_fast),DefaultHostSelection(),"ScoredRemoval(initial_score=100.0, failure_penalty=60.0, success_increment=5.0, time_period=1440, retirement_threshold=0.0)",43,1,1995.1999999999975,0.16840417000801935,1658,1133,525,1658,1342,673,985,225,345,1088,0,330,0,24,0,0,370,163.93093093093094,26,147.56156156156158,333,2.09,"{""adaptive_replications"": false, ""auto_repair_fail_prob"": 0.6, ""auto_repair_time"": 120.0, ""bad_server_regen_interval"": 43200, ""bad_server_regeneration"": false, ""confidence_level"": 0.95, ""diagnosis_probability"": 1.0, ""diagnosis_uncertainty"": 0.0, ""enable_topology"": false, ""failure_distribution"": ""exponential"", ""host_selection_time"": 3.0, ""job_length"": 20160, ""job_size"": 4096, ""lognormal_sigma"": 1.0, ""manual_repair_fail_prob"": 0.6, ""manual_repair_time"": 2880.0, ""max_replications"": 1000, ""num_replications"": 30, ""preemption_wait_time"": 20.0, ""prob_auto_to_manual"": 0.8, ""rack_size"": 8, ""random_failure_rate"": 1.388888888888889e-05, ""recovery_time"": 60.0, ""relative_accuracy"": 0.05, ""seed"": 42, ""spare_pool_size"": 200, ""systematic_failure_fraction"": 0.08, ""systematic_failure_rate_multiplier"": 15.0, ""warm_standbys"": 16, ""weibull_shape"": 1.0, ""working_pool_size"": 4600}"
da28d045aeb687e2f7991924bb1c67e7501cd076,2d_heatmap_sweep.py,Random+ScoredRemoval(SC_fast),DefaultHostSelection(),"ScoredRemoval(initial_score=100.0, failure_penalty=60.0, success_increment=5.0, time_period=1440, retirement_threshold=0.0)",44,2,2004.3000000000018,0.16763957491393452,1667,1139,528,1667,1367,637,1030,219,354,1094,0,343,0,26,0,0,366,145.87462686567164,13,131.0776119402985,335,2.09,"{""adaptive_replications"": false, ""auto_repair_fail_prob"": 0.6, ""auto_repair_time"": 120.0, ""bad_server_regen_interval"": 43200, ""bad_server_regeneration"": false, ""confidence_level"": 0.95, ""diagnosis_probability"": 1.0, ""diagnosis_uncertainty"": 0.0, ""enable_topology"": false, ""failure_distribution"": ""exponential"", ""host_selection_time"": 3.0, ""job_length"": 20160, ""job_size"": 4096, ""lognormal_sigma"": 1.0, ""manual_repair_fail_prob"": 0.6, ""manual_repair_time"": 2880.0, ""max_replications"": 1000, ""num_replications"": 30, ""preemption_wait_time"": 20.0, ""prob_auto_to_manual"": 0.8, ""rack_size"": 8, ""random_failure_rate"": 1.388888888888889e-05, ""recovery_time"": 60.0, ""relative_accuracy"": 0.05, ""seed"": 42, ""spare_pool_size"": 200, ""systematic_failure_fraction"": 0.08, ""systematic_failure_rate_multiplier"": 15.0, ""warm_standbys"": 16, ""weibull_shape"": 1.0, ""working_pool_size"": 4600}"
da28d045aeb687e2f7991924bb1c67e7501cd076,2d_heatmap_sweep.py,Random+ScoredRemoval(SC_fast),DefaultHostSelection(),"ScoredRemoval(initial_score=100.0, failure_penalty=60.0, success_increment=5.0, time_period=1440, retirement_threshold=0.0)",45,3,2030.3,0.16549278431758793,1693,1171,522,1693,1369,675,1018,232,325,1136,0,335,0,26,0,0,365,153.9410029498525,27,139.36283185840708,339,2.11,"{""adaptive_replications"": false, ""auto_repair_fail_prob"": 0.6, ""auto_repair_time"": 120.0, ""bad_server_regen_interval"": 43200, ""bad_server_regeneration"": false, ""confidence_level"": 0.95, ""diagnosis_probability"": 1.0, ""diagnosis_uncertainty"": 0.0, ""enable_topology"": false, ""failure_distribution"": ""exponential"", ""host_selection_time"": 3.0, ""job_length"": 20160, ""job_size"": 4096, ""lognormal_sigma"": 1.0, ""manual_repair_fail_prob"": 0.6, ""manual_repair_time"": 2880.0, ""max_replications"": 1000, ""num_replications"": 30, ""preemption_wait_time"": 20.0, ""prob_auto_to_manual"": 0.8, ""rack_size"": 8, ""random_failure_rate"": 1.388888888888889e-05, ""recovery_time"": 60.0, ""relative_accuracy"": 0.05, ""seed"": 42, ""spare_pool_size"": 200, ""systematic_failure_fraction"": 0.08, ""systematic_failure_rate_multiplier"": 15.0, ""warm_standbys"": 16, ""weibull_shape"": 1.0, ""working_pool_size"": 4600}"
da28d045aeb687e2f7991924bb1c67e7501cd076,2d_heatmap_sweep.py,Random+ScoredRemoval(SC_fast),DefaultHostSelection(),"ScoredRemoval(initial_score=100.0, failure_penalty=60.0, success_increment=5.0, time_period=1440, retirement_threshold=0.0)",46,4,2009.2999999999993,0.16722241576668465,1672,1135,537,1672,1304,642,1030,218,357,1097,0,340,0,26,0,0,367,155.45373134328358,19,140.42985074626867,335,2.12,"{""adaptive_replications"": false, ""auto_repair_fail_prob"": 0.6, ""auto_repair_time"": 120.0, ""bad_server_regen_interval"": 43200, ""bad_server_regeneration"": false, ""confidence_level"": 0.95, ""diagnosis_probability"": 1.0, ""diagnosis_uncertainty"": 0.0, ""enable_topology"": false, ""failure_distribution"": ""exponential"", ""host_selection_time"": 3.0, ""job_length"": 20160, ""job_size"": 4096, ""lognormal_sigma"": 1.0, ""manual_repair_fail_prob"": 0.6, ""manual_repair_time"": 2880.0, ""max_replications"": 1000, ""num_replications"": 30, ""preemption_wait_time"": 20.0, ""prob_auto_to_manual"": 0.8, ""rack_size"": 8, ""random_failure_rate"": 1.388888888888889e-05, ""recovery_time"": 60.0, ""relative_accuracy"": 0.05, ""seed"": 42, ""spare_pool_size"": 200, ""systematic_failure_fraction"": 0.08, ""systematic_failure_rate_multiplier"": 15.0, ""warm_standbys"": 16, ""weibull_shape"": 1.0, ""working_pool_size"": 4600}"
da28d045aeb687e2f7991924bb1c67e7501cd076,2d_heatmap_sweep.py,Random+ScoredRemoval(SC_fast),DefaultHostSelection(),"ScoredRemoval(initial_score=100.0, failure_penalty=60.0, success_increment=5.0, time_period=1440, retirement_threshold=0.0)",47,5,2017.2499999999986,0.16656339075474014,1680,1160,520,1680,1350,680,1000,227,324,1129,0,323,0,25,0,0,364,152.9525222551929,21,138.37982195845697,337,2.11,"{""adaptive_replications"": false, ""auto_repair_fail_prob"": 0.6, ""auto_repair_time"": 120.0, ""bad_server_regen_interval"": 43200, ""bad_server_regeneration"": false, ""confidence_level"": 0.95, ""diagnosis_probability"": 1.0, ""diagnosis_uncertainty"": 0.0, ""enable_topology"": false, ""failure_distribution"": ""exponential"", ""host_selection_time"": 3.0, ""job_length"": 20160, ""job_size"": 4096, ""lognormal_sigma"": 1.0, ""manual_repair_fail_prob"": 0.6, ""manual_repair_time"": 2880.0, ""max_replications"": 1000, ""num_replications"": 30, ""preemption_wait_time"": 20.0, ""prob_auto_to_manual"": 0.8, ""rack_size"": 8, ""random_failure_rate"": 1.388888888888889e-05, ""recovery_time"": 60.0, ""relative_accuracy"": 0.05, ""seed"": 42, ""spare_pool_size"": 200, ""systematic_failure_fraction"": 0.08, ""systematic_failure_rate_multiplier"": 15.0, ""warm_standbys"": 16, ""weibull_shape"": 1.0, ""working_pool_size"": 4600}"
da28d045aeb687e2f7991924bb1c67e7501cd076,2d_heatmap_sweep.py,Random+ScoredRemoval(SC_fast),DefaultHostSelection(),"ScoredRemoval(initial_score=100.0, failure_penalty=60.0, success_increment=5.0, time_period=1440, retirement_threshold=0.0)",48,6,2034.2500000000011,0.16517143910532145,1697,1165,532,1697,1364,659,1038,217,346,1134,0,347,0,25,0,0,365,156.78235294117647,22,141.61176470588236,340,2.15,"{""adaptive_replications"": false, ""auto_repair_fail_prob"": 0.6, ""auto_repair_time"": 120.0, ""bad_server_regen_interval"": 43200, ""bad_server_regeneration"": false, ""confidence_level"": 0.95, ""diagnosis_probability"": 1.0, ""diagnosis_uncertainty"": 0.0, ""enable_topology"": false, ""failure_distribution"": ""exponential"", ""host_selection_time"": 3.0, ""job_length"": 20160, ""job_size"": 4096, ""lognormal_sigma"": 1.0, ""manual_repair_fail_prob"": 0.6, ""manual_repair_time"": 2880.0, ""max_replications"": 1000, ""num_replications"": 30, ""preemption_wait_time"": 20.0, ""prob_auto_to_manual"": 0.8, ""rack_size"": 8, ""random_failure_rate"": 1.388888888888889e-05, ""recovery_time"": 60.0, ""relative_accuracy"": 0.05, ""seed"": 42, ""spare_pool_size"": 200, ""systematic_failure_fraction"": 0.08, ""systematic_failure_rate_multiplier"": 15.0, ""warm_standbys"": 16, ""weibull_shape"": 1.0, ""working_pool_size"": 4600}"
da28d045aeb687e2f7991924bb1c67e7501cd076,2d_heatmap_sweep.py,Random+ScoredRemoval(SC_fast),DefaultHostSelection(),"ScoredRemoval(initial_score=100.0, failure_penalty=60.0, success_increment=5.0, time_period=1440, retirement_threshold=0.0)",49,7,2097.2499999999977,0.1602097985457144,1760,1232,528,1760,1396,685,1075,222,334,1204,0,358,0,25,0,0,369,161.24,28,145.90857142857143,350,2.2,"{""adaptive_replications"": false, ""auto_repair_fail_prob"": 0.6, ""auto_repair_time"": 120.0, ""bad_server_regen_interval"": 43200, ""bad_server_regeneration"": false, ""confidence_level"": 0.95, ""diagnosis_probability"": 1.0, ""diagnosis_uncertainty"": 0.0, ""enable_topology"": false, ""failure_distribution"": ""exponential"", ""host_selection_time"": 3.0, ""job_length"": 20160, ""job_size"": 4096, ""lognormal_sigma"": 1.0, ""manual_repair_fail_prob"": 0.6, ""manual_repair_time"": 2880.0, ""max_replications"": 1000, ""num_replications"": 30, ""preemption_wait_time"": 20.0, ""prob_auto_to_manual"": 0.8, ""rack_size"": 8, ""random_failure_rate"": 1.388888888888889e-05, ""recovery_time"": 60.0, ""relative_accuracy"": 0.05, ""seed"": 42, ""spare_pool_size"": 200, ""systematic_failure_fraction"": 0.08, ""systematic_failure_rate_multiplier"": 15.0, ""warm_standbys"": 16, ""weibull_shape"": 1.0, ""working_pool_size"": 4600}"
da28d045aeb687e2f7991924bb1c67e7501cd076,2d_heatmap_sweep.py,Random+ScoredRemoval(SC_fast),DefaultHostSelection(),"ScoredRemoval(initial_score=100.0, failure_penalty=60.0, success_increment=5.0, time_period=1440, retirement_threshold=0.0)",50,8,1960.1499999999987,0.17141545289901267,1623,1088,535,1623,1321,637,986,219,339,1065,0,314,0,23,0,0,369,156.52599388379204,25,140.0611620795107,327,2.09,"{""adaptive_replications"": false, ""auto_repair_fail_prob"": 0.6, ""auto_repair_time"": 120.0, ""bad_server_regen_interval"": 43200, ""bad_server_regeneration"": false, ""confidence_level"": 0.95, ""diagnosis_probability"": 1.0, ""diagnosis_uncertainty"": 0.0, ""enable_topology"": false, ""failure_distribution"": ""exponential"", ""host_selection_time"": 3.0, ""job_length"": 20160, ""job_size"": 4096, ""lognormal_sigma"": 1.0, ""manual_repair_fail_prob"": 0.6, ""manual_repair_time"": 2880.0, ""max_replications"": 1000, ""num_replications"": 30, ""preemption_wait_time"": 20.0, ""prob_auto_to_manual"": 0.8, ""rack_size"": 8, ""random_failure_rate"": 1.388888888888889e-05, ""recovery_time"": 60.0, ""relative_accuracy"": 0.05, ""seed"": 42, ""spare_pool_size"": 200, ""systematic_failure_fraction"": 0.08, ""systematic_failure_rate_multiplier"": 15.0, ""warm_standbys"": 16, ""weibull_shape"": 1.0, ""working_pool_size"": 4600}"
da28d045aeb687e2f7991924bb1c67e7501cd076,2d_heatmap_sweep.py,Random+ScoredRemoval(SC_fast),DefaultHostSelection(),"ScoredRemoval(initial_score=100.0, failure_penalty=60.0, success_increment=5.0, time_period=1440, retirement_threshold=0.0)",51,9,2021.3000000000025,0.16622965418295116,1684,1156,528,1684,1352,652,1032,220,350,1114,0,351,0,26,0,0,367,159.47181008902078,18,142.21364985163206,337,2.12,"{""adaptive_replications"": false, ""auto_repair_fail_prob"": 0.6, ""auto_repair_time"": 120.0, ""bad_server_regen_interval"": 43200, ""bad_server_regeneration"": false, ""confidence_level"": 0.95, ""diagnosis_probability"": 1.0, ""diagnosis_uncertainty"": 0.0, ""enable_topology"": false, ""failure_distribution"": ""exponential"", ""host_selection_time"": 3.0, ""job_length"": 20160, ""job_size"": 4096, ""lognormal_sigma"": 1.0, ""manual_repair_fail_prob"": 0.6, ""manual_repair_time"": 2880.0, ""max_replications"": 1000, ""num_replications"": 30, ""preemption_wait_time"": 20.0, ""prob_auto_to_manual"": 0.8, ""rack_size"": 8, ""random_failure_rate"": 1.388888888888889e-05, ""recovery_time"": 60.0, ""relative_accuracy"": 0.05, ""seed"": 42, ""spare_pool_size"": 200, ""systematic_failure_fraction"": 0.08, ""systematic_failure_rate_multiplier"": 15.0, ""warm_standbys"": 16, ""weibull_shape"": 1.0, ""working_pool_size"": 4600}"
da28d045aeb687e2f7991924bb1c67e7501cd076,2d_heatmap_sweep.py,FewestFailuresFirst+NeverRemove,FewestFailuresFirst(),NeverRemove(),42,0,2060.3500000000013,0.1630790885043803,1724,1209,515,1724,1394,717,1007,249,304,1171,0,0,0,7,0,0,369,210.11627906976744,119,133.6627906976744,344,1.35,"{""adaptive_replications"": false, ""auto_repair_fail_prob"": 0.6, ""auto_repair_time"": 120.0, ""bad_server_regen_interval"": 43200, ""bad_server_regeneration"": false, ""confidence_level"": 0.95, ""diagnosis_probability"": 1.0, ""diagnosis_uncertainty"": 0.0, ""enable_topology"": false, ""failure_distribution"": ""exponential"", ""host_selection_time"": 3.0, ""job_length"": 20160, ""job_size"": 4096, ""lognormal_sigma"": 1.0, ""manual_repair_fail_prob"": 0.6, ""manual_repair_time"": 2880.0, ""max_replications"": 1000, ""num_replications"": 30, ""preemption_wait_time"": 20.0, ""prob_auto_to_manual"": 0.8, ""rack_size"": 8, ""random_failure_rate"": 1.388888888888889e-05, ""recovery_time"": 60.0, ""relative_accuracy"": 0.05, ""seed"": 42, ""spare_pool_size"": 200, ""systematic_failure_fraction"": 0.08, ""systematic_failure_rate_multiplier"": 15.0, ""warm_standbys"": 16, ""weibull_shape"": 1.0, ""working_pool_size"": 4600}"
da28d045aeb687e2f7991924bb1c67e7501cd076,2d_heatmap_sweep.py,FewestFailuresFirst+NeverRemove,FewestFailuresFirst(),NeverRemove(),43,1,1977.2500000000014,0.1699329877354912,1641,1127,514,1641,1320,677,964,239,315,1087,0,0,0,5,0,0,370,212.1848484848485,130,143.29393939393938,330,1.38,"{""adaptive_replications"": false, ""auto_repair_fail_prob"": 0.6, ""auto_repair_time"": 120.0, ""bad_server_regen_interval"": 43200, ""bad_server_regeneration"": false, ""confidence_level"": 0.95, ""diagnosis_probability"": 1.0, ""diagnosis_uncertainty"": 0.0, ""enable_topology"": false, ""failure_distribution"": ""exponential"", ""host_selection_time"": 3.0, ""job_length"": 20160, ""job_size"": 4096, ""lognormal_sigma"": 1.0, ""manual_repair_fail_prob"": 0.6, ""manual_repair_time"": 2880.0, ""max_replications"": 1000, ""num_replications"": 30, ""preemption_wait_time"": 20.0, ""prob_auto_to_manual"": 0.8, ""rack_size"": 8, ""random_failure_rate"": 1.388888888888889e-05, ""recovery_time"": 60.0, ""relative_accuracy"": 0.05, ""seed"": 42, ""spare_pool_size"": 200, ""systematic_failure_fraction"": 0.08, ""systematic_failure_rate_multiplier"": 15.0, ""warm_standbys"": 16, ""weibull_shape"": 1.0, ""working_pool_size"": 4600}"
da28d045aeb687e2f7991924bb1c67e7501cd076,2d_heatmap_sweep.py,FewestFailuresFirst+NeverRemove,FewestFailuresFirst(),NeverRemove(),44,2,1968.2000000000023,0.17071435829692083,1632,1129,503,1632,1290,653,979,214,330,1088,0,0,0,4,0,0,366,226.67173252279636,150,132.35562310030394,329,1.37,"{""adaptive_replications"": false, ""auto_repair_fail_prob"": 0.6, ""auto_repair_time"": 120.0, ""bad_server_regen_interval"": 43200, ""bad_server_regeneration"": false, ""confidence_level"": 0.95, ""diagnosis_probability"": 1.0, ""diagnosis_uncertainty"": 0.0, ""enable_topology"": false, ""failure_distribution"": ""exponential"", ""host_selection_time"": 3.0, ""job_length"": 20160, ""job_size"": 4096, ""lognormal_sigma"": 1.0, ""manual_repair_fail_prob"": 0.6, ""manual_repair_time"": 2880.0, ""max_replications"": 1000, ""num_replications"": 30, ""preemption_wait_time"": 20.0, ""prob_auto_to_manual"": 0.8, ""rack_size"": 8, ""random_failure_rate"": 1.388888888888889e-05, ""recovery_time"": 60.0, ""relative_accuracy"": 0.05, ""seed"": 42, ""spare_pool_size"": 200, ""systematic_failure_fraction"": 0.08, ""systematic_failure_rate_multiplier"": 15.0, ""warm_standbys"": 16, ""weibull_shape"": 1.0, ""working_pool_size"": 4600}"
da28d045aeb687e2f7991924bb1c67e7501cd076,2d_heatmap_sweep.py,FewestFailuresFirst+NeverRemove,FewestFailuresFirst(),NeverRemove(),45,3,1960.2999999999977,0.17140233637708538,1624,1087,537,1624,1319,644,980,241,314,1069,0,0,0,6,0,0,365,210.6085626911315,121,144.30886850152905,327,1.37,"{""adaptive_replications"": false, ""auto_repair_fail_prob"": 0.6, ""auto_repair_time"": 120.0, ""bad_server_regen_interval"": 43200, ""bad_server_regeneration"": false, ""confidence_level"": 0.95, ""diagnosis_probability"": 1.0, ""diagnosis_uncertainty"": 0.0, ""enable_topology"": false, ""failure_distribution"": ""exponential"", ""host_selection_time"": 3.0, ""job_length"": 20160, ""job_size"": 4096, ""lognormal_sigma"": 1.0, ""manual_repair_fail_prob"": 0.6, ""manual_repair_time"": 2880.0, ""max_replications"": 1000, ""num_replications"": 30, ""preemption_wait_time"": 20.0, ""prob_auto_to_manual"": 0.8, ""rack_size"": 8, ""random_failure_rate"": 1.388888888888889e-05, ""recovery_time"": 60.0, ""relative_accuracy"": 0.05, ""seed"": 42, ""spare_pool_size"": 200, ""systematic_failure_fraction"": 0.08, ""systematic_failure_rate_multiplier"": 15.0, ""warm_standbys"": 16, ""weibull_shape"": 1.0, ""working_pool_size"": 4600}"
da28d045aeb687e2f7991924bb1c67e7501cd076,2d_heatmap_sweep.py,FewestFailuresFirst+NeverRemove,FewestFailuresFirst(),NeverRemove(),46,4,1980.4499999999973,0.16965841096720477,1644,1112,532,1644,1341,653,991,212,353,1079,0,0,0,9,0,0,367,231.01510574018127,150,138.02719033232628,331,1.39,"{""adaptive_replications"": false, ""auto_repair_fail_prob"": 0.6, ""auto_repair_time"": 120.0, ""bad_server_regen_interval"": 43200, ""bad_server_regeneration"": false, ""confidence_level"": 0.95, ""diagnosis_probability"": 1.0, ""diagnosis_uncertainty"": 0.0, ""enable_topology"": false, ""failure_distribution"": ""exponential"", ""host_selection_time"": 3.0, ""job_length"": 20160, ""job_size"": 4096, ""lognormal_sigma"": 1.0, ""manual_repair_fail_prob"": 0.6, ""manual_repair_time"": 2880.0, ""max_replications"": 1000, ""num_replications"": 30, ""preemption_wait_time"": 20.0, ""prob_auto_to_manual"": 0.8, ""rack_size"": 8, ""random_failure_rate"": 1.388888888888889e-05, ""recovery_time"": 60.0, ""relative_accuracy"": 0.05, ""seed"": 42, ""spare_pool_size"": 200, ""systematic_failure_fraction"": 0.08, ""systematic_failure_rate_multiplier"": 15.0, ""warm_standbys"": 16, ""weibull_shape"": 1.0, ""working_pool_size"": 4600}"
da28d045aeb687e2f7991924bb1c67e7501cd076,2d_heatmap_sweep.py,FewestFailuresFirst+NeverRemove,FewestFailuresFirst(),NeverRemove(),47,5,2085.4000000000005,0.16112016879255767,1749,1201,548,1749,1411,662,1087,218,362,1169,0,0,0,8,0,0,364,230.3448275862069,141,138.14655172413794,348,1.5,"{""adaptive_replications"": false, ""auto_repair_fail_prob"": 0.6, ""auto_repair_time"": 120.0, ""bad_server_regen_interval"": 43200, ""bad_server_regeneration"": false, ""confidence_level"": 0.95, ""diagnosis_probability"": 1.0, ""diagnosis_uncertainty"": 0.0, ""enable_topology"": false, ""failure_distribution"": ""exponential"", ""host_selection_time"": 3.0, ""job_length"": 20160, ""job_size"": 4096, ""lognormal_sigma"": 1.0, ""manual_repair_fail_prob"": 0.6, ""manual_repair_time"": 2880.0, ""max_replications"": 1000, ""num_replications"": 30, ""preemption_wait_time"": 20.0, ""prob_auto_to_manual"": 0.8, ""rack_size"": 8, ""random_failure_rate"": 1.388888888888889e-05, ""recovery_time"": 60.0, ""relative_accuracy"": 0.05, ""seed"": 42, ""spare_pool_size"": 200, ""systematic_failure_fraction"": 0.08, ""systematic_failure_rate_multiplier"": 15.0, ""warm_standbys"": 16, ""weibull_shape"": 1.0, ""working_pool_size"": 4600}"
da28d045aeb687e2f7991924bb1c67e7501cd076,2d_heatmap_sweep.py,FewestFailuresFirst+NeverRemove,FewestFailuresFirst(),NeverRemove(),48,6,2017.350000000001,0.16655513421072232,1681,1130,551,1681,1378,647,1034,222,350,1109,0,0,0,7,0,0,365,227.9020771513353,141,134.56973293768547,337,1.43,"{""adaptive_replications"": false, ""auto_repair_fail_prob"": 0.6, ""auto_repair_time"": 120.0, ""bad_server_regen_interval"": 43200, ""bad_server_regeneration"": false, ""confidence_level"": 0.95, ""diagnosis_probability"": 1.0, ""diagnosis_uncertainty"": 0.0, ""enable_topology"": false, ""failure_distribution"": ""exponential"", ""host_selection_time"": 3.0, ""job_length"": 20160, ""job_size"": 4096, ""lognormal_sigma"": 1.0, ""manual_repair_fail_prob"": 0.6, ""manual_repair_time"": 2880.0, ""max_replications"": 1000, ""num_replications"": 30, ""preemption_wait_time"": 20.0, ""prob_auto_to_manual"": 0.8, ""rack_size"": 8, ""random_failure_rate"": 1.388888888888889e-05, ""recovery_time"": 60.0, ""relative_accuracy"": 0.05, ""seed"": 42, ""spare_pool_size"": 200, ""systematic_failure_fraction"": 0.08, ""systematic_failure_rate_multiplier"": 15.0, ""warm_standbys"": 16, ""weibull_shape"": 1.0, ""working_pool_size"": 4600}"
da28d045aeb687e2f7991924bb1c67e7501cd076,2d_heatmap_sweep.py,FewestFailuresFirst+NeverRemove,FewestFailuresFirst(),NeverRemove(),49,7,2018.2499999999984,0.16648086213303614,1682,1150,532,1682,1339,634,1048,230,341,1111,0,0,0,5,0,0,369,224.16913946587536,138,136.92581602373886,337,1.43,"{""adaptive_replications"": false, ""auto_repair_fail_prob"": 0.6, ""auto_repair_time"": 120.0, ""bad_server_regen_interval"": 43200, ""bad_server_regeneration"": false, ""confidence_level"": 0.95, ""diagnosis_probability"": 1.0, ""diagnosis_uncertainty"": 0.0, ""enable_topology"": false, ""failure_distribution"": ""exponential"", ""host_selection_time"": 3.0, ""job_length"": 20160, ""job_size"": 4096, ""lognormal_sigma"": 1.0, ""manual_repair_fail_prob"": 0.6, ""manual_repair_time"": 2880.0, ""max_replications"": 1000, ""num_replications"": 30, ""preemption_wait_time"": 20.0, ""prob_auto_to_manual"": 0.8, ""rack_size"": 8, ""random_failure_rate"": 1.388888888888889e-05, ""recovery_time"": 60.0, ""relative_accuracy"": 0.05, ""seed"": 42, ""spare_pool_size"": 200, ""systematic_failure_fraction"": 0.08, ""systematic_failure_rate_multiplier"": 15.0, ""warm_standbys"": 16, ""weibull_shape"": 1.0, ""working_pool_size"": 4600}"
da28d045aeb687e2f7991924bb1c67e7501cd076,2d_heatmap_sweep.py,FewestFailuresFirst+NeverRemove,FewestFailuresFirst(),NeverRemove(),50,8,2087.400000000003,0.16096579476861153,1751,1215,536,1751,1412,713,1038,226,350,1175,0,0,0,8,0,0,369,217.52586206896552,142,142.66379310344828,348,1.55,"{""adaptive_replications"": false, ""auto_repair_fail_prob"": 0.6, ""auto_repair_time"": 120.0, ""bad_server_regen_interval"": 43200, ""bad_server_regeneration"": false, ""confidence_level"": 0.95, ""diagnosis_probability"": 1.0, ""diagnosis_uncertainty"": 0.0, ""enable_topology"": false, ""failure_distribution"": ""exponential"", ""host_selection_time"": 3.0, ""job_length"": 20160, ""job_size"": 4096, ""lognormal_sigma"": 1.0, ""manual_repair_fail_prob"": 0.6, ""manual_repair_time"": 2880.0, ""max_replications"": 1000, ""num_replications"": 30, ""preemption_wait_time"": 20.0, ""prob_auto_to_manual"": 0.8, ""rack_size"": 8, ""random_failure_rate"": 1.388888888888889e-05, ""recovery_time"": 60.0, ""relative_accuracy"": 0.05, ""seed"": 42, ""spare_pool_size"": 200, ""systematic_failure_fraction"": 0.08, ""systematic_failure_rate_multiplier"": 15.0, ""warm_standbys"": 16, ""weibull_shape"": 1.0, ""working_pool_size"": 4600}"
da28d045aeb687e2f7991924bb1c67e7501cd076,2d_heatmap_sweep.py,FewestFailuresFirst+NeverRemove,FewestFailuresFirst(),NeverRemove(),51,9,2024.249999999997,0.1659874027417564,1688,1135,553,1688,1342,700,988,240,355,1093,0,0,0,5,0,0,367,215.15680473372782,124,151.00887573964496,338,1.48,"{""adaptive_replications"": false, ""auto_repair_fail_prob"": 0.6, ""auto_repair_time"": 120.0, ""bad_server_regen_interval"": 43200, ""bad_server_regeneration"": false, ""confidence_level"": 0.95, ""diagnosis_probability"": 1.0, ""diagnosis_uncertainty"": 0.0, ""enable_topology"": false, ""failure_distribution"": ""exponential"", ""host_selection_time"": 3.0, ""job_length"": 20160, ""job_size"": 4096, ""lognormal_sigma"": 1.0, ""manual_repair_fail_prob"": 0.6, ""manual_repair_time"": 2880.0, ""max_replications"": 1000, ""num_replications"": 30, ""preemption_wait_time"": 20.0, ""prob_auto_to_manual"": 0.8, ""rack_size"": 8, ""random_failure_rate"": 1.388888888888889e-05, ""recovery_time"": 60.0, ""relative_accuracy"": 0.05, ""seed"": 42, ""spare_pool_size"": 200, ""systematic_failure_fraction"": 0.08, ""systematic_failure_rate_multiplier"": 15.0, ""warm_standbys"": 16, ""weibull_shape"": 1.0, ""working_pool_size"": 4600}"
da28d045aeb687e2f7991924bb1c67e7501cd076,2d_heatmap_sweep.py,Random+NeverRemove,DefaultHostSelection(),NeverRemove(),42,0,2334.4000000000005,0.14393420150788266,1998,1182,816,1998,1594,559,1439,246,616,1136,0,0,0,8,0,0,369,219.78205128205127,118,191.57179487179488,390,1.6,"{""adaptive_replications"": false, ""auto_repair_fail_prob"": 0.6, ""auto_repair_time"": 120.0, ""bad_server_regen_interval"": 43200, ""bad_server_regeneration"": false, ""confidence_level"": 0.95, ""diagnosis_probability"": 1.0, ""diagnosis_uncertainty"": 0.0, ""enable_topology"": false, ""failure_distribution"": ""exponential"", ""host_selection_time"": 3.0, ""job_length"": 20160, ""job_size"": 4096, ""lognormal_sigma"": 1.0, ""manual_repair_fail_prob"": 0.75, ""manual_repair_time"": 2880.0, ""max_replications"": 1000, ""num_replications"": 30, ""preemption_wait_time"": 20.0, ""prob_auto_to_manual"": 0.8, ""rack_size"": 8, ""random_failure_rate"": 1.388888888888889e-05, ""recovery_time"": 60.0, ""relative_accuracy"": 0.05, ""seed"": 42, ""spare_pool_size"": 200, ""systematic_failure_fraction"": 0.08, ""systematic_failure_rate_multiplier"": 15.0, ""warm_standbys"": 16, ""weibull_shape"": 1.0, ""working_pool_size"": 4600}"
da28d045aeb687e2f7991924bb1c67e7501cd076,2d_heatmap_sweep.py,Random+NeverRemove,DefaultHostSelection(),NeverRemove(),43,1,2268.199999999998,0.14813508508949808,1932,1166,766,1932,1542,556,1376,212,601,1119,0,0,0,4,0,0,370,233.4617414248021,152,192.6306068601583,379,1.63,"{""adaptive_replications"": false, ""auto_repair_fail_prob"": 0.6, ""auto_repair_time"": 120.0, ""bad_server_regen_interval"": 43200, ""bad_server_regeneration"": false, ""confidence_level"": 0.95, ""diagnosis_probability"": 1.0, ""diagnosis_uncertainty"": 0.0, ""enable_topology"": false, ""failure_distribution"": ""exponential"", ""host_selection_time"": 3.0, ""job_length"": 20160, ""job_size"": 4096, ""lognormal_sigma"": 1.0, ""manual_repair_fail_prob"": 0.75, ""manual_repair_time"": 2880.0, ""max_replications"": 1000, ""num_replications"": 30, ""preemption_wait_time"": 20.0, ""prob_auto_to_manual"": 0.8, ""rack_size"": 8, ""random_failure_rate"": 1.388888888888889e-05, ""recovery_time"": 60.0, ""relative_accuracy"": 0.05, ""seed"": 42, ""spare_pool_size"": 200, ""systematic_failure_fraction"": 0.08, ""systematic_failure_rate_multiplier"": 15.0, ""warm_standbys"": 16, ""weibull_shape"": 1.0, ""working_pool_size"": 4600}"
da28d045aeb687e2f7991924bb1c67e7501cd076,2d_heatmap_sweep.py,Random+NeverRemove,DefaultHostSelection(),NeverRemove(),44,2,2244.450000000005,0.14970259974603964,1908,1117,791,1908,1520,543,1365,222,625,1061,0,0,0,9,0,0,366,233.62666666666667,134,204.072,375,1.6,"{""adaptive_replications"": false, ""auto_repair_fail_prob"": 0.6, ""auto_repair_time"": 120.0, ""bad_server_regen_interval"": 43200, ""bad_server_regeneration"": false, ""confidence_level"": 0.95, ""diagnosis_probability"": 1.0, ""diagnosis_uncertainty"": 0.0, ""enable_topology"": false, ""failure_distribution"": ""exponential"", ""host_selection_time"": 3.0, ""job_length"": 20160, ""job_size"": 4096, ""lognormal_sigma"": 1.0, ""manual_repair_fail_prob"": 0.75, ""manual_repair_time"": 2880.0, ""max_replications"": 1000, ""num_replications"": 30, ""preemption_wait_time"": 20.0, ""prob_auto_to_manual"": 0.8, ""rack_size"": 8, ""random_failure_rate"": 1.388888888888889e-05, ""recovery_time"": 60.0, ""relative_accuracy"": 0.05, ""seed"": 42, ""spare_pool_size"": 200, ""systematic_failure_fraction"": 0.08, ""systematic_failure_rate_multiplier"": 15.0, ""warm_standbys"": 16, ""weibull_shape"": 1.0, ""working_pool_size"": 4600}"
da28d045aeb687e2f7991924bb1c67e7501cd076,2d_heatmap_sweep.py,Random+NeverRemove,DefaultHostSelection(),NeverRemove(),45,3,2214.2499999999986,0.1517443829739195,1878,1104,774,1878,1528,544,1334,243,581,1054,0,0,0,5,0,0,365,220.53513513513514,118,192.55675675675676,370,1.58,"{""adaptive_replications"": false, ""auto_repair_fail_prob"": 0.6, ""auto_repair_time"": 120.0, ""bad_server_regen_interval"": 43200, ""bad_server_regeneration"": false, ""confidence_level"": 0.95, ""diagnosis_probability"": 1.0, ""diagnosis_uncertainty"": 0.0, ""enable_topology"": false, ""failure_distribution"": ""exponential"", ""host_selection_time"": 3.0, ""job_length"": 20160, ""job_size"": 4096, ""lognormal_sigma"": 1.0, ""manual_repair_fail_prob"": 0.75, ""manual_repair_time"": 2880.0, ""max_replications"": 1000, ""num_replications"": 30, ""preemption_wait_time"": 20.0, ""prob_auto_to_manual"": 0.8, ""rack_size"": 8, ""random_failure_rate"": 1.388888888888889e-05, ""recovery_time"": 60.0, ""relative_accuracy"": 0.05, ""seed"": 42, ""spare_pool_size"": 200, ""systematic_failure_fraction"": 0.08, ""systematic_failure_rate_multiplier"": 15.0, ""warm_standbys"": 16, ""weibull_shape"": 1.0, ""working_pool_size"": 4600}"
da28d045aeb687e2f7991924bb1c67e7501cd076,2d_heatmap_sweep.py,Random+NeverRemove,DefaultHostSelection(),NeverRemove(),46,4,2338.300000000004,0.1436941367660262,2002,1175,827,2002,1604,542,1460,233,663,1106,0,0,0,6,0,0,367,229.95128205128205,124,197.95897435897436,390,1.73,"{""adaptive_replications"": false, ""auto_repair_fail_prob"": 0.6, ""auto_repair_time"": 120.0, ""bad_server_regen_interval"": 43200, ""bad_server_regeneration"": false, ""confidence_level"": 0.95, ""diagnosis_probability"": 1.0, ""diagnosis_uncertainty"": 0.0, ""enable_topology"": false, ""failure_distribution"": ""exponential"", ""host_selection_time"": 3.0, ""job_length"": 20160, ""job_size"": 4096, ""lognormal_sigma"": 1.0, ""manual_repair_fail_prob"": 0.75, ""manual_repair_time"": 2880.0, ""max_replications"": 1000, ""num_replications"": 30, ""preemption_wait_time"": 20.0, ""prob_auto_to_manual"": 0.8, ""rack_size"": 8, ""random_failure_rate"": 1.388888888888889e-05, ""recovery_time"": 60.0, ""relative_accuracy"": 0.05, ""seed"": 42, ""spare_pool_size"": 200, ""systematic_failure_fraction"": 0.08, ""systematic_failure_rate_multiplier"": 15.0, ""warm_standbys"": 16, ""weibull_shape"": 1.0, ""working_pool_size"": 4600}"
da28d045aeb687e2f7991924bb1c67e7501cd076,2d_heatmap_sweep.py,Random+NeverRemove,DefaultHostSelection(),NeverRemove(),47,5,2233.349999999997,0.15044663845792222,1897,1143,754,1897,1499,562,1335,246,559,1092,0,0,0,7,0,0,364,216.9490616621984,114,185.1608579088472,373,1.6,"{""adaptive_replications"": false, ""auto_repair_fail_prob"": 0.6, ""auto_repair_time"": 120.0, ""bad_server_regen_interval"": 43200, ""bad_server_regeneration"": false, ""confidence_level"": 0.95, ""diagnosis_probability"": 1.0, ""diagnosis_uncertainty"": 0.0, ""enable_topology"": false, ""failure_distribution"": ""exponential"", ""host_selection_time"": 3.0, ""job_length"": 20160, ""job_size"": 4096, ""lognormal_sigma"": 1.0, ""manual_repair_fail_prob"": 0.75, ""manual_repair_time"": 2880.0, ""max_replications"": 1000, ""num_replications"": 30, ""preemption_wait_time"": 20.0, ""prob_auto_to_manual"": 0.8, ""rack_size"": 8, ""random_failure_rate"": 1.388888888888889e-05, ""recovery_time"": 60.0, ""relative_accuracy"": 0.05, ""seed"": 42, ""spare_pool_size"": 200, ""systematic_failure_fraction"": 0.08, ""systematic_failure_rate_multiplier"": 15.0, ""warm_standbys"": 16, ""weibull_shape"": 1.0, ""working_pool_size"": 4600}"
da28d045aeb687e2f7991924bb1c67e7501cd076,2d_heatmap_sweep.py,Random+NeverRemove,DefaultHostSelection(),NeverRemove(),48,6,2164.2500000000027,0.1552500866350929,1828,1063,765,1828,1451,502,1326,228,594,1006,0,0,0,5,0,0,365,231.1994459833795,132,196.601108033241,361,1.56,"{""adaptive_replications"": false, ""auto_repair_fail_prob"": 0.6, ""auto_repair_time"": 120.0, ""bad_server_regen_interval"": 43200, ""bad_server_regeneration"": false, ""confidence_level"": 0.95, ""diagnosis_probability"": 1.0, ""diagnosis_uncertainty"": 0.0, ""enable_topology"": false, ""failure_distribution"": ""exponential"", ""host_selection_time"": 3.0, ""job_length"": 20160, ""job_size"": 4096, ""lognormal_sigma"": 1.0, ""manual_repair_fail_prob"": 0.75, ""manual_repair_time"": 2880.0, ""max_replications"": 1000, ""num_replications"": 30, ""preemption_wait_time"": 20.0, ""prob_auto_to_manual"": 0.8, ""rack_size"": 8, ""random_failure_rate"": 1.388888888888889e-05, ""recovery_time"": 60.0, ""relative_accuracy"": 0.05, ""seed"": 42, ""spare_pool_size"": 200, ""systematic_failure_fraction"": 0.08, ""systematic_failure_rate_multiplier"": 15.0, ""warm_standbys"": 16, ""weibull_shape"": 1.0, ""working_pool_size"": 4600}"
da28d045aeb687e2f7991924bb1c67e7501cd076,2d_heatmap_sweep.py,Random+NeverRemove,DefaultHostSelection(),NeverRemove(),49,7,2343.3000000000015,0.14338753040583796,2007,1190,817,2007,1622,549,1458,233,623,1151,0,0,0,6,0,0,369,227.69565217391303,132,196.02557544757033,391,1.67,"{""adaptive_replications"": false, ""auto_repair_fail_prob"": 0.6, ""auto_repair_time"": 120.0, ""bad_server_regen_interval"": 43200, ""bad_server_regeneration"": false, ""confidence_level"": 0.95, ""diagnosis_probability"": 1.0, ""diagnosis_uncertainty"": 0.0, ""enable_topology"": false, ""failure_distribution"": ""exponential"", ""host_selection_time"": 3.0, ""job_length"": 20160, ""job_size"": 4096, ""lognormal_sigma"": 1.0, ""manual_repair_fail_prob"": 0.75, ""manual_repair_time"": 2880.0, ""max_replications"": 1000, ""num_replications"": 30, ""preemption_wait_time"": 20.0, ""prob_auto_to_manual"": 0.8, ""rack_size"": 8, ""random_failure_rate"": 1.388888888888889e-05, ""recovery_time"": 60.0, ""relative_accuracy"": 0.05, ""seed"": 42, ""spare_pool_size"": 200, ""systematic_failure_fraction"": 0.08, ""systematic_failure_rate_multiplier"": 15.0, ""warm_standbys"": 16, ""weibull_shape"": 1.0, ""working_pool_size"": 4600}"
da28d045aeb687e2f7991924bb1c67e7501cd076,2d_heatmap_sweep.py,Random+NeverRemove,DefaultHostSelection(),NeverRemove(),50,8,2285.349999999996,0.14702343185945274,1949,1130,819,1949,1563,525,1424,220,646,1083,0,0,0,7,0,0,369,233.66666666666666,145,198.85301837270342,381,1.64,"{""adaptive_replications"": false, ""auto_repair_fail_prob"": 0.6, ""auto_repair_time"": 120.0, ""bad_server_regen_interval"": 43200, ""bad_server_regeneration"": false, ""confidence_level"": 0.95, ""diagnosis_probability"": 1.0, ""diagnosis_uncertainty"": 0.0, ""enable_topology"": false, ""failure_distribution"": ""exponential"", ""host_selection_time"": 3.0, ""job_length"": 20160, ""job_size"": 4096, ""lognormal_sigma"": 1.0, ""manual_repair_fail_prob"": 0.75, ""manual_repair_time"": 2880.0, ""max_replications"": 1000, ""num_replications"": 30, ""preemption_wait_time"": 20.0, ""prob_auto_to_manual"": 0.8, ""rack_size"": 8, ""random_failure_rate"": 1.388888888888889e-05, ""recovery_time"": 60.0, ""relative_accuracy"": 0.05, ""seed"": 42, ""spare_pool_size"": 200, ""systematic_failure_fraction"": 0.08, ""systematic_failure_rate_multiplier"": 15.0, ""warm_standbys"": 16, ""weibull_shape"": 1.0, ""working_pool_size"": 4600}"
da28d045aeb687e2f7991924bb1c67e7501cd076,2d_heatmap_sweep.py,Random+NeverRemove,DefaultHostSelection(),NeverRemove(),51,9,2331.3499999999995,0.1441225041285094,1995,1195,800,1995,1589,559,1436,238,629,1128,0,0,0,7,0,0,367,225.719794344473,121,192.68380462724934,389,1.69,"{""adaptive_replications"": false, ""auto_repair_fail_prob"": 0.6, ""auto_repair_time"": 120.0, ""bad_server_regen_interval"": 43200, ""bad_server_regeneration"": false, ""confidence_level"": 0.95, ""diagnosis_probability"": 1.0, ""diagnosis_uncertainty"": 0.0, ""enable_topology"": false, ""failure_distribution"": ""exponential"", ""host_selection_time"": 3.0, ""job_length"": 20160, ""job_size"": 4096, ""lognormal_sigma"": 1.0, ""manual_repair_fail_prob"": 0.75, ""manual_repair_time"": 2880.0, ""max_replications"": 1000, ""num_replications"": 30, ""preemption_wait_time"": 20.0, ""prob_auto_to_manual"": 0.8, ""rack_size"": 8, ""random_failure_rate"": 1.388888888888889e-05, ""recovery_time"": 60.0, ""relative_accuracy"": 0.05, ""seed"": 42, ""spare_pool_size"": 200, ""systematic_failure_fraction"": 0.08, ""systematic_failure_rate_multiplier"": 15.0, ""warm_standbys"": 16, ""weibull_shape"": 1.0, ""working_pool_size"": 4600}"
da28d045aeb687e2f7991924bb1c67e7501cd076,2d_heatmap_sweep.py,Random+ScoredRemoval(SC_fast),DefaultHostSelection(),"ScoredRemoval(initial_score=100.0, failure_penalty=60.0, success_increment=5.0, time_period=1440, retirement_threshold=0.0)",42,0,2003.25,0.16772744290527894,1666,1124,542,1666,1347,465,1201,179,413,1074,0,355,0,25,0,0,369,160.32035928143713,24,145.07185628742516,334,1.77,"{""adaptive_replications"": false, ""auto_repair_fail_prob"": 0.6, ""auto_repair_time"": 120.0, ""bad_server_regen_interval"": 43200, ""bad_server_regeneration"": false, ""confidence_level"": 0.95, ""diagnosis_probability"": 1.0, ""diagnosis_uncertainty"": 0.0, ""enable_topology"": false, ""failure_distribution"": ""exponential"", ""host_selection_time"": 3.0, ""job_length"": 20160, ""job_size"": 4096, ""lognormal_sigma"": 1.0, ""manual_repair_fail_prob"": 0.75, ""manual_repair_time"": 2880.0, ""max_replications"": 1000, ""num_replications"": 30, ""preemption_wait_time"": 20.0, ""prob_auto_to_manual"": 0.8, ""rack_size"": 8, ""random_failure_rate"": 1.388888888888889e-05, ""recovery_time"": 60.0, ""relative_accuracy"": 0.05, ""seed"": 42, ""spare_pool_size"": 200, ""systematic_failure_fraction"": 0.08, ""systematic_failure_rate_multiplier"": 15.0, ""warm_standbys"": 16, ""weibull_shape"": 1.0, ""working_pool_size"": 4600}"
da28d045aeb687e2f7991924bb1c67e7501cd076,2d_heatmap_sweep.py,Random+ScoredRemoval(SC_fast),DefaultHostSelection(),"ScoredRemoval(initial_score=100.0, failure_penalty=60.0, success_increment=5.0, time_period=1440, retirement_threshold=0.0)",43,1,2024.299999999998,0.1659833028701283,1687,1130,557,1687,1351,505,1182,186,409,1092,0,361,0,26,0,0,370,168.14792899408283,24,150.89940828402368,338,2.14,"{""adaptive_replications"": false, ""auto_repair_fail_prob"": 0.6, ""auto_repair_time"": 120.0, ""bad_server_regen_interval"": 43200, ""bad_server_regeneration"": false, ""confidence_level"": 0.95, ""diagnosis_probability"": 1.0, ""diagnosis_uncertainty"": 0.0, ""enable_topology"": false, ""failure_distribution"": ""exponential"", ""host_selection_time"": 3.0, ""job_length"": 20160, ""job_size"": 4096, ""lognormal_sigma"": 1.0, ""manual_repair_fail_prob"": 0.75, ""manual_repair_time"": 2880.0, ""max_replications"": 1000, ""num_replications"": 30, ""preemption_wait_time"": 20.0, ""prob_auto_to_manual"": 0.8, ""rack_size"": 8, ""random_failure_rate"": 1.388888888888889e-05, ""recovery_time"": 60.0, ""relative_accuracy"": 0.05, ""seed"": 42, ""spare_pool_size"": 200, ""systematic_failure_fraction"": 0.08, ""systematic_failure_rate_multiplier"": 15.0, ""warm_standbys"": 16, ""weibull_shape"": 1.0, ""working_pool_size"": 4600}"
da28d045aeb687e2f7991924bb1c67e7501cd076,2d_heatmap_sweep.py,Random+ScoredRemoval(SC_fast),DefaultHostSelection(),"ScoredRemoval(initial_score=100.0, failure_penalty=60.0, success_increment=5.0, time_period=1440, retirement_threshold=0.0)",44,2,2049.3,0.16395842482799042,1712,1158,554,1712,1358,521,1191,187,406,1119,0,365,0,26,0,0,366,156.87134502923976,16,142.6140350877193,342,2.19,"{""adaptive_replications"": false, ""auto_repair_fail_prob"": 0.6, ""auto_repair_time"": 120.0, ""bad_server_regen_interval"": 43200, ""bad_server_regeneration"": false, ""confidence_level"": 0.95, ""diagnosis_probability"": 1.0, ""diagnosis_uncertainty"": 0.0, ""enable_topology"": false, ""failure_distribution"": ""exponential"", ""host_selection_time"": 3.0, ""job_length"": 20160, ""job_size"": 4096, ""lognormal_sigma"": 1.0, ""manual_repair_fail_prob"": 0.75, ""manual_repair_time"": 2880.0, ""max_replications"": 1000, ""num_replications"": 30, ""preemption_wait_time"": 20.0, ""prob_auto_to_manual"": 0.8, ""rack_size"": 8, ""random_failure_rate"": 1.388888888888889e-05, ""recovery_time"": 60.0, ""relative_accuracy"": 0.05, ""seed"": 42, ""spare_pool_size"": 200, ""systematic_failure_fraction"": 0.08, ""systematic_failure_rate_multiplier"": 15.0, ""warm_standbys"": 16, ""weibull_shape"": 1.0, ""working_pool_size"": 4600}"
da28d045aeb687e2f7991924bb1c67e7501cd076,2d_heatmap_sweep.py,Random+ScoredRemoval(SC_fast),DefaultHostSelection(),"ScoredRemoval(initial_score=100.0, failure_penalty=60.0, success_increment=5.0, time_period=1440, retirement_threshold=0.0)",45,3,2060.3499999999954,0.16307908850438077,1723,1153,570,1723,1375,467,1256,166,456,1101,0,389,0,27,0,0,365,164.95348837209303,8,148.875,344,2.2,"{""adaptive_replications"": false, ""auto_repair_fail_prob"": 0.6, ""auto_repair_time"": 120.0, ""bad_server_regen_interval"": 43200, ""bad_server_regeneration"": false, ""confidence_level"": 0.95, ""diagnosis_probability"": 1.0, ""diagnosis_uncertainty"": 0.0, ""enable_topology"": false, ""failure_distribution"": ""exponential"", ""host_selection_time"": 3.0, ""job_length"": 20160, ""job_size"": 4096, ""lognormal_sigma"": 1.0, ""manual_repair_fail_prob"": 0.75, ""manual_repair_time"": 2880.0, ""max_replications"": 1000, ""num_replications"": 30, ""preemption_wait_time"": 20.0, ""prob_auto_to_manual"": 0.8, ""rack_size"": 8, ""random_failure_rate"": 1.388888888888889e-05, ""recovery_time"": 60.0, ""relative_accuracy"": 0.05, ""seed"": 42, ""spare_pool_size"": 200, ""systematic_failure_fraction"": 0.08, ""systematic_failure_rate_multiplier"": 15.0, ""warm_standbys"": 16, ""weibull_shape"": 1.0, ""working_pool_size"": 4600}"
da28d045aeb687e2f7991924bb1c67e7501cd076,2d_heatmap_sweep.py,Random+ScoredRemoval(SC_fast),DefaultHostSelection(),"ScoredRemoval(initial_score=100.0, failure_penalty=60.0, success_increment=5.0, time_period=1440, retirement_threshold=0.0)",46,4,2052.400000000001,0.16371077762619404,1715,1158,557,1715,1373,478,1237,170,433,1112,0,376,0,28,0,0,367,163.07871720116617,22,145.83090379008746,343,2.17,"{""adaptive_replications"": false, ""auto_repair_fail_prob"": 0.6, ""auto_repair_time"": 120.0, ""bad_server_regen_interval"": 43200, ""bad_server_regeneration"": false, ""confidence_level"": 0.95, ""diagnosis_probability"": 1.0, ""diagnosis_uncertainty"": 0.0, ""enable_topology"": false, ""failure_distribution"": ""exponential"", ""host_selection_time"": 3.0, ""job_length"": 20160, ""job_size"": 4096, ""lognormal_sigma"": 1.0, ""manual_repair_fail_prob"": 0.75, ""manual_repair_time"": 2880.0, ""max_replications"": 1000, ""num_replications"": 30, ""preemption_wait_time"": 20.0, ""prob_auto_to_manual"": 0.8, ""rack_size"": 8, ""random_failure_rate"": 1.388888888888889e-05, ""recovery_time"": 60.0, ""relative_accuracy"": 0.05, ""seed"": 42, ""spare_pool_size"": 200, ""systematic_failure_fraction"": 0.08, ""systematic_failure_rate_multiplier"": 15.0, ""warm_standbys"": 16, ""weibull_shape"": 1.0, ""working_pool_size"": 4600}"
da28d045aeb687e2f7991924bb1c67e7501cd076,2d_heatmap_sweep.py,Random+ScoredRemoval(SC_fast),DefaultHostSelection(),"ScoredRemoval(initial_score=100.0, failure_penalty=60.0, success_increment=5.0, time_period=1440, retirement_threshold=0.0)",47,5,2054.400000000004,0.16355140186915879,1717,1143,574,1717,1388,499,1218,167,435,1115,0,384,0,28,0,0,364,169.6326530612245,23,152.44314868804665,343,2.19,"{""adaptive_replications"": false, ""auto_repair_fail_prob"": 0.6, ""auto_repair_time"": 120.0, ""bad_server_regen_interval"": 43200, ""bad_server_regeneration"": false, ""confidence_level"": 0.95, ""diagnosis_probability"": 1.0, ""diagnosis_uncertainty"": 0.0, ""enable_topology"": false, ""failure_distribution"": ""exponential"", ""host_selection_time"": 3.0, ""job_length"": 20160, ""job_size"": 4096, ""lognormal_sigma"": 1.0, ""manual_repair_fail_prob"": 0.75, ""manual_repair_time"": 2880.0, ""max_replications"": 1000, ""num_replications"": 30, ""preemption_wait_time"": 20.0, ""prob_auto_to_manual"": 0.8, ""rack_size"": 8, ""random_failure_rate"": 1.388888888888889e-05, ""recovery_time"": 60.0, ""relative_accuracy"": 0.05, ""seed"": 42, ""spare_pool_size"": 200, ""systematic_failure_fraction"": 0.08, ""systematic_failure_rate_multiplier"": 15.0, ""warm_standbys"": 16, ""weibull_shape"": 1.0, ""working_pool_size"": 4600}"
da28d045aeb687e2f7991924bb1c67e7501cd076,2d_heatmap_sweep.py,Random+ScoredRemoval(SC_fast),DefaultHostSelection(),"ScoredRemoval(initial_score=100.0, failure_penalty=60.0, success_increment=5.0, time_period=1440, retirement_threshold=0.0)",48,6,2015.2499999999975,0.16672869371045804,1678,1133,545,1678,1341,475,1203,179,404,1095,0,349,0,25,0,0,365,171.67261904761904,27,154.1577380952381,336,2.14,"{""adaptive_replications"": false, ""auto_repair_fail_prob"": 0.6, ""auto_repair_time"": 120.0, ""bad_server_regen_interval"": 43200, ""bad_server_regeneration"": false, ""confidence_level"": 0.95, ""diagnosis_probability"": 1.0, ""diagnosis_uncertainty"": 0.0, ""enable_topology"": false, ""failure_distribution"": ""exponential"", ""host_selection_time"": 3.0, ""job_length"": 20160, ""job_size"": 4096, ""lognormal_sigma"": 1.0, ""manual_repair_fail_prob"": 0.75, ""manual_repair_time"": 2880.0, ""max_replications"": 1000, ""num_replications"": 30, ""preemption_wait_time"": 20.0, ""prob_auto_to_manual"": 0.8, ""rack_size"": 8, ""random_failure_rate"": 1.388888888888889e-05, ""recovery_time"": 60.0, ""relative_accuracy"": 0.05, ""seed"": 42, ""spare_pool_size"": 200, ""systematic_failure_fraction"": 0.08, ""systematic_failure_rate_multiplier"": 15.0, ""warm_standbys"": 16, ""weibull_shape"": 1.0, ""working_pool_size"": 4600}"
da28d045aeb687e2f7991924bb1c67e7501cd076,2d_heatmap_sweep.py,Random+ScoredRemoval(SC_fast),DefaultHostSelection(),"ScoredRemoval(initial_score=100.0, failure_penalty=60.0, success_increment=5.0, time_period=1440, retirement_threshold=0.0)",49,7,2029.2999999999988,0.1655743359779238,1692,1117,575,1692,1321,492,1200,180,426,1086,0,395,0,26,0,0,369,166.87020648967552,23,151.47197640117994,339,2.13,"{""adaptive_replications"": false, ""auto_repair_fail_prob"": 0.6, ""auto_repair_time"": 120.0, ""bad_server_regen_interval"": 43200, ""bad_server_regeneration"": false, ""confidence_level"": 0.95, ""diagnosis_probability"": 1.0, ""diagnosis_uncertainty"": 0.0, ""enable_topology"": false, ""failure_distribution"": ""exponential"", ""host_selection_time"": 3.0, ""job_length"": 20160, ""job_size"": 4096, ""lognormal_sigma"": 1.0, ""manual_repair_fail_prob"": 0.75, ""manual_repair_time"": 2880.0, ""max_replications"": 1000, ""num_replications"": 30, ""preemption_wait_time"": 20.0, ""prob_auto_to_manual"": 0.8, ""rack_size"": 8, ""random_failure_rate"": 1.388888888888889e-05, ""recovery_time"": 60.0, ""relative_accuracy"": 0.05, ""seed"": 42, ""spare_pool_size"": 200, ""systematic_failure_fraction"": 0.08, ""systematic_failure_rate_multiplier"": 15.0, ""warm_standbys"": 16, ""weibull_shape"": 1.0, ""working_pool_size"": 4600}"
da28d045aeb687e2f7991924bb1c67e7501cd076,2d_heatmap_sweep.py,Random+ScoredRemoval(SC_fast),DefaultHostSelection(),"ScoredRemoval(initial_score=100.0, failure_penalty=60.0, success_increment=5.0, time_period=1440, retirement_threshold=0.0)",50,8,2003.299999999995,0.16772325662656673,1666,1092,574,1666,1328,469,1197,166,450,1050,0,359,0,26,0,0,369,172.15269461077844,23,154.79341317365268,334,2.12,"{""adaptive_replications"": false, ""auto_repair_fail_prob"": 0.6, ""auto_repair_time"": 120.0, ""bad_server_regen_interval"": 43200, ""bad_server_regeneration"": false, ""confidence_level"": 0.95, ""diagnosis_probability"": 1.0, ""diagnosis_uncertainty"": 0.0, ""enable_topology"": false, ""failure_distribution"": ""exponential"", ""host_selection_time"": 3.0, ""job_length"": 20160, ""job_size"": 4096, ""lognormal_sigma"": 1.0, ""manual_repair_fail_prob"": 0.75, ""manual_repair_time"": 2880.0, ""max_replications"": 1000, ""num_replications"": 30, ""preemption_wait_time"": 20.0, ""prob_auto_to_manual"": 0.8, ""rack_size"": 8, ""random_failure_rate"": 1.388888888888889e-05, ""recovery_time"": 60.0, ""relative_accuracy"": 0.05, ""seed"": 42, ""spare_pool_size"": 200, ""systematic_failure_fraction"": 0.08, ""systematic_failure_rate_multiplier"": 15.0, ""warm_standbys"": 16, ""weibull_shape"": 1.0, ""working_pool_size"": 4600}"
da28d045aeb687e2f7991924bb1c67e7501cd076,2d_heatmap_sweep.py,Random+ScoredRemoval(SC_fast),DefaultHostSelection(),"ScoredRemoval(initial_score=100.0, failure_penalty=60.0, success_increment=5.0, time_period=1440, retirement_threshold=0.0)",51,9,2002.2500000000011,0.1678112123860656,1665,1098,567,1665,1344,491,1174,172,427,1066,0,366,0,25,0,0,367,168.96407185628743,28,151.83532934131736,334,2.1,"{""adaptive_replications"": false, ""auto_repair_fail_prob"": 0.6, ""auto_repair_time"": 120.0, ""bad_server_regen_interval"": 43200, ""bad_server_regeneration"": false, ""confidence_level"": 0.95, ""diagnosis_probability"": 1.0, ""diagnosis_uncertainty"": 0.0, ""enable_topology"": false, ""failure_distribution"": ""exponential"", ""host_selection_time"": 3.0, ""job_length"": 20160, ""job_size"": 4096, ""lognormal_sigma"": 1.0, ""manual_repair_fail_prob"": 0.75, ""manual_repair_time"": 2880.0, ""max_replications"": 1000, ""num_replications"": 30, ""preemption_wait_time"": 20.0, ""prob_auto_to_manual"": 0.8, ""rack_size"": 8, ""random_failure_rate"": 1.388888888888889e-05, ""recovery_time"": 60.0, ""relative_accuracy"": 0.05, ""seed"": 42, ""spare_pool_size"": 200, ""systematic_failure_fraction"": 0.08, ""systematic_failure_rate_multiplier"": 15.0, ""warm_standbys"": 16, ""weibull_shape"": 1.0, ""working_pool_size"": 4600}"
da28d045aeb687e2f7991924bb1c67e7501cd076,2d_heatmap_sweep.py,FewestFailuresFirst+NeverRemove,FewestFailuresFirst(),NeverRemove(),42,0,2015.3999999999999,0.1667162846085147,1679,1111,568,1679,1343,473,1206,180,433,1066,0,0,0,8,0,0,369,259.5892857142857,186,155.01488095238096,336,1.35,"{""adaptive_replications"": false, ""auto_repair_fail_prob"": 0.6, ""auto_repair_time"": 120.0, ""bad_server_regen_interval"": 43200, ""bad_server_regeneration"": false, ""confidence_level"": 0.95, ""diagnosis_probability"": 1.0, ""diagnosis_uncertainty"": 0.0, ""enable_topology"": false, ""failure_distribution"": ""exponential"", ""host_selection_time"": 3.0, ""job_length"": 20160, ""job_size"": 4096, ""lognormal_sigma"": 1.0, ""manual_repair_fail_prob"": 0.75, ""manual_repair_time"": 2880.0, ""max_replications"": 1000, ""num_replications"": 30, ""preemption_wait_time"": 20.0, ""prob_auto_to_manual"": 0.8, ""rack_size"": 8, ""random_failure_rate"": 1.388888888888889e-05, ""recovery_time"": 60.0, ""relative_accuracy"": 0.05, ""seed"": 42, ""spare_pool_size"": 200, ""systematic_failure_fraction"": 0.08, ""systematic_failure_rate_multiplier"": 15.0, ""warm_standbys"": 16, ""weibull_shape"": 1.0, ""working_pool_size"": 4600}"
da28d045aeb687e2f7991924bb1c67e7501cd076,2d_heatmap_sweep.py,FewestFailuresFirst+NeverRemove,FewestFailuresFirst(),NeverRemove(),43,1,2044.3000000000022,0.16435943843858464,1708,1122,586,1708,1354,496,1212,175,450,1083,0,0,0,6,0,0,370,258.63049853372434,192,150.06451612903226,341,1.44,"{""adaptive_replications"": false, ""auto_repair_fail_prob"": 0.6, ""auto_repair_time"": 120.0, ""bad_server_regen_interval"": 43200, ""bad_server_regeneration"": false, ""confidence_level"": 0.95, ""diagnosis_probability"": 1.0, ""diagnosis_uncertainty"": 0.0, ""enable_topology"": false, ""failure_distribution"": ""exponential"", ""host_selection_time"": 3.0, ""job_length"": 20160, ""job_size"": 4096, ""lognormal_sigma"": 1.0, ""manual_repair_fail_prob"": 0.75, ""manual_repair_time"": 2880.0, ""max_replications"": 1000, ""num_replications"": 30, ""preemption_wait_time"": 20.0, ""prob_auto_to_manual"": 0.8, ""rack_size"": 8, ""random_failure_rate"": 1.388888888888889e-05, ""recovery_time"": 60.0, ""relative_accuracy"": 0.05, ""seed"": 42, ""spare_pool_size"": 200, ""systematic_failure_fraction"": 0.08, ""systematic_failure_rate_multiplier"": 15.0, ""warm_standbys"": 16, ""weibull_shape"": 1.0, ""working_pool_size"": 4600}"
da28d045aeb687e2f7991924bb1c67e7501cd076,2d_heatmap_sweep.py,FewestFailuresFirst+NeverRemove,FewestFailuresFirst(),NeverRemove(),44,2,1998.35,0.1681387144394124,1662,1134,528,1662,1314,476,1186,177,396,1089,0,0,0,7,0,0,366,250.12874251497007,184,145.32634730538922,334,1.39,"{""adaptive_replications"": false, ""auto_repair_fail_prob"": 0.6, ""auto_repair_time"": 120.0, ""bad_server_regen_interval"": 43200, ""bad_server_regeneration"": false, ""confidence_level"": 0.95, ""diagnosis_probability"": 1.0, ""diagnosis_uncertainty"": 0.0, ""enable_topology"": false, ""failure_distribution"": ""exponential"", ""host_selection_time"": 3.0, ""job_length"": 20160, ""job_size"": 4096, ""lognormal_sigma"": 1.0, ""manual_repair_fail_prob"": 0.75, ""manual_repair_time"": 2880.0, ""max_replications"": 1000, ""num_replications"": 30, ""preemption_wait_time"": 20.0, ""prob_auto_to_manual"": 0.8, ""rack_size"": 8, ""random_failure_rate"": 1.388888888888889e-05, ""recovery_time"": 60.0, ""relative_accuracy"": 0.05, ""seed"": 42, ""spare_pool_size"": 200, ""systematic_failure_fraction"": 0.08, ""systematic_failure_rate_multiplier"": 15.0, ""warm_standbys"": 16, ""weibull_shape"": 1.0, ""working_pool_size"": 4600}"
da28d045aeb687e2f7991924bb1c67e7501cd076,2d_heatmap_sweep.py,FewestFailuresFirst+NeverRemove,FewestFailuresFirst(),NeverRemove(),45,3,2105.349999999999,0.15959341677155806,1769,1184,585,1769,1434,486,1283,156,463,1150,0,0,0,7,0,0,365,268.5156695156695,206,156.42165242165242,351,1.5,"{""adaptive_replications"": false, ""auto_repair_fail_prob"": 0.6, ""auto_repair_time"": 120.0, ""bad_server_regen_interval"": 43200, ""bad_server_regeneration"": false, ""confidence_level"": 0.95, ""diagnosis_probability"": 1.0, ""diagnosis_uncertainty"": 0.0, ""enable_topology"": false, ""failure_distribution"": ""exponential"", ""host_selection_time"": 3.0, ""job_length"": 20160, ""job_size"": 4096, ""lognormal_sigma"": 1.0, ""manual_repair_fail_prob"": 0.75, ""manual_repair_time"": 2880.0, ""max_replications"": 1000, ""num_replications"": 30, ""preemption_wait_time"": 20.0, ""prob_auto_to_manual"": 0.8, ""rack_size"": 8, ""random_failure_rate"": 1.388888888888889e-05, ""recovery_time"": 60.0, ""relative_accuracy"": 0.05, ""seed"": 42, ""spare_pool_size"": 200, ""systematic_failure_fraction"": 0.08, ""systematic_failure_rate_multiplier"": 15.0, ""warm_standbys"": 16, ""weibull_shape"": 1.0, ""working_pool_size"": 4600}"
da28d045aeb687e2f7991924bb1c67e7501cd076,2d_heatmap_sweep.py,FewestFailuresFirst+NeverRemove,FewestFailuresFirst(),NeverRemove(),46,4,2043.3499999999965,0.16443585288863918,1707,1136,571,1707,1360,463,1244,174,443,1090,0,0,0,7,0,0,367,256.33431085043986,184,141.80058651026394,341,1.43,"{""adaptive_replications"": false, ""auto_repair_fail_prob"": 0.6, ""auto_repair_time"": 120.0, ""bad_server_regen_interval"": 43200, ""bad_server_regeneration"": false, ""confidence_level"": 0.95, ""diagnosis_probability"": 1.0, ""diagnosis_uncertainty"": 0.0, ""enable_topology"": false, ""failure_distribution"": ""exponential"", ""host_selection_time"": 3.0, ""job_length"": 20160, ""job_size"": 4096, ""lognormal_sigma"": 1.0, ""manual_repair_fail_prob"": 0.75, ""manual_repair_time"": 2880.0, ""max_replications"": 1000, ""num_replications"": 30, ""preemption_wait_time"": 20.0, ""prob_auto_to_manual"": 0.8, ""rack_size"": 8, ""random_failure_rate"": 1.388888888888889e-05, ""recovery_time"": 60.0, ""relative_accuracy"": 0.05, ""seed"": 42, ""spare_pool_size"": 200, ""systematic_failure_fraction"": 0.08, ""systematic_failure_rate_multiplier"": 15.0, ""warm_standbys"": 16, ""weibull_shape"": 1.0, ""working_pool_size"": 4600}"
da28d045aeb687e2f7991924bb1c67e7501cd076,2d_heatmap_sweep.py,FewestFailuresFirst+NeverRemove,FewestFailuresFirst(),NeverRemove(),47,5,1998.2999999999977,0.16814292148326068,1662,1098,564,1662,1327,449,1213,155,456,1051,0,0,0,6,0,0,364,262.90419161676647,198,149.95209580838323,334,1.41,"{""adaptive_replications"": false, ""auto_repair_fail_prob"": 0.6, ""auto_repair_time"": 120.0, ""bad_server_regen_interval"": 43200, ""bad_server_regeneration"": false, ""confidence_level"": 0.95, ""diagnosis_probability"": 1.0, ""diagnosis_uncertainty"": 0.0, ""enable_topology"": false, ""failure_distribution"": ""exponential"", ""host_selection_time"": 3.0, ""job_length"": 20160, ""job_size"": 4096, ""lognormal_sigma"": 1.0, ""manual_repair_fail_prob"": 0.75, ""manual_repair_time"": 2880.0, ""max_replications"": 1000, ""num_replications"": 30, ""preemption_wait_time"": 20.0, ""prob_auto_to_manual"": 0.8, ""rack_size"": 8, ""random_failure_rate"": 1.388888888888889e-05, ""recovery_time"": 60.0, ""relative_accuracy"": 0.05, ""seed"": 42, ""spare_pool_size"": 200, ""systematic_failure_fraction"": 0.08, ""systematic_failure_rate_multiplier"": 15.0, ""warm_standbys"": 16, ""weibull_shape"": 1.0, ""working_pool_size"": 4600}"
da28d045aeb687e2f7991924bb1c67e7501cd076,2d_heatmap_sweep.py,FewestFailuresFirst+NeverRemove,FewestFailuresFirst(),NeverRemove(),48,6,2138.299999999999,0.15713417200579846,1802,1217,585,1802,1454,518,1284,172,451,1179,0,0,0,6,0,0,365,254.9719887955182,190,148.07563025210084,357,1.52,"{""adaptive_replications"": false, ""auto_repair_fail_prob"": 0.6, ""auto_repair_time"": 120.0, ""bad_server_regen_interval"": 43200, ""bad_server_regeneration"": false, ""confidence_level"": 0.95, ""diagnosis_probability"": 1.0, ""diagnosis_uncertainty"": 0.0, ""enable_topology"": false, ""failure_distribution"": ""exponential"", ""host_selection_time"": 3.0, ""job_length"": 20160, ""job_size"": 4096, ""lognormal_sigma"": 1.0, ""manual_repair_fail_prob"": 0.75, ""manual_repair_time"": 2880.0, ""max_replications"": 1000, ""num_replications"": 30, ""preemption_wait_time"": 20.0, ""prob_auto_to_manual"": 0.8, ""rack_size"": 8, ""random_failure_rate"": 1.388888888888889e-05, ""recovery_time"": 60.0, ""relative_accuracy"": 0.05, ""seed"": 42, ""spare_pool_size"": 200, ""systematic_failure_fraction"": 0.08, ""systematic_failure_rate_multiplier"": 15.0, ""warm_standbys"": 16, ""weibull_shape"": 1.0, ""working_pool_size"": 4600}"
da28d045aeb687e2f7991924bb1c67e7501cd076,2d_heatmap_sweep.py,FewestFailuresFirst+NeverRemove,FewestFailuresFirst(),NeverRemove(),49,7,2098.249999999998,0.1601334445371143,1762,1149,613,1762,1408,498,1264,167,477,1118,0,0,0,5,0,0,369,262.07714285714286,198,160.36285714285714,350,1.5,"{""adaptive_replications"": false, ""auto_repair_fail_prob"": 0.6, ""auto_repair_time"": 120.0, ""bad_server_regen_interval"": 43200, ""bad_server_regeneration"": false, ""confidence_level"": 0.95, ""diagnosis_probability"": 1.0, ""diagnosis_uncertainty"": 0.0, ""enable_topology"": false, ""failure_distribution"": ""exponential"", ""host_selection_time"": 3.0, ""job_length"": 20160, ""job_size"": 4096, ""lognormal_sigma"": 1.0, ""manual_repair_fail_prob"": 0.75, ""manual_repair_time"": 2880.0, ""max_replications"": 1000, ""num_replications"": 30, ""preemption_wait_time"": 20.0, ""prob_auto_to_manual"": 0.8, ""rack_size"": 8, ""random_failure_rate"": 1.388888888888889e-05, ""recovery_time"": 60.0, ""relative_accuracy"": 0.05, ""seed"": 42, ""spare_pool_size"": 200, ""systematic_failure_fraction"": 0.08, ""systematic_failure_rate_multiplier"": 15.0, ""warm_standbys"": 16, ""weibull_shape"": 1.0, ""working_pool_size"": 4600}"
da28d045aeb687e2f7991924bb1c67e7501cd076,2d_heatmap_sweep.py,FewestFailuresFirst+NeverRemove,FewestFailuresFirst(),NeverRemove(),50,8,1999.3000000000018,0.16805882058720584,1663,1092,571,1663,1340,436,1227,168,441,1054,0,0,0,6,0,0,369,262.3023952095808,200,146.9431137724551,334,1.45,"{""adaptive_replications"": false, ""auto_repair_fail_prob"": 0.6, ""auto_repair_time"": 120.0, ""bad_server_regen_interval"": 43200, ""bad_server_regeneration"": false, ""confidence_level"": 0.95, ""diagnosis_probability"": 1.0, ""diagnosis_uncertainty"": 0.0, ""enable_topology"": false, ""failure_distribution"": ""exponential"", ""host_selection_time"": 3.0, ""job_length"": 20160, ""job_size"": 4096, ""lognormal_sigma"": 1.0, ""manual_repair_fail_prob"": 0.75, ""manual_repair_time"": 2880.0, ""max_replications"": 1000, ""num_replications"": 30, ""preemption_wait_time"": 20.0, ""prob_auto_to_manual"": 0.8, ""rack_size"": 8, ""random_failure_rate"": 1.388888888888889e-05, ""recovery_time"": 60.0, ""relative_accuracy"": 0.05, ""seed"": 42, ""spare_pool_size"": 200, ""systematic_failure_fraction"": 0.08, ""systematic_failure_rate_multiplier"": 15.0, ""warm_standbys"": 16, ""weibull_shape"": 1.0, ""working_pool_size"": 4600}"
da28d045aeb687e2f7991924bb1c67e7501cd076,2d_heatmap_sweep.py,FewestFailuresFirst+NeverRemove,FewestFailuresFirst(),NeverRemove(),51,9,2079.300000000001,0.16159284374549138,1743,1180,563,1743,1407,463,1280,165,443,1135,0,0,0,6,0,0,367,259.0345821325648,196,150.30835734870317,347,1.48,"{""adaptive_replications"": false, ""auto_repair_fail_prob"": 0.6, ""auto_repair_time"": 120.0, ""bad_server_regen_interval"": 43200, ""bad_server_regeneration"": false, ""confidence_level"": 0.95, ""diagnosis_probability"": 1.0, ""diagnosis_uncertainty"": 0.0, ""enable_topology"": false, ""failure_distribution"": ""exponential"", ""host_selection_time"": 3.0, ""job_length"": 20160, ""job_size"": 4096, ""lognormal_sigma"": 1.0, ""manual_repair_fail_prob"": 0.75, ""manual_repair_time"": 2880.0, ""max_replications"": 1000, ""num_replications"": 30, ""preemption_wait_time"": 20.0, ""prob_auto_to_manual"": 0.8, ""rack_size"": 8, ""random_failure_rate"": 1.388888888888889e-05, ""recovery_time"": 60.0, ""relative_accuracy"": 0.05, ""seed"": 42, ""spare_pool_size"": 200, ""systematic_failure_fraction"": 0.08, ""systematic_failure_rate_multiplier"": 15.0, ""warm_standbys"": 16, ""weibull_shape"": 1.0, ""working_pool_size"": 4600}"
da28d045aeb687e2f7991924bb1c67e7501cd076,2d_heatmap_sweep.py,Random+NeverRemove,DefaultHostSelection(),NeverRemove(),42,0,2491.450000000002,0.1348612253908367,2155,1159,996,2155,1733,329,1826,164,898,1093,0,0,0,9,0,0,369,273.2644230769231,194,234.89182692307693,416,1.72,"{""adaptive_replications"": false, ""auto_repair_fail_prob"": 0.6, ""auto_repair_time"": 120.0, ""bad_server_regen_interval"": 43200, ""bad_server_regeneration"": false, ""confidence_level"": 0.95, ""diagnosis_probability"": 1.0, ""diagnosis_uncertainty"": 0.0, ""enable_topology"": false, ""failure_distribution"": ""exponential"", ""host_selection_time"": 3.0, ""job_length"": 20160, ""job_size"": 4096, ""lognormal_sigma"": 1.0, ""manual_repair_fail_prob"": 0.9, ""manual_repair_time"": 2880.0, ""max_replications"": 1000, ""num_replications"": 30, ""preemption_wait_time"": 20.0, ""prob_auto_to_manual"": 0.8, ""rack_size"": 8, ""random_failure_rate"": 1.388888888888889e-05, ""recovery_time"": 60.0, ""relative_accuracy"": 0.05, ""seed"": 42, ""spare_pool_size"": 200, ""systematic_failure_fraction"": 0.08, ""systematic_failure_rate_multiplier"": 15.0, ""warm_standbys"": 16, ""weibull_shape"": 1.0, ""working_pool_size"": 4600}"
da28d045aeb687e2f7991924bb1c67e7501cd076,2d_heatmap_sweep.py,Random+NeverRemove,DefaultHostSelection(),NeverRemove(),43,1,2330.2999999999984,0.14418744367677952,1994,1103,891,1994,1608,338,1656,159,793,1042,0,0,0,6,0,0,370,270.90231362467864,200,228.96143958868893,389,1.7,"{""adaptive_replications"": false, ""auto_repair_fail_prob"": 0.6, ""auto_repair_time"": 120.0, ""bad_server_regen_interval"": 43200, ""bad_server_regeneration"": false, ""confidence_level"": 0.95, ""diagnosis_probability"": 1.0, ""diagnosis_uncertainty"": 0.0, ""enable_topology"": false, ""failure_distribution"": ""exponential"", ""host_selection_time"": 3.0, ""job_length"": 20160, ""job_size"": 4096, ""lognormal_sigma"": 1.0, ""manual_repair_fail_prob"": 0.9, ""manual_repair_time"": 2880.0, ""max_replications"": 1000, ""num_replications"": 30, ""preemption_wait_time"": 20.0, ""prob_auto_to_manual"": 0.8, ""rack_size"": 8, ""random_failure_rate"": 1.388888888888889e-05, ""recovery_time"": 60.0, ""relative_accuracy"": 0.05, ""seed"": 42, ""spare_pool_size"": 200, ""systematic_failure_fraction"": 0.08, ""systematic_failure_rate_multiplier"": 15.0, ""warm_standbys"": 16, ""weibull_shape"": 1.0, ""working_pool_size"": 4600}"
da28d045aeb687e2f7991924bb1c67e7501cd076,2d_heatmap_sweep.py,Random+NeverRemove,DefaultHostSelection(),NeverRemove(),44,2,2429.399999999995,0.1383057545072862,2093,1156,937,2093,1700,359,1734,178,822,1093,0,0,0,8,0,0,366,259.26666666666665,174,227.441975308642,405,1.79,"{""adaptive_replications"": false, ""auto_repair_fail_prob"": 0.6, ""auto_repair_time"": 120.0, ""bad_server_regen_interval"": 43200, ""bad_server_regeneration"": false, ""confidence_level"": 0.95, ""diagnosis_probability"": 1.0, ""diagnosis_uncertainty"": 0.0, ""enable_topology"": false, ""failure_distribution"": ""exponential"", ""host_selection_time"": 3.0, ""job_length"": 20160, ""job_size"": 4096, ""lognormal_sigma"": 1.0, ""manual_repair_fail_prob"": 0.9, ""manual_repair_time"": 2880.0, ""max_replications"": 1000, ""num_replications"": 30, ""preemption_wait_time"": 20.0, ""prob_auto_to_manual"": 0.8, ""rack_size"": 8, ""random_failure_rate"": 1.388888888888889e-05, ""recovery_time"": 60.0, ""relative_accuracy"": 0.05, ""seed"": 42, ""spare_pool_size"": 200, ""systematic_failure_fraction"": 0.08, ""systematic_failure_rate_multiplier"": 15.0, ""warm_standbys"": 16, ""weibull_shape"": 1.0, ""working_pool_size"": 4600}"
da28d045aeb687e2f7991924bb1c67e7501cd076,2d_heatmap_sweep.py,Random+NeverRemove,DefaultHostSelection(),NeverRemove(),45,3,2344.399999999993,0.14332025251663608,2008,1094,914,2008,1588,345,1663,178,790,1040,0,0,0,8,0,0,365,257.17391304347825,175,225.99744245524298,391,1.75,"{""adaptive_replications"": false, ""auto_repair_fail_prob"": 0.6, ""auto_repair_time"": 120.0, ""bad_server_regen_interval"": 43200, ""bad_server_regeneration"": false, ""confidence_level"": 0.95, ""diagnosis_probability"": 1.0, ""diagnosis_uncertainty"": 0.0, ""enable_topology"": false, ""failure_distribution"": ""exponential"", ""host_selection_time"": 3.0, ""job_length"": 20160, ""job_size"": 4096, ""lognormal_sigma"": 1.0, ""manual_repair_fail_prob"": 0.9, ""manual_repair_time"": 2880.0, ""max_replications"": 1000, ""num_replications"": 30, ""preemption_wait_time"": 20.0, ""prob_auto_to_manual"": 0.8, ""rack_size"": 8, ""random_failure_rate"": 1.388888888888889e-05, ""recovery_time"": 60.0, ""relative_accuracy"": 0.05, ""seed"": 42, ""spare_pool_size"": 200, ""systematic_failure_fraction"": 0.08, ""systematic_failure_rate_multiplier"": 15.0, ""warm_standbys"": 16, ""weibull_shape"": 1.0, ""working_pool_size"": 4600}"
da28d045aeb687e2f7991924bb1c67e7501cd076,2d_heatmap_sweep.py,Random+NeverRemove,DefaultHostSelection(),NeverRemove(),46,4,2439.499999999997,0.13773314203730294,2103,1163,940,2103,1680,311,1792,152,851,1100,0,0,0,10,0,0,367,265.7149877149877,200,230.97788697788698,407,1.79,"{""adaptive_replications"": false, ""auto_repair_fail_prob"": 0.6, ""auto_repair_time"": 120.0, ""bad_server_regen_interval"": 43200, ""bad_server_regeneration"": false, ""confidence_level"": 0.95, ""diagnosis_probability"": 1.0, ""diagnosis_uncertainty"": 0.0, ""enable_topology"": false, ""failure_distribution"": ""exponential"", ""host_selection_time"": 3.0, ""job_length"": 20160, ""job_size"": 4096, ""lognormal_sigma"": 1.0, ""manual_repair_fail_prob"": 0.9, ""manual_repair_time"": 2880.0, ""max_replications"": 1000, ""num_replications"": 30, ""preemption_wait_time"": 20.0, ""prob_auto_to_manual"": 0.8, ""rack_size"": 8, ""random_failure_rate"": 1.388888888888889e-05, ""recovery_time"": 60.0, ""relative_accuracy"": 0.05, ""seed"": 42, ""spare_pool_size"": 200, ""systematic_failure_fraction"": 0.08, ""systematic_failure_rate_multiplier"": 15.0, ""warm_standbys"": 16, ""weibull_shape"": 1.0, ""working_pool_size"": 4600}"
da28d045aeb687e2f7991924bb1c67e7501cd076,2d_heatmap_sweep.py,Random+NeverRemove,DefaultHostSelection(),NeverRemove(),47,5,2338.300000000003,0.1436941367660269,2002,1112,890,2002,1601,325,1677,159,793,1050,0,0,0,6,0,0,364,265.4948717948718,191,228.7974358974359,390,1.72,"{""adaptive_replications"": false, ""auto_repair_fail_prob"": 0.6, ""auto_repair_time"": 120.0, ""bad_server_regen_interval"": 43200, ""bad_server_regeneration"": false, ""confidence_level"": 0.95, ""diagnosis_probability"": 1.0, ""diagnosis_uncertainty"": 0.0, ""enable_topology"": false, ""failure_distribution"": ""exponential"", ""host_selection_time"": 3.0, ""job_length"": 20160, ""job_size"": 4096, ""lognormal_sigma"": 1.0, ""manual_repair_fail_prob"": 0.9, ""manual_repair_time"": 2880.0, ""max_replications"": 1000, ""num_replications"": 30, ""preemption_wait_time"": 20.0, ""prob_auto_to_manual"": 0.8, ""rack_size"": 8, ""random_failure_rate"": 1.388888888888889e-05, ""recovery_time"": 60.0, ""relative_accuracy"": 0.05, ""seed"": 42, ""spare_pool_size"": 200, ""systematic_failure_fraction"": 0.08, ""systematic_failure_rate_multiplier"": 15.0, ""warm_standbys"": 16, ""weibull_shape"": 1.0, ""working_pool_size"": 4600}"
da28d045aeb687e2f7991924bb1c67e7501cd076,2d_heatmap_sweep.py,Random+NeverRemove,DefaultHostSelection(),NeverRemove(),48,6,2403.4500000000025,0.13979903888160797,2067,1122,945,2067,1676,328,1739,178,824,1065,0,0,0,9,0,0,365,262.22443890274315,179,226.32169576059852,401,1.83,"{""adaptive_replications"": false, ""auto_repair_fail_prob"": 0.6, ""auto_repair_time"": 120.0, ""bad_server_regen_interval"": 43200, ""bad_server_regeneration"": false, ""confidence_level"": 0.95, ""diagnosis_probability"": 1.0, ""diagnosis_uncertainty"": 0.0, ""enable_topology"": false, ""failure_distribution"": ""exponential"", ""host_selection_time"": 3.0, ""job_length"": 20160, ""job_size"": 4096, ""lognormal_sigma"": 1.0, ""manual_repair_fail_prob"": 0.9, ""manual_repair_time"": 2880.0, ""max_replications"": 1000, ""num_replications"": 30, ""preemption_wait_time"": 20.0, ""prob_auto_to_manual"": 0.8, ""rack_size"": 8, ""random_failure_rate"": 1.388888888888889e-05, ""recovery_time"": 60.0, ""relative_accuracy"": 0.05, ""seed"": 42, ""spare_pool_size"": 200, ""systematic_failure_fraction"": 0.08, ""systematic_failure_rate_multiplier"": 15.0, ""warm_standbys"": 16, ""weibull_shape"": 1.0, ""working_pool_size"": 4600}"
da28d045aeb687e2f7991924bb1c67e7501cd076,2d_heatmap_sweep.py,Random+NeverRemove,DefaultHostSelection(),NeverRemove(),49,7,2366.2999999999965,0.14199383003000512,2030,1095,935,2030,1656,309,1721,163,828,1039,0,0,0,6,0,0,369,264.9240506329114,195,230.47594936708862,395,1.74,"{""adaptive_replications"": false, ""auto_repair_fail_prob"": 0.6, ""auto_repair_time"": 120.0, ""bad_server_regen_interval"": 43200, ""bad_server_regeneration"": false, ""confidence_level"": 0.95, ""diagnosis_probability"": 1.0, ""diagnosis_uncertainty"": 0.0, ""enable_topology"": false, ""failure_distribution"": ""exponential"", ""host_selection_time"": 3.0, ""job_length"": 20160, ""job_size"": 4096, ""lognormal_sigma"": 1.0, ""manual_repair_fail_prob"": 0.9, ""manual_repair_time"": 2880.0, ""max_replications"": 1000, ""num_replications"": 30, ""preemption_wait_time"": 20.0, ""prob_auto_to_manual"": 0.8, ""rack_size"": 8, ""random_failure_rate"": 1.388888888888889e-05, ""recovery_time"": 60.0, ""relative_accuracy"": 0.05, ""seed"": 42, ""spare_pool_size"": 200, ""systematic_failure_fraction"": 0.08, ""systematic_failure_rate_multiplier"": 15.0, ""warm_standbys"": 16, ""weibull_shape"": 1.0, ""working_pool_size"": 4600}"
da28d045aeb687e2f7991924bb1c67e7501cd076,2d_heatmap_sweep.py,Random+NeverRemove,DefaultHostSelection(),NeverRemove(),50,8,2396.2999999999975,0.14021616659015976,2060,1113,947,2060,1639,340,1720,170,823,1067,0,0,0,6,0,0,369,265.475,188,218.6375,400,1.78,"{""adaptive_replications"": false, ""auto_repair_fail_prob"": 0.6, ""auto_repair_time"": 120.0, ""bad_server_regen_interval"": 43200, ""bad_server_regeneration"": false, ""confidence_level"": 0.95, ""diagnosis_probability"": 1.0, ""diagnosis_uncertainty"": 0.0, ""enable_topology"": false, ""failure_distribution"": ""exponential"", ""host_selection_time"": 3.0, ""job_length"": 20160, ""job_size"": 4096, ""lognormal_sigma"": 1.0, ""manual_repair_fail_prob"": 0.9, ""manual_repair_time"": 2880.0, ""max_replications"": 1000, ""num_replications"": 30, ""preemption_wait_time"": 20.0, ""prob_auto_to_manual"": 0.8, ""rack_size"": 8, ""random_failure_rate"": 1.388888888888889e-05, ""recovery_time"": 60.0, ""relative_accuracy"": 0.05, ""seed"": 42, ""spare_pool_size"": 200, ""systematic_failure_fraction"": 0.08, ""systematic_failure_rate_multiplier"": 15.0, ""warm_standbys"": 16, ""weibull_shape"": 1.0, ""working_pool_size"": 4600}"
da28d045aeb687e2f7991924bb1c67e7501cd076,2d_heatmap_sweep.py,Random+NeverRemove,DefaultHostSelection(),NeverRemove(),51,9,2459.3499999999995,0.13662146502124514,2123,1161,962,2123,1703,316,1807,157,859,1107,0,0,0,7,0,0,367,266.5073170731707,201,229.23170731707316,410,1.8,"{""adaptive_replications"": false, ""auto_repair_fail_prob"": 0.6, ""auto_repair_time"": 120.0, ""bad_server_regen_interval"": 43200, ""bad_server_regeneration"": false, ""confidence_level"": 0.95, ""diagnosis_probability"": 1.0, ""diagnosis_uncertainty"": 0.0, ""enable_topology"": false, ""failure_distribution"": ""exponential"", ""host_selection_time"": 3.0, ""job_length"": 20160, ""job_size"": 4096, ""lognormal_sigma"": 1.0, ""manual_repair_fail_prob"": 0.9, ""manual_repair_time"": 2880.0, ""max_replications"": 1000, ""num_replications"": 30, ""preemption_wait_time"": 20.0, ""prob_auto_to_manual"": 0.8, ""rack_size"": 8, ""random_failure_rate"": 1.388888888888889e-05, ""recovery_time"": 60.0, ""relative_accuracy"": 0.05, ""seed"": 42, ""spare_pool_size"": 200, ""systematic_failure_fraction"": 0.08, ""systematic_failure_rate_multiplier"": 15.0, ""warm_standbys"": 16, ""weibull_shape"": 1.0, ""working_pool_size"": 4600}"
da28d045aeb687e2f7991924bb1c67e7501cd076,2d_heatmap_sweep.py,Random+ScoredRemoval(SC_fast),DefaultHostSelection(),"ScoredRemoval(initial_score=100.0, failure_penalty=60.0, success_increment=5.0, time_period=1440, retirement_threshold=0.0)",42,0,2149.4499999999975,0.1563190583637678,1812,1191,621,1812,1456,265,1547,97,569,1146,0,423,0,29,0,0,369,173.66852367688023,21,157.19220055710306,359,1.94,"{""adaptive_replications"": false, ""auto_repair_fail_prob"": 0.6, ""auto_repair_time"": 120.0, ""bad_server_regen_interval"": 43200, ""bad_server_regeneration"": false, ""confidence_level"": 0.95, ""diagnosis_probability"": 1.0, ""diagnosis_uncertainty"": 0.0, ""enable_topology"": false, ""failure_distribution"": ""exponential"", ""host_selection_time"": 3.0, ""job_length"": 20160, ""job_size"": 4096, ""lognormal_sigma"": 1.0, ""manual_repair_fail_prob"": 0.9, ""manual_repair_time"": 2880.0, ""max_replications"": 1000, ""num_replications"": 30, ""preemption_wait_time"": 20.0, ""prob_auto_to_manual"": 0.8, ""rack_size"": 8, ""random_failure_rate"": 1.388888888888889e-05, ""recovery_time"": 60.0, ""relative_accuracy"": 0.05, ""seed"": 42, ""spare_pool_size"": 200, ""systematic_failure_fraction"": 0.08, ""systematic_failure_rate_multiplier"": 15.0, ""warm_standbys"": 16, ""weibull_shape"": 1.0, ""working_pool_size"": 4600}"
da28d045aeb687e2f7991924bb1c67e7501cd076,2d_heatmap_sweep.py,Random+ScoredRemoval(SC_fast),DefaultHostSelection(),"ScoredRemoval(initial_score=100.0, failure_penalty=60.0, success_increment=5.0, time_period=1440, retirement_threshold=0.0)",43,1,2130.450000000002,0.15771315919172013,1793,1189,604,1793,1448,297,1496,120,528,1145,0,415,0,29,0,0,370,175.1629213483146,22,159.37359550561797,356,2.26,"{""adaptive_replications"": false, ""auto_repair_fail_prob"": 0.6, ""auto_repair_time"": 120.0, ""bad_server_regen_interval"": 43200, ""bad_server_regeneration"": false, ""confidence_level"": 0.95, ""diagnosis_probability"": 1.0, ""diagnosis_uncertainty"": 0.0, ""enable_topology"": false, ""failure_distribution"": ""exponential"", ""host_selection_time"": 3.0, ""job_length"": 20160, ""job_size"": 4096, ""lognormal_sigma"": 1.0, ""manual_repair_fail_prob"": 0.9, ""manual_repair_time"": 2880.0, ""max_replications"": 1000, ""num_replications"": 30, ""preemption_wait_time"": 20.0, ""prob_auto_to_manual"": 0.8, ""rack_size"": 8, ""random_failure_rate"": 1.388888888888889e-05, ""recovery_time"": 60.0, ""relative_accuracy"": 0.05, ""seed"": 42, ""spare_pool_size"": 200, ""systematic_failure_fraction"": 0.08, ""systematic_failure_rate_multiplier"": 15.0, ""warm_standbys"": 16, ""weibull_shape"": 1.0, ""working_pool_size"": 4600}"
da28d045aeb687e2f7991924bb1c67e7501cd076,2d_heatmap_sweep.py,Random+ScoredRemoval(SC_fast),DefaultHostSelection(),"ScoredRemoval(initial_score=100.0, failure_penalty=60.0, success_increment=5.0, time_period=1440, retirement_threshold=0.0)",44,2,2088.45,0.16088486676721941,1751,1154,597,1751,1419,251,1500,93,548,1110,0,412,0,29,0,0,366,177.75071633237823,22,161.4355300859599,349,2.21,"{""adaptive_replications"": false, ""auto_repair_fail_prob"": 0.6, ""auto_repair_time"": 120.0, ""bad_server_regen_interval"": 43200, ""bad_server_regeneration"": false, ""confidence_level"": 0.95, ""diagnosis_probability"": 1.0, ""diagnosis_uncertainty"": 0.0, ""enable_topology"": false, ""failure_distribution"": ""exponential"", ""host_selection_time"": 3.0, ""job_length"": 20160, ""job_size"": 4096, ""lognormal_sigma"": 1.0, ""manual_repair_fail_prob"": 0.9, ""manual_repair_time"": 2880.0, ""max_replications"": 1000, ""num_replications"": 30, ""preemption_wait_time"": 20.0, ""prob_auto_to_manual"": 0.8, ""rack_size"": 8, ""random_failure_rate"": 1.388888888888889e-05, ""recovery_time"": 60.0, ""relative_accuracy"": 0.05, ""seed"": 42, ""spare_pool_size"": 200, ""systematic_failure_fraction"": 0.08, ""systematic_failure_rate_multiplier"": 15.0, ""warm_standbys"": 16, ""weibull_shape"": 1.0, ""working_pool_size"": 4600}"
da28d045aeb687e2f7991924bb1c67e7501cd076,2d_heatmap_sweep.py,Random+ScoredRemoval(SC_fast),DefaultHostSelection(),"ScoredRemoval(initial_score=100.0, failure_penalty=60.0, success_increment=5.0, time_period=1440, retirement_threshold=0.0)",45,3,2000.4000000000017,0.1679664067186559,1663,1064,599,1663,1325,269,1394,90,543,1030,0,389,0,28,0,0,365,183.54790419161677,33,165.60179640718562,334,2.09,"{""adaptive_replications"": false, ""auto_repair_fail_prob"": 0.6, ""auto_repair_time"": 120.0, ""bad_server_regen_interval"": 43200, ""bad_server_regeneration"": false, ""confidence_level"": 0.95, ""diagnosis_probability"": 1.0, ""diagnosis_uncertainty"": 0.0, ""enable_topology"": false, ""failure_distribution"": ""exponential"", ""host_selection_time"": 3.0, ""job_length"": 20160, ""job_size"": 4096, ""lognormal_sigma"": 1.0, ""manual_repair_fail_prob"": 0.9, ""manual_repair_time"": 2880.0, ""max_replications"": 1000, ""num_replications"": 30, ""preemption_wait_time"": 20.0, ""prob_auto_to_manual"": 0.8, ""rack_size"": 8, ""random_failure_rate"": 1.388888888888889e-05, ""recovery_time"": 60.0, ""relative_accuracy"": 0.05, ""seed"": 42, ""spare_pool_size"": 200, ""systematic_failure_fraction"": 0.08, ""systematic_failure_rate_multiplier"": 15.0, ""warm_standbys"": 16, ""weibull_shape"": 1.0, ""working_pool_size"": 4600}"
da28d045aeb687e2f7991924bb1c67e7501cd076,2d_heatmap_sweep.py,Random+ScoredRemoval(SC_fast),DefaultHostSelection(),"ScoredRemoval(initial_score=100.0, failure_penalty=60.0, success_increment=5.0, time_period=1440, retirement_threshold=0.0)",46,4,2057.499999999997,0.16330498177399774,1720,1111,609,1720,1373,260,1460,99,548,1073,0,414,0,30,0,0,367,182.70262390670553,27,165.65597667638485,343,2.16,"{""adaptive_replications"": false, ""auto_repair_fail_prob"": 0.6, ""auto_repair_time"": 120.0, ""bad_server_regen_interval"": 43200, ""bad_server_regeneration"": false, ""confidence_level"": 0.95, ""diagnosis_probability"": 1.0, ""diagnosis_uncertainty"": 0.0, ""enable_topology"": false, ""failure_distribution"": ""exponential"", ""host_selection_time"": 3.0, ""job_length"": 20160, ""job_size"": 4096, ""lognormal_sigma"": 1.0, ""manual_repair_fail_prob"": 0.9, ""manual_repair_time"": 2880.0, ""max_replications"": 1000, ""num_replications"": 30, ""preemption_wait_time"": 20.0, ""prob_auto_to_manual"": 0.8, ""rack_size"": 8, ""random_failure_rate"": 1.388888888888889e-05, ""recovery_time"": 60.0, ""relative_accuracy"": 0.05, ""seed"": 42, ""spare_pool_size"": 200, ""systematic_failure_fraction"": 0.08, ""systematic_failure_rate_multiplier"": 15.0, ""warm_standbys"": 16, ""weibull_shape"": 1.0, ""working_pool_size"": 4600}"
da28d045aeb687e2f7991924bb1c67e7501cd076,2d_heatmap_sweep.py,Random+ScoredRemoval(SC_fast),DefaultHostSelection(),"ScoredRemoval(initial_score=100.0, failure_penalty=60.0, success_increment=5.0, time_period=1440, retirement_threshold=0.0)",47,5,2114.3999999999974,0.15891032917139591,1777,1182,595,1777,1438,272,1505,106,528,1143,0,408,0,28,0,0,364,176.06232294617564,32,159.8526912181303,353,2.24,"{""adaptive_replications"": false, ""auto_repair_fail_prob"": 0.6, ""auto_repair_time"": 120.0, ""bad_server_regen_interval"": 43200, ""bad_server_regeneration"": false, ""confidence_level"": 0.95, ""diagnosis_probability"": 1.0, ""diagnosis_uncertainty"": 0.0, ""enable_topology"": false, ""failure_distribution"": ""exponential"", ""host_selection_time"": 3.0, ""job_length"": 20160, ""job_size"": 4096, ""lognormal_sigma"": 1.0, ""manual_repair_fail_prob"": 0.9, ""manual_repair_time"": 2880.0, ""max_replications"": 1000, ""num_replications"": 30, ""preemption_wait_time"": 20.0, ""prob_auto_to_manual"": 0.8, ""rack_size"": 8, ""random_failure_rate"": 1.388888888888889e-05, ""recovery_time"": 60.0, ""relative_accuracy"": 0.05, ""seed"": 42, ""spare_pool_size"": 200, ""systematic_failure_fraction"": 0.08, ""systematic_failure_rate_multiplier"": 15.0, ""warm_standbys"": 16, ""weibull_shape"": 1.0, ""working_pool_size"": 4600}"
da28d045aeb687e2f7991924bb1c67e7501cd076,2d_heatmap_sweep.py,Random+ScoredRemoval(SC_fast),DefaultHostSelection(),"ScoredRemoval(initial_score=100.0, failure_penalty=60.0, success_increment=5.0, time_period=1440, retirement_threshold=0.0)",48,6,2076.5000000000027,0.1618107392246564,1739,1142,597,1739,1401,293,1446,104,528,1107,0,403,0,30,0,0,365,177.6484149855908,32,160.27089337175792,347,2.15,"{""adaptive_replications"": false, ""auto_repair_fail_prob"": 0.6, ""auto_repair_time"": 120.0, ""bad_server_regen_interval"": 43200, ""bad_server_regeneration"": false, ""confidence_level"": 0.95, ""diagnosis_probability"": 1.0, ""diagnosis_uncertainty"": 0.0, ""enable_topology"": false, ""failure_distribution"": ""exponential"", ""host_selection_time"": 3.0, ""job_length"": 20160, ""job_size"": 4096, ""lognormal_sigma"": 1.0, ""manual_repair_fail_prob"": 0.9, ""manual_repair_time"": 2880.0, ""max_replications"": 1000, ""num_replications"": 30, ""preemption_wait_time"": 20.0, ""prob_auto_to_manual"": 0.8, ""rack_size"": 8, ""random_failure_rate"": 1.388888888888889e-05, ""recovery_time"": 60.0, ""relative_accuracy"": 0.05, ""seed"": 42, ""spare_pool_size"": 200, ""systematic_failure_fraction"": 0.08, ""systematic_failure_rate_multiplier"": 15.0, ""warm_standbys"": 16, ""weibull_shape"": 1.0, ""working_pool_size"": 4600}"
da28d045aeb687e2f7991924bb1c67e7501cd076,2d_heatmap_sweep.py,Random+ScoredRemoval(SC_fast),DefaultHostSelection(),"ScoredRemoval(initial_score=100.0, failure_penalty=60.0, success_increment=5.0, time_period=1440, retirement_threshold=0.0)",49,7,2143.549999999999,0.156749317720604,1806,1179,627,1806,1437,290,1516,105,560,1141,0,433,0,31,0,0,369,175.45251396648044,20,158.61173184357543,358,2.27,"{""adaptive_replications"": false, ""auto_repair_fail_prob"": 0.6, ""auto_repair_time"": 120.0, ""bad_server_regen_interval"": 43200, ""bad_server_regeneration"": false, ""confidence_level"": 0.95, ""diagnosis_probability"": 1.0, ""diagnosis_uncertainty"": 0.0, ""enable_topology"": false, ""failure_distribution"": ""exponential"", ""host_selection_time"": 3.0, ""job_length"": 20160, ""job_size"": 4096, ""lognormal_sigma"": 1.0, ""manual_repair_fail_prob"": 0.9, ""manual_repair_time"": 2880.0, ""max_replications"": 1000, ""num_replications"": 30, ""preemption_wait_time"": 20.0, ""prob_auto_to_manual"": 0.8, ""rack_size"": 8, ""random_failure_rate"": 1.388888888888889e-05, ""recovery_time"": 60.0, ""relative_accuracy"": 0.05, ""seed"": 42, ""spare_pool_size"": 200, ""systematic_failure_fraction"": 0.08, ""systematic_failure_rate_multiplier"": 15.0, ""warm_standbys"": 16, ""weibull_shape"": 1.0, ""working_pool_size"": 4600}"
da28d045aeb687e2f7991924bb1c67e7501cd076,2d_heatmap_sweep.py,Random+ScoredRemoval(SC_fast),DefaultHostSelection(),"ScoredRemoval(initial_score=100.0, failure_penalty=60.0, success_increment=5.0, time_period=1440, retirement_threshold=0.0)",50,8,2065.4500000000007,0.16267641434070018,1728,1131,597,1728,1386,267,1461,102,539,1087,0,396,0,29,0,0,369,173.11014492753623,31,156.9072463768116,345,2.17,"{""adaptive_replications"": false, ""auto_repair_fail_prob"": 0.6, ""auto_repair_time"": 120.0, ""bad_server_regen_interval"": 43200, ""bad_server_regeneration"": false, ""confidence_level"": 0.95, ""diagnosis_probability"": 1.0, ""diagnosis_uncertainty"": 0.0, ""enable_topology"": false, ""failure_distribution"": ""exponential"", ""host_selection_time"": 3.0, ""job_length"": 20160, ""job_size"": 4096, ""lognormal_sigma"": 1.0, ""manual_repair_fail_prob"": 0.9, ""manual_repair_time"": 2880.0, ""max_replications"": 1000, ""num_replications"": 30, ""preemption_wait_time"": 20.0, ""prob_auto_to_manual"": 0.8, ""rack_size"": 8, ""random_failure_rate"": 1.388888888888889e-05, ""recovery_time"": 60.0, ""relative_accuracy"": 0.05, ""seed"": 42, ""spare_pool_size"": 200, ""systematic_failure_fraction"": 0.08, ""systematic_failure_rate_multiplier"": 15.0, ""warm_standbys"": 16, ""weibull_shape"": 1.0, ""working_pool_size"": 4600}"
da28d045aeb687e2f7991924bb1c67e7501cd076,2d_heatmap_sweep.py,Random+ScoredRemoval(SC_fast),DefaultHostSelection(),"ScoredRemoval(initial_score=100.0, failure_penalty=60.0, success_increment=5.0, time_period=1440, retirement_threshold=0.0)",51,9,2116.4500000000003,0.15875640813626574,1779,1169,610,1779,1419,270,1509,89,560,1130,0,416,0,29,0,0,367,177.93201133144476,28,161.8413597733711,353,2.26,"{""adaptive_replications"": false, ""auto_repair_fail_prob"": 0.6, ""auto_repair_time"": 120.0, ""bad_server_regen_interval"": 43200, ""bad_server_regeneration"": false, ""confidence_level"": 0.95, ""diagnosis_probability"": 1.0, ""diagnosis_uncertainty"": 0.0, ""enable_topology"": false, ""failure_distribution"": ""exponential"", ""host_selection_time"": 3.0, ""job_length"": 20160, ""job_size"": 4096, ""lognormal_sigma"": 1.0, ""manual_repair_fail_prob"": 0.9, ""manual_repair_time"": 2880.0, ""max_replications"": 1000, ""num_replications"": 30, ""preemption_wait_time"": 20.0, ""prob_auto_to_manual"": 0.8, ""rack_size"": 8, ""random_failure_rate"": 1.388888888888889e-05, ""recovery_time"": 60.0, ""relative_accuracy"": 0.05, ""seed"": 42, ""spare_pool_size"": 200, ""systematic_failure_fraction"": 0.08, ""systematic_failure_rate_multiplier"": 15.0, ""warm_standbys"": 16, ""weibull_shape"": 1.0, ""working_pool_size"": 4600}"
da28d045aeb687e2f7991924bb1c67e7501cd076,2d_heatmap_sweep.py,FewestFailuresFirst+NeverRemove,FewestFailuresFirst(),NeverRemove(),42,0,2131.3499999999976,0.15764656203814473,1795,1148,647,1795,1451,269,1526,97,591,1107,0,0,0,7,0,0,369,302.3988764044944,265,163.48876404494382,356,1.5,"{""adaptive_replications"": false, ""auto_repair_fail_prob"": 0.6, ""auto_repair_time"": 120.0, ""bad_server_regen_interval"": 43200, ""bad_server_regeneration"": false, ""confidence_level"": 0.95, ""diagnosis_probability"": 1.0, ""diagnosis_uncertainty"": 0.0, ""enable_topology"": false, ""failure_distribution"": ""exponential"", ""host_selection_time"": 3.0, ""job_length"": 20160, ""job_size"": 4096, ""lognormal_sigma"": 1.0, ""manual_repair_fail_prob"": 0.9, ""manual_repair_time"": 2880.0, ""max_replications"": 1000, ""num_replications"": 30, ""preemption_wait_time"": 20.0, ""prob_auto_to_manual"": 0.8, ""rack_size"": 8, ""random_failure_rate"": 1.388888888888889e-05, ""recovery_time"": 60.0, ""relative_accuracy"": 0.05, ""seed"": 42, ""spare_pool_size"": 200, ""systematic_failure_fraction"": 0.08, ""systematic_failure_rate_multiplier"": 15.0, ""warm_standbys"": 16, ""weibull_shape"": 1.0, ""working_pool_size"": 4600}"
da28d045aeb687e2f7991924bb1c67e7501cd076,2d_heatmap_sweep.py,FewestFailuresFirst+NeverRemove,FewestFailuresFirst(),NeverRemove(),43,1,2122.350000000002,0.1583150752703369,1786,1137,649,1786,1423,262,1524,95,597,1094,0,0,0,7,0,0,370,304.5960451977401,268,165.98870056497177,354,1.56,"{""adaptive_replications"": false, ""auto_repair_fail_prob"": 0.6, ""auto_repair_time"": 120.0, ""bad_server_regen_interval"": 43200, ""bad_server_regeneration"": false, ""confidence_level"": 0.95, ""diagnosis_probability"": 1.0, ""diagnosis_uncertainty"": 0.0, ""enable_topology"": false, ""failure_distribution"": ""exponential"", ""host_selection_time"": 3.0, ""job_length"": 20160, ""job_size"": 4096, ""lognormal_sigma"": 1.0, ""manual_repair_fail_prob"": 0.9, ""manual_repair_time"": 2880.0, ""max_replications"": 1000, ""num_replications"": 30, ""preemption_wait_time"": 20.0, ""prob_auto_to_manual"": 0.8, ""rack_size"": 8, ""random_failure_rate"": 1.388888888888889e-05, ""recovery_time"": 60.0, ""relative_accuracy"": 0.05, ""seed"": 42, ""spare_pool_size"": 200, ""systematic_failure_fraction"": 0.08, ""systematic_failure_rate_multiplier"": 15.0, ""warm_standbys"": 16, ""weibull_shape"": 1.0, ""working_pool_size"": 4600}"
da28d045aeb687e2f7991924bb1c67e7501cd076,2d_heatmap_sweep.py,FewestFailuresFirst+NeverRemove,FewestFailuresFirst(),NeverRemove(),44,2,2088.449999999996,0.1608848667672206,1752,1131,621,1752,1420,281,1471,107,558,1087,0,0,0,9,0,0,366,289.32378223495704,250,150.5644699140401,349,1.54,"{""adaptive_replications"": false, ""auto_repair_fail_prob"": 0.6, ""auto_repair_time"": 120.0, ""bad_server_regen_interval"": 43200, ""bad_server_regeneration"": false, ""confidence_level"": 0.95, ""diagnosis_probability"": 1.0, ""diagnosis_uncertainty"": 0.0, ""enable_topology"": false, ""failure_distribution"": ""exponential"", ""host_selection_time"": 3.0, ""job_length"": 20160, ""job_size"": 4096, ""lognormal_sigma"": 1.0, ""manual_repair_fail_prob"": 0.9, ""manual_repair_time"": 2880.0, ""max_replications"": 1000, ""num_replications"": 30, ""preemption_wait_time"": 20.0, ""prob_auto_to_manual"": 0.8, ""rack_size"": 8, ""random_failure_rate"": 1.388888888888889e-05, ""recovery_time"": 60.0, ""relative_accuracy"": 0.05, ""seed"": 42, ""spare_pool_size"": 200, ""systematic_failure_fraction"": 0.08, ""systematic_failure_rate_multiplier"": 15.0, ""warm_standbys"": 16, ""weibull_shape"": 1.0, ""working_pool_size"": 4600}"
da28d045aeb687e2f7991924bb1c67e7501cd076,2d_heatmap_sweep.py,FewestFailuresFirst+NeverRemove,FewestFailuresFirst(),NeverRemove(),45,3,2062.2999999999984,0.1629248896862728,1726,1076,650,1726,1389,281,1445,97,594,1035,0,0,0,6,0,0,365,291.7761627906977,263,161.8546511627907,344,1.49,"{""adaptive_replications"": false, ""auto_repair_fail_prob"": 0.6, ""auto_repair_time"": 120.0, ""bad_server_regen_interval"": 43200, ""bad_server_regeneration"": false, ""confidence_level"": 0.95, ""diagnosis_probability"": 1.0, ""diagnosis_uncertainty"": 0.0, ""enable_topology"": false, ""failure_distribution"": ""exponential"", ""host_selection_time"": 3.0, ""job_length"": 20160, ""job_size"": 4096, ""lognormal_sigma"": 1.0, ""manual_repair_fail_prob"": 0.9, ""manual_repair_time"": 2880.0, ""max_replications"": 1000, ""num_replications"": 30, ""preemption_wait_time"": 20.0, ""prob_auto_to_manual"": 0.8, ""rack_size"": 8, ""random_failure_rate"": 1.388888888888889e-05, ""recovery_time"": 60.0, ""relative_accuracy"": 0.05, ""seed"": 42, ""spare_pool_size"": 200, ""systematic_failure_fraction"": 0.08, ""systematic_failure_rate_multiplier"": 15.0, ""warm_standbys"": 16, ""weibull_shape"": 1.0, ""working_pool_size"": 4600}"
da28d045aeb687e2f7991924bb1c67e7501cd076,2d_heatmap_sweep.py,FewestFailuresFirst+NeverRemove,FewestFailuresFirst(),NeverRemove(),46,4,2151.2999999999947,0.1561846325477615,1815,1165,650,1815,1454,301,1514,111,582,1122,0,0,0,6,0,0,367,292.89136490250695,250,172.20055710306406,359,1.52,"{""adaptive_replications"": false, ""auto_repair_fail_prob"": 0.6, ""auto_repair_time"": 120.0, ""bad_server_regen_interval"": 43200, ""bad_server_regeneration"": false, ""confidence_level"": 0.95, ""diagnosis_probability"": 1.0, ""diagnosis_uncertainty"": 0.0, ""enable_topology"": false, ""failure_distribution"": ""exponential"", ""host_selection_time"": 3.0, ""job_length"": 20160, ""job_size"": 4096, ""lognormal_sigma"": 1.0, ""manual_repair_fail_prob"": 0.9, ""manual_repair_time"": 2880.0, ""max_replications"": 1000, ""num_replications"": 30, ""preemption_wait_time"": 20.0, ""prob_auto_to_manual"": 0.8, ""rack_size"": 8, ""random_failure_rate"": 1.388888888888889e-05, ""recovery_time"": 60.0, ""relative_accuracy"": 0.05, ""seed"": 42, ""spare_pool_size"": 200, ""systematic_failure_fraction"": 0.08, ""systematic_failure_rate_multiplier"": 15.0, ""warm_standbys"": 16, ""weibull_shape"": 1.0, ""working_pool_size"": 4600}"
da28d045aeb687e2f7991924bb1c67e7501cd076,2d_heatmap_sweep.py,FewestFailuresFirst+NeverRemove,FewestFailuresFirst(),NeverRemove(),47,5,2098.250000000003,0.16013344453711378,1762,1112,650,1762,1399,294,1468,118,570,1074,0,0,0,5,0,0,364,283.6171428571429,239,169.8257142857143,350,1.5,"{""adaptive_replications"": false, ""auto_repair_fail_prob"": 0.6, ""auto_repair_time"": 120.0, ""bad_server_regen_interval"": 43200, ""bad_server_regeneration"": false, ""confidence_level"": 0.95, ""diagnosis_probability"": 1.0, ""diagnosis_uncertainty"": 0.0, ""enable_topology"": false, ""failure_distribution"": ""exponential"", ""host_selection_time"": 3.0, ""job_length"": 20160, ""job_size"": 4096, ""lognormal_sigma"": 1.0, ""manual_repair_fail_prob"": 0.9, ""manual_repair_time"": 2880.0, ""max_replications"": 1000, ""num_replications"": 30, ""preemption_wait_time"": 20.0, ""prob_auto_to_manual"": 0.8, ""rack_size"": 8, ""random_failure_rate"": 1.388888888888889e-05, ""recovery_time"": 60.0, ""relative_accuracy"": 0.05, ""seed"": 42, ""spare_pool_size"": 200, ""systematic_failure_fraction"": 0.08, ""systematic_failure_rate_multiplier"": 15.0, ""warm_standbys"": 16, ""weibull_shape"": 1.0, ""working_pool_size"": 4600}"
da28d045aeb687e2f7991924bb1c67e7501cd076,2d_heatmap_sweep.py,FewestFailuresFirst+NeverRemove,FewestFailuresFirst(),NeverRemove(),48,6,2193.2500000000064,0.15319730992818836,1857,1146,711,1857,1482,323,1534,139,608,1110,0,0,0,5,0,0,365,276.43715846994536,220,182.11748633879782,366,1.6,"{""adaptive_replications"": false, ""auto_repair_fail_prob"": 0.6, ""auto_repair_time"": 120.0, ""bad_server_regen_interval"": 43200, ""bad_server_regeneration"": false, ""confidence_level"": 0.95, ""diagnosis_probability"": 1.0, ""diagnosis_uncertainty"": 0.0, ""enable_topology"": false, ""failure_distribution"": ""exponential"", ""host_selection_time"": 3.0, ""job_length"": 20160, ""job_size"": 4096, ""lognormal_sigma"": 1.0, ""manual_repair_fail_prob"": 0.9, ""manual_repair_time"": 2880.0, ""max_replications"": 1000, ""num_replications"": 30, ""preemption_wait_time"": 20.0, ""prob_auto_to_manual"": 0.8, ""rack_size"": 8, ""random_failure_rate"": 1.388888888888889e-05, ""recovery_time"": 60.0, ""relative_accuracy"": 0.05, ""seed"": 42, ""spare_pool_size"": 200, ""systematic_failure_fraction"": 0.08, ""systematic_failure_rate_multiplier"": 15.0, ""warm_standbys"": 16, ""weibull_shape"": 1.0, ""working_pool_size"": 4600}"
da28d045aeb687e2f7991924bb1c67e7501cd076,2d_heatmap_sweep.py,FewestFailuresFirst+NeverRemove,FewestFailuresFirst(),NeverRemove(),49,7,2212.3,0.15187813587668966,1876,1205,671,1876,1513,305,1571,112,607,1157,0,0,0,6,0,0,369,289.8238482384824,250,168.3360433604336,369,1.64,"{""adaptive_replications"": false, ""auto_repair_fail_prob"": 0.6, ""auto_repair_time"": 120.0, ""bad_server_regen_interval"": 43200, ""bad_server_regeneration"": false, ""confidence_level"": 0.95, ""diagnosis_probability"": 1.0, ""diagnosis_uncertainty"": 0.0, ""enable_topology"": false, ""failure_distribution"": ""exponential"", ""host_selection_time"": 3.0, ""job_length"": 20160, ""job_size"": 4096, ""lognormal_sigma"": 1.0, ""manual_repair_fail_prob"": 0.9, ""manual_repair_time"": 2880.0, ""max_replications"": 1000, ""num_replications"": 30, ""preemption_wait_time"": 20.0, ""prob_auto_to_manual"": 0.8, ""rack_size"": 8, ""random_failure_rate"": 1.388888888888889e-05, ""recovery_time"": 60.0, ""relative_accuracy"": 0.05, ""seed"": 42, ""spare_pool_size"": 200, ""systematic_failure_fraction"": 0.08, ""systematic_failure_rate_multiplier"": 15.0, ""warm_standbys"": 16, ""weibull_shape"": 1.0, ""working_pool_size"": 4600}"
da28d045aeb687e2f7991924bb1c67e7501cd076,2d_heatmap_sweep.py,FewestFailuresFirst+NeverRemove,FewestFailuresFirst(),NeverRemove(),50,8,2090.249999999997,0.1607463222102618,1754,1148,606,1754,1401,252,1502,88,563,1103,0,0,0,5,0,0,369,301.2177650429799,275,164.10888252148996,349,1.5,"{""adaptive_replications"": false, ""auto_repair_fail_prob"": 0.6, ""auto_repair_time"": 120.0, ""bad_server_regen_interval"": 43200, ""bad_server_regeneration"": false, ""confidence_level"": 0.95, ""diagnosis_probability"": 1.0, ""diagnosis_uncertainty"": 0.0, ""enable_topology"": false, ""failure_distribution"": ""exponential"", ""host_selection_time"": 3.0, ""job_length"": 20160, ""job_size"": 4096, ""lognormal_sigma"": 1.0, ""manual_repair_fail_prob"": 0.9, ""manual_repair_time"": 2880.0, ""max_replications"": 1000, ""num_replications"": 30, ""preemption_wait_time"": 20.0, ""prob_auto_to_manual"": 0.8, ""rack_size"": 8, ""random_failure_rate"": 1.388888888888889e-05, ""recovery_time"": 60.0, ""relative_accuracy"": 0.05, ""seed"": 42, ""spare_pool_size"": 200, ""systematic_failure_fraction"": 0.08, ""systematic_failure_rate_multiplier"": 15.0, ""warm_standbys"": 16, ""weibull_shape"": 1.0, ""working_pool_size"": 4600}"
da28d045aeb687e2f7991924bb1c67e7501cd076,2d_heatmap_sweep.py,FewestFailuresFirst+NeverRemove,FewestFailuresFirst(),NeverRemove(),51,9,2063.3999999999996,0.16283803431230023,1727,1136,591,1727,1383,279,1448,103,531,1093,0,0,0,8,0,0,367,298.4825581395349,258,154.74127906976744,344,1.49,"{""adaptive_replications"": false, ""auto_repair_fail_prob"": 0.6, ""auto_repair_time"": 120.0, ""bad_server_regen_interval"": 43200, ""bad_server_regeneration"": false, ""confidence_level"": 0.95, ""diagnosis_probability"": 1.0, ""diagnosis_uncertainty"": 0.0, ""enable_topology"": false, ""failure_distribution"": ""exponential"", ""host_selection_time"": 3.0, ""job_length"": 20160, ""job_size"": 4096, ""lognormal_sigma"": 1.0, ""manual_repair_fail_prob"": 0.9, ""manual_repair_time"": 2880.0, ""max_replications"": 1000, ""num_replications"": 30, ""preemption_wait_time"": 20.0, ""prob_auto_to_manual"": 0.8, ""rack_size"": 8, ""random_failure_rate"": 1.388888888888889e-05, ""recovery_time"": 60.0, ""relative_accuracy"": 0.05, ""seed"": 42, ""spare_pool_size"": 200, ""systematic_failure_fraction"": 0.08, ""systematic_failure_rate_multiplier"": 15.0, ""warm_standbys"": 16, ""weibull_shape"": 1.0, ""working_pool_size"": 4600}"
da28d045aeb687e2f7991924bb1c67e7501cd076,2d_heatmap_sweep.py,Random+NeverRemove,DefaultHostSelection(),NeverRemove(),42,0,1934.2499999999993,0.17371074059713076,1598,1155,443,1598,1266,1154,444,354,111,1133,0,0,0,5,0,0,369,117.95356037151703,15,99.46749226006192,323,1.24,"{""adaptive_replications"": false, ""auto_repair_fail_prob"": 0.6, ""auto_repair_time"": 120.0, ""bad_server_regen_interval"": 43200, ""bad_server_regeneration"": false, ""confidence_level"": 0.95, ""diagnosis_probability"": 1.0, ""diagnosis_uncertainty"": 0.0, ""enable_topology"": false, ""failure_distribution"": ""exponential"", ""host_selection_time"": 3.0, ""job_length"": 20160, ""job_size"": 4096, ""lognormal_sigma"": 1.0, ""manual_repair_fail_prob"": 0.2, ""manual_repair_time"": 2880.0, ""max_replications"": 1000, ""num_replications"": 30, ""preemption_wait_time"": 20.0, ""prob_auto_to_manual"": 0.8, ""rack_size"": 8, ""random_failure_rate"": 1.388888888888889e-05, ""recovery_time"": 60.0, ""relative_accuracy"": 0.05, ""seed"": 42, ""spare_pool_size"": 200, ""systematic_failure_fraction"": 0.08, ""systematic_failure_rate_multiplier"": 20.0, ""warm_standbys"": 16, ""weibull_shape"": 1.0, ""working_pool_size"": 4600}"
da28d045aeb687e2f7991924bb1c67e7501cd076,2d_heatmap_sweep.py,Random+NeverRemove,DefaultHostSelection(),NeverRemove(),43,1,1887.2,0.1780415430267067,1551,1101,450,1551,1225,1110,441,347,127,1077,0,0,0,4,0,0,370,124.54603174603174,21,95.39365079365079,315,1.28,"{""adaptive_replications"": false, ""auto_repair_fail_prob"": 0.6, ""auto_repair_time"": 120.0, ""bad_server_regen_interval"": 43200, ""bad_server_regeneration"": false, ""confidence_level"": 0.95, ""diagnosis_probability"": 1.0, ""diagnosis_uncertainty"": 0.0, ""enable_topology"": false, ""failure_distribution"": ""exponential"", ""host_selection_time"": 3.0, ""job_length"": 20160, ""job_size"": 4096, ""lognormal_sigma"": 1.0, ""manual_repair_fail_prob"": 0.2, ""manual_repair_time"": 2880.0, ""max_replications"": 1000, ""num_replications"": 30, ""preemption_wait_time"": 20.0, ""prob_auto_to_manual"": 0.8, ""rack_size"": 8, ""random_failure_rate"": 1.388888888888889e-05, ""recovery_time"": 60.0, ""relative_accuracy"": 0.05, ""seed"": 42, ""spare_pool_size"": 200, ""systematic_failure_fraction"": 0.08, ""systematic_failure_rate_multiplier"": 20.0, ""warm_standbys"": 16, ""weibull_shape"": 1.0, ""working_pool_size"": 4600}"
da28d045aeb687e2f7991924bb1c67e7501cd076,2d_heatmap_sweep.py,Random+NeverRemove,DefaultHostSelection(),NeverRemove(),44,2,1901.3000000000015,0.17672119076421428,1565,1115,450,1565,1261,1119,446,351,125,1089,0,0,0,6,0,0,366,121.02839116719242,13,98.58675078864353,317,1.3,"{""adaptive_replications"": false, ""auto_repair_fail_prob"": 0.6, ""auto_repair_time"": 120.0, ""bad_server_regen_interval"": 43200, ""bad_server_regeneration"": false, ""confidence_level"": 0.95, ""diagnosis_probability"": 1.0, ""diagnosis_uncertainty"": 0.0, ""enable_topology"": false, ""failure_distribution"": ""exponential"", ""host_selection_time"": 3.0, ""job_length"": 20160, ""job_size"": 4096, ""lognormal_sigma"": 1.0, ""manual_repair_fail_prob"": 0.2, ""manual_repair_time"": 2880.0, ""max_replications"": 1000, ""num_replications"": 30, ""preemption_wait_time"": 20.0, ""prob_auto_to_manual"": 0.8, ""rack_size"": 8, ""random_failure_rate"": 1.388888888888889e-05, ""recovery_time"": 60.0, ""relative_accuracy"": 0.05, ""seed"": 42, ""spare_pool_size"": 200, ""systematic_failure_fraction"": 0.08, ""systematic_failure_rate_multiplier"": 20.0, ""warm_standbys"": 16, ""weibull_shape"": 1.0, ""working_pool_size"": 4600}"
da28d045aeb687e2f7991924bb1c67e7501cd076,2d_heatmap_sweep.py,Random+NeverRemove,DefaultHostSelection(),NeverRemove(),45,3,1920.3500000000008,0.17496810477256675,1584,1127,457,1584,1269,1147,437,347,134,1103,0,0,0,7,0,0,365,120.58566978193146,17,100.56697819314641,321,1.33,"{""adaptive_replications"": false, ""auto_repair_fail_prob"": 0.6, ""auto_repair_time"": 120.0, ""bad_server_regen_interval"": 43200, ""bad_server_regeneration"": false, ""confidence_level"": 0.95, ""diagnosis_probability"": 1.0, ""diagnosis_uncertainty"": 0.0, ""enable_topology"": false, ""failure_distribution"": ""exponential"", ""host_selection_time"": 3.0, ""job_length"": 20160, ""job_size"": 4096, ""lognormal_sigma"": 1.0, ""manual_repair_fail_prob"": 0.2, ""manual_repair_time"": 2880.0, ""max_replications"": 1000, ""num_replications"": 30, ""preemption_wait_time"": 20.0, ""prob_auto_to_manual"": 0.8, ""rack_size"": 8, ""random_failure_rate"": 1.388888888888889e-05, ""recovery_time"": 60.0, ""relative_accuracy"": 0.05, ""seed"": 42, ""spare_pool_size"": 200, ""systematic_failure_fraction"": 0.08, ""systematic_failure_rate_multiplier"": 20.0, ""warm_standbys"": 16, ""weibull_shape"": 1.0, ""working_pool_size"": 4600}"
da28d045aeb687e2f7991924bb1c67e7501cd076,2d_heatmap_sweep.py,Random+NeverRemove,DefaultHostSelection(),NeverRemove(),46,4,1933.2500000000005,0.1738005948532262,1597,1136,461,1597,1262,1144,453,354,129,1114,0,0,0,5,0,0,367,129.5232198142415,12,103.06811145510837,323,1.34,"{""adaptive_replications"": false, ""auto_repair_fail_prob"": 0.6, ""auto_repair_time"": 120.0, ""bad_server_regen_interval"": 43200, ""bad_server_regeneration"": false, ""confidence_level"": 0.95, ""diagnosis_probability"": 1.0, ""diagnosis_uncertainty"": 0.0, ""enable_topology"": false, ""failure_distribution"": ""exponential"", ""host_selection_time"": 3.0, ""job_length"": 20160, ""job_size"": 4096, ""lognormal_sigma"": 1.0, ""manual_repair_fail_prob"": 0.2, ""manual_repair_time"": 2880.0, ""max_replications"": 1000, ""num_replications"": 30, ""preemption_wait_time"": 20.0, ""prob_auto_to_manual"": 0.8, ""rack_size"": 8, ""random_failure_rate"": 1.388888888888889e-05, ""recovery_time"": 60.0, ""relative_accuracy"": 0.05, ""seed"": 42, ""spare_pool_size"": 200, ""systematic_failure_fraction"": 0.08, ""systematic_failure_rate_multiplier"": 20.0, ""warm_standbys"": 16, ""weibull_shape"": 1.0, ""working_pool_size"": 4600}"
da28d045aeb687e2f7991924bb1c67e7501cd076,2d_heatmap_sweep.py,Random+NeverRemove,DefaultHostSelection(),NeverRemove(),47,5,1937.2499999999977,0.17344173441734437,1601,1162,439,1601,1302,1172,429,349,110,1142,0,0,0,5,0,0,364,121.49226006191951,15,96.18885448916409,323,1.33,"{""adaptive_replications"": false, ""auto_repair_fail_prob"": 0.6, ""auto_repair_time"": 120.0, ""bad_server_regen_interval"": 43200, ""bad_server_regeneration"": false, ""confidence_level"": 0.95, ""diagnosis_probability"": 1.0, ""diagnosis_uncertainty"": 0.0, ""enable_topology"": false, ""failure_distribution"": ""exponential"", ""host_selection_time"": 3.0, ""job_length"": 20160, ""job_size"": 4096, ""lognormal_sigma"": 1.0, ""manual_repair_fail_prob"": 0.2, ""manual_repair_time"": 2880.0, ""max_replications"": 1000, ""num_replications"": 30, ""preemption_wait_time"": 20.0, ""prob_auto_to_manual"": 0.8, ""rack_size"": 8, ""random_failure_rate"": 1.388888888888889e-05, ""recovery_time"": 60.0, ""relative_accuracy"": 0.05, ""seed"": 42, ""spare_pool_size"": 200, ""systematic_failure_fraction"": 0.08, ""systematic_failure_rate_multiplier"": 20.0, ""warm_standbys"": 16, ""weibull_shape"": 1.0, ""working_pool_size"": 4600}"
da28d045aeb687e2f7991924bb1c67e7501cd076,2d_heatmap_sweep.py,Random+NeverRemove,DefaultHostSelection(),NeverRemove(),48,6,1955.3499999999985,0.1718362441506637,1619,1152,467,1619,1330,1167,452,354,136,1129,0,0,0,7,0,0,365,128.75460122699386,11,110.14110429447852,326,1.34,"{""adaptive_replications"": false, ""auto_repair_fail_prob"": 0.6, ""auto_repair_time"": 120.0, ""bad_server_regen_interval"": 43200, ""bad_server_regeneration"": false, ""confidence_level"": 0.95, ""diagnosis_probability"": 1.0, ""diagnosis_uncertainty"": 0.0, ""enable_topology"": false, ""failure_distribution"": ""exponential"", ""host_selection_time"": 3.0, ""job_length"": 20160, ""job_size"": 4096, ""lognormal_sigma"": 1.0, ""manual_repair_fail_prob"": 0.2, ""manual_repair_time"": 2880.0, ""max_replications"": 1000, ""num_replications"": 30, ""preemption_wait_time"": 20.0, ""prob_auto_to_manual"": 0.8, ""rack_size"": 8, ""random_failure_rate"": 1.388888888888889e-05, ""recovery_time"": 60.0, ""relative_accuracy"": 0.05, ""seed"": 42, ""spare_pool_size"": 200, ""systematic_failure_fraction"": 0.08, ""systematic_failure_rate_multiplier"": 20.0, ""warm_standbys"": 16, ""weibull_shape"": 1.0, ""working_pool_size"": 4600}"
da28d045aeb687e2f7991924bb1c67e7501cd076,2d_heatmap_sweep.py,Random+NeverRemove,DefaultHostSelection(),NeverRemove(),49,7,2006.300000000004,0.16747246174550146,1670,1195,475,1670,1362,1209,461,354,147,1169,0,0,0,6,0,0,369,125.1044776119403,15,105.38507462686567,335,1.41,"{""adaptive_replications"": false, ""auto_repair_fail_prob"": 0.6, ""auto_repair_time"": 120.0, ""bad_server_regen_interval"": 43200, ""bad_server_regeneration"": false, ""confidence_level"": 0.95, ""diagnosis_probability"": 1.0, ""diagnosis_uncertainty"": 0.0, ""enable_topology"": false, ""failure_distribution"": ""exponential"", ""host_selection_time"": 3.0, ""job_length"": 20160, ""job_size"": 4096, ""lognormal_sigma"": 1.0, ""manual_repair_fail_prob"": 0.2, ""manual_repair_time"": 2880.0, ""max_replications"": 1000, ""num_replications"": 30, ""preemption_wait_time"": 20.0, ""prob_auto_to_manual"": 0.8, ""rack_size"": 8, ""random_failure_rate"": 1.388888888888889e-05, ""recovery_time"": 60.0, ""relative_accuracy"": 0.05, ""seed"": 42, ""spare_pool_size"": 200, ""systematic_failure_fraction"": 0.08, ""systematic_failure_rate_multiplier"": 20.0, ""warm_standbys"": 16, ""weibull_shape"": 1.0, ""working_pool_size"": 4600}"
da28d045aeb687e2f7991924bb1c67e7501cd076,2d_heatmap_sweep.py,Random+NeverRemove,DefaultHostSelection(),NeverRemove(),50,8,1912.2999999999972,0.175704648852168,1576,1119,457,1576,1263,1123,453,346,139,1091,0,0,0,6,0,0,369,125.90282131661442,23,102.3103448275862,319,1.38,"{""adaptive_replications"": false, ""auto_repair_fail_prob"": 0.6, ""auto_repair_time"": 120.0, ""bad_server_regen_interval"": 43200, ""bad_server_regeneration"": false, ""confidence_level"": 0.95, ""diagnosis_probability"": 1.0, ""diagnosis_uncertainty"": 0.0, ""enable_topology"": false, ""failure_distribution"": ""exponential"", ""host_selection_time"": 3.0, ""job_length"": 20160, ""job_size"": 4096, ""lognormal_sigma"": 1.0, ""manual_repair_fail_prob"": 0.2, ""manual_repair_time"": 2880.0, ""max_replications"": 1000, ""num_replications"": 30, ""preemption_wait_time"": 20.0, ""prob_auto_to_manual"": 0.8, ""rack_size"": 8, ""random_failure_rate"": 1.388888888888889e-05, ""recovery_time"": 60.0, ""relative_accuracy"": 0.05, ""seed"": 42, ""spare_pool_size"": 200, ""systematic_failure_fraction"": 0.08, ""systematic_failure_rate_multiplier"": 20.0, ""warm_standbys"": 16, ""weibull_shape"": 1.0, ""working_pool_size"": 4600}"
da28d045aeb687e2f7991924bb1c67e7501cd076,2d_heatmap_sweep.py,Random+NeverRemove,DefaultHostSelection(),NeverRemove(),51,9,1986.4000000000008,0.16915022150624204,1650,1171,479,1650,1314,1208,442,355,137,1158,0,0,0,8,0,0,367,118.15060240963855,12,96.94578313253012,332,1.44,"{""adaptive_replications"": false, ""auto_repair_fail_prob"": 0.6, ""auto_repair_time"": 120.0, ""bad_server_regen_interval"": 43200, ""bad_server_regeneration"": false, ""confidence_level"": 0.95, ""diagnosis_probability"": 1.0, ""diagnosis_uncertainty"": 0.0, ""enable_topology"": false, ""failure_distribution"": ""exponential"", ""host_selection_time"": 3.0, ""job_length"": 20160, ""job_size"": 4096, ""lognormal_sigma"": 1.0, ""manual_repair_fail_prob"": 0.2, ""manual_repair_time"": 2880.0, ""max_replications"": 1000, ""num_replications"": 30, ""preemption_wait_time"": 20.0, ""prob_auto_to_manual"": 0.8, ""rack_size"": 8, ""random_failure_rate"": 1.388888888888889e-05, ""recovery_time"": 60.0, ""relative_accuracy"": 0.05, ""seed"": 42, ""spare_pool_size"": 200, ""systematic_failure_fraction"": 0.08, ""systematic_failure_rate_multiplier"": 20.0, ""warm_standbys"": 16, ""weibull_shape"": 1.0, ""working_pool_size"": 4600}"
da28d045aeb687e2f7991924bb1c67e7501cd076,2d_heatmap_sweep.py,Random+ScoredRemoval(SC_fast),DefaultHostSelection(),"ScoredRemoval(initial_score=100.0, failure_penalty=60.0, success_increment=5.0, time_period=1440, retirement_threshold=0.0)",42,0,1930.9500000000016,0.1740076128330611,1594,1166,428,1594,1262,1156,438,332,125,1137,0,242,0,19,0,0,369,109.972049689441,7,98.4751552795031,322,1.69,"{""adaptive_replications"": false, ""auto_repair_fail_prob"": 0.6, ""auto_repair_time"": 120.0, ""bad_server_regen_interval"": 43200, ""bad_server_regeneration"": false, ""confidence_level"": 0.95, ""diagnosis_probability"": 1.0, ""diagnosis_uncertainty"": 0.0, ""enable_topology"": false, ""failure_distribution"": ""exponential"", ""host_selection_time"": 3.0, ""job_length"": 20160, ""job_size"": 4096, ""lognormal_sigma"": 1.0, ""manual_repair_fail_prob"": 0.2, ""manual_repair_time"": 2880.0, ""max_replications"": 1000, ""num_replications"": 30, ""preemption_wait_time"": 20.0, ""prob_auto_to_manual"": 0.8, ""rack_size"": 8, ""random_failure_rate"": 1.388888888888889e-05, ""recovery_time"": 60.0, ""relative_accuracy"": 0.05, ""seed"": 42, ""spare_pool_size"": 200, ""systematic_failure_fraction"": 0.08, ""systematic_failure_rate_multiplier"": 20.0, ""warm_standbys"": 16, ""weibull_shape"": 1.0, ""working_pool_size"": 4600}"
da28d045aeb687e2f7991924bb1c67e7501cd076,2d_heatmap_sweep.py,Random+ScoredRemoval(SC_fast),DefaultHostSelection(),"ScoredRemoval(initial_score=100.0, failure_penalty=60.0, success_increment=5.0, time_period=1440, retirement_threshold=0.0)",43,1,1925.0000000000027,0.17454545454545425,1588,1133,455,1588,1255,1131,457,328,155,1105,0,263,0,20,0,0,370,115.51713395638629,9,103.21495327102804,321,1.98,"{""adaptive_replications"": false, ""auto_repair_fail_prob"": 0.6, ""auto_repair_time"": 120.0, ""bad_server_regen_interval"": 43200, ""bad_server_regeneration"": false, ""confidence_level"": 0.95, ""diagnosis_probability"": 1.0, ""diagnosis_uncertainty"": 0.0, ""enable_topology"": false, ""failure_distribution"": ""exponential"", ""host_selection_time"": 3.0, ""job_length"": 20160, ""job_size"": 4096, ""lognormal_sigma"": 1.0, ""manual_repair_fail_prob"": 0.2, ""manual_repair_time"": 2880.0, ""max_replications"": 1000, ""num_replications"": 30, ""preemption_wait_time"": 20.0, ""prob_auto_to_manual"": 0.8, ""rack_size"": 8, ""random_failure_rate"": 1.388888888888889e-05, ""recovery_time"": 60.0, ""relative_accuracy"": 0.05, ""seed"": 42, ""spare_pool_size"": 200, ""systematic_failure_fraction"": 0.08, ""systematic_failure_rate_multiplier"": 20.0, ""warm_standbys"": 16, ""weibull_shape"": 1.0, ""working_pool_size"": 4600}"
da28d045aeb687e2f7991924bb1c67e7501cd076,2d_heatmap_sweep.py,Random+ScoredRemoval(SC_fast),DefaultHostSelection(),"ScoredRemoval(initial_score=100.0, failure_penalty=60.0, success_increment=5.0, time_period=1440, retirement_threshold=0.0)",44,2,1889.95,0.1777824810180171,1553,1133,420,1553,1248,1120,433,332,119,1102,0,243,0,19,0,0,366,110.58412698412698,6,98.76507936507936,315,1.94,"{""adaptive_replications"": false, ""auto_repair_fail_prob"": 0.6, ""auto_repair_time"": 120.0, ""bad_server_regen_interval"": 43200, ""bad_server_regeneration"": false, ""confidence_level"": 0.95, ""diagnosis_probability"": 1.0, ""diagnosis_uncertainty"": 0.0, ""enable_topology"": false, ""failure_distribution"": ""exponential"", ""host_selection_time"": 3.0, ""job_length"": 20160, ""job_size"": 4096, ""lognormal_sigma"": 1.0, ""manual_repair_fail_prob"": 0.2, ""manual_repair_time"": 2880.0, ""max_replications"": 1000, ""num_replications"": 30, ""preemption_wait_time"": 20.0, ""prob_auto_to_manual"": 0.8, ""rack_size"": 8, ""random_failure_rate"": 1.388888888888889e-05, ""recovery_time"": 60.0, ""relative_accuracy"": 0.05, ""seed"": 42, ""spare_pool_size"": 200, ""systematic_failure_fraction"": 0.08, ""systematic_failure_rate_multiplier"": 20.0, ""warm_standbys"": 16, ""weibull_shape"": 1.0, ""working_pool_size"": 4600}"
da28d045aeb687e2f7991924bb1c67e7501cd076,2d_heatmap_sweep.py,Random+ScoredRemoval(SC_fast),DefaultHostSelection(),"ScoredRemoval(initial_score=100.0, failure_penalty=60.0, success_increment=5.0, time_period=1440, retirement_threshold=0.0)",45,3,1875.0000000000005,0.17919999999999972,1538,1105,433,1538,1227,1088,450,327,134,1077,0,247,0,20,0,0,365,109.83386581469648,3,97.71565495207668,313,1.91,"{""adaptive_replications"": false, ""auto_repair_fail_prob"": 0.6, ""auto_repair_time"": 120.0, ""bad_server_regen_interval"": 43200, ""bad_server_regeneration"": false, ""confidence_level"": 0.95, ""diagnosis_probability"": 1.0, ""diagnosis_uncertainty"": 0.0, ""enable_topology"": false, ""failure_distribution"": ""exponential"", ""host_selection_time"": 3.0, ""job_length"": 20160, ""job_size"": 4096, ""lognormal_sigma"": 1.0, ""manual_repair_fail_prob"": 0.2, ""manual_repair_time"": 2880.0, ""max_replications"": 1000, ""num_replications"": 30, ""preemption_wait_time"": 20.0, ""prob_auto_to_manual"": 0.8, ""rack_size"": 8, ""random_failure_rate"": 1.388888888888889e-05, ""recovery_time"": 60.0, ""relative_accuracy"": 0.05, ""seed"": 42, ""spare_pool_size"": 200, ""systematic_failure_fraction"": 0.08, ""systematic_failure_rate_multiplier"": 20.0, ""warm_standbys"": 16, ""weibull_shape"": 1.0, ""working_pool_size"": 4600}"
da28d045aeb687e2f7991924bb1c67e7501cd076,2d_heatmap_sweep.py,Random+ScoredRemoval(SC_fast),DefaultHostSelection(),"ScoredRemoval(initial_score=100.0, failure_penalty=60.0, success_increment=5.0, time_period=1440, retirement_threshold=0.0)",46,4,1870.9999999999943,0.17958311063602395,1534,1094,440,1534,1216,1097,437,329,129,1076,0,251,0,20,0,0,367,116.21794871794872,7,101.3076923076923,312,1.88,"{""adaptive_replications"": false, ""auto_repair_fail_prob"": 0.6, ""auto_repair_time"": 120.0, ""bad_server_regen_interval"": 43200, ""bad_server_regeneration"": false, ""confidence_level"": 0.95, ""diagnosis_probability"": 1.0, ""diagnosis_uncertainty"": 0.0, ""enable_topology"": false, ""failure_distribution"": ""exponential"", ""host_selection_time"": 3.0, ""job_length"": 20160, ""job_size"": 4096, ""lognormal_sigma"": 1.0, ""manual_repair_fail_prob"": 0.2, ""manual_repair_time"": 2880.0, ""max_replications"": 1000, ""num_replications"": 30, ""preemption_wait_time"": 20.0, ""prob_auto_to_manual"": 0.8, ""rack_size"": 8, ""random_failure_rate"": 1.388888888888889e-05, ""recovery_time"": 60.0, ""relative_accuracy"": 0.05, ""seed"": 42, ""spare_pool_size"": 200, ""systematic_failure_fraction"": 0.08, ""systematic_failure_rate_multiplier"": 20.0, ""warm_standbys"": 16, ""weibull_shape"": 1.0, ""working_pool_size"": 4600}"
da28d045aeb687e2f7991924bb1c67e7501cd076,2d_heatmap_sweep.py,Random+ScoredRemoval(SC_fast),DefaultHostSelection(),"ScoredRemoval(initial_score=100.0, failure_penalty=60.0, success_increment=5.0, time_period=1440, retirement_threshold=0.0)",47,5,1892.9999999999993,0.17749603803486588,1556,1108,448,1556,1244,1141,415,333,130,1093,0,244,0,20,0,0,364,118.3386075949367,6,104.28481012658227,316,1.91,"{""adaptive_replications"": false, ""auto_repair_fail_prob"": 0.6, ""auto_repair_time"": 120.0, ""bad_server_regen_interval"": 43200, ""bad_server_regeneration"": false, ""confidence_level"": 0.95, ""diagnosis_probability"": 1.0, ""diagnosis_uncertainty"": 0.0, ""enable_topology"": false, ""failure_distribution"": ""exponential"", ""host_selection_time"": 3.0, ""job_length"": 20160, ""job_size"": 4096, ""lognormal_sigma"": 1.0, ""manual_repair_fail_prob"": 0.2, ""manual_repair_time"": 2880.0, ""max_replications"": 1000, ""num_replications"": 30, ""preemption_wait_time"": 20.0, ""prob_auto_to_manual"": 0.8, ""rack_size"": 8, ""random_failure_rate"": 1.388888888888889e-05, ""recovery_time"": 60.0, ""relative_accuracy"": 0.05, ""seed"": 42, ""spare_pool_size"": 200, ""systematic_failure_fraction"": 0.08, ""systematic_failure_rate_multiplier"": 20.0, ""warm_standbys"": 16, ""weibull_shape"": 1.0, ""working_pool_size"": 4600}"
da28d045aeb687e2f7991924bb1c67e7501cd076,2d_heatmap_sweep.py,Random+ScoredRemoval(SC_fast),DefaultHostSelection(),"ScoredRemoval(initial_score=100.0, failure_penalty=60.0, success_increment=5.0, time_period=1440, retirement_threshold=0.0)",48,6,1903.9999999999998,0.1764705882352942,1567,1132,435,1567,1251,1113,454,330,132,1105,0,275,0,20,0,0,365,115.05660377358491,7,100.23899371069183,318,1.96,"{""adaptive_replications"": false, ""auto_repair_fail_prob"": 0.6, ""auto_repair_time"": 120.0, ""bad_server_regen_interval"": 43200, ""bad_server_regeneration"": false, ""confidence_level"": 0.95, ""diagnosis_probability"": 1.0, ""diagnosis_uncertainty"": 0.0, ""enable_topology"": false, ""failure_distribution"": ""exponential"", ""host_selection_time"": 3.0, ""job_length"": 20160, ""job_size"": 4096, ""lognormal_sigma"": 1.0, ""manual_repair_fail_prob"": 0.2, ""manual_repair_time"": 2880.0, ""max_replications"": 1000, ""num_replications"": 30, ""preemption_wait_time"": 20.0, ""prob_auto_to_manual"": 0.8, ""rack_size"": 8, ""random_failure_rate"": 1.388888888888889e-05, ""recovery_time"": 60.0, ""relative_accuracy"": 0.05, ""seed"": 42, ""spare_pool_size"": 200, ""systematic_failure_fraction"": 0.08, ""systematic_failure_rate_multiplier"": 20.0, ""warm_standbys"": 16, ""weibull_shape"": 1.0, ""working_pool_size"": 4600}"
da28d045aeb687e2f7991924bb1c67e7501cd076,2d_heatmap_sweep.py,Random+ScoredRemoval(SC_fast),DefaultHostSelection(),"ScoredRemoval(initial_score=100.0, failure_penalty=60.0, success_increment=5.0, time_period=1440, retirement_threshold=0.0)",49,7,1917.9499999999996,0.1751870486717586,1581,1137,444,1581,1244,1117,464,331,133,1117,0,247,0,19,0,0,369,108.375,5,96.446875,320,1.98,"{""adaptive_replications"": false, ""auto_repair_fail_prob"": 0.6, ""auto_repair_time"": 120.0, ""bad_server_regen_interval"": 43200, ""bad_server_regeneration"": false, ""confidence_level"": 0.95, ""diagnosis_probability"": 1.0, ""diagnosis_uncertainty"": 0.0, ""enable_topology"": false, ""failure_distribution"": ""exponential"", ""host_selection_time"": 3.0, ""job_length"": 20160, ""job_size"": 4096, ""lognormal_sigma"": 1.0, ""manual_repair_fail_prob"": 0.2, ""manual_repair_time"": 2880.0, ""max_replications"": 1000, ""num_replications"": 30, ""preemption_wait_time"": 20.0, ""prob_auto_to_manual"": 0.8, ""rack_size"": 8, ""random_failure_rate"": 1.388888888888889e-05, ""recovery_time"": 60.0, ""relative_accuracy"": 0.05, ""seed"": 42, ""spare_pool_size"": 200, ""systematic_failure_fraction"": 0.08, ""systematic_failure_rate_multiplier"": 20.0, ""warm_standbys"": 16, ""weibull_shape"": 1.0, ""working_pool_size"": 4600}"
da28d045aeb687e2f7991924bb1c67e7501cd076,2d_heatmap_sweep.py,Random+ScoredRemoval(SC_fast),DefaultHostSelection(),"ScoredRemoval(initial_score=100.0, failure_penalty=60.0, success_increment=5.0, time_period=1440, retirement_threshold=0.0)",50,8,1905.0499999999965,0.17637332353481594,1568,1123,445,1568,1236,1123,445,341,121,1106,0,265,0,21,0,0,369,111.63207547169812,3,100.66981132075472,318,1.97,"{""adaptive_replications"": false, ""auto_repair_fail_prob"": 0.6, ""auto_repair_time"": 120.0, ""bad_server_regen_interval"": 43200, ""bad_server_regeneration"": false, ""confidence_level"": 0.95, ""diagnosis_probability"": 1.0, ""diagnosis_uncertainty"": 0.0, ""enable_topology"": false, ""failure_distribution"": ""exponential"", ""host_selection_time"": 3.0, ""job_length"": 20160, ""job_size"": 4096, ""lognormal_sigma"": 1.0, ""manual_repair_fail_prob"": 0.2, ""manual_repair_time"": 2880.0, ""max_replications"": 1000, ""num_replications"": 30, ""preemption_wait_time"": 20.0, ""prob_auto_to_manual"": 0.8, ""rack_size"": 8, ""random_failure_rate"": 1.388888888888889e-05, ""recovery_time"": 60.0, ""relative_accuracy"": 0.05, ""seed"": 42, ""spare_pool_size"": 200, ""systematic_failure_fraction"": 0.08, ""systematic_failure_rate_multiplier"": 20.0, ""warm_standbys"": 16, ""weibull_shape"": 1.0, ""working_pool_size"": 4600}"
da28d045aeb687e2f7991924bb1c67e7501cd076,2d_heatmap_sweep.py,Random+ScoredRemoval(SC_fast),DefaultHostSelection(),"ScoredRemoval(initial_score=100.0, failure_penalty=60.0, success_increment=5.0, time_period=1440, retirement_threshold=0.0)",51,9,1919.0,0.1750911933298594,1582,1158,424,1582,1268,1137,445,334,119,1129,0,249,0,20,0,0,367,111.790625,4,97.965625,320,2.03,"{""adaptive_replications"": false, ""auto_repair_fail_prob"": 0.6, ""auto_repair_time"": 120.0, ""bad_server_regen_interval"": 43200, ""bad_server_regeneration"": false, ""confidence_level"": 0.95, ""diagnosis_probability"": 1.0, ""diagnosis_uncertainty"": 0.0, ""enable_topology"": false, ""failure_distribution"": ""exponential"", ""host_selection_time"": 3.0, ""job_length"": 20160, ""job_size"": 4096, ""lognormal_sigma"": 1.0, ""manual_repair_fail_prob"": 0.2, ""manual_repair_time"": 2880.0, ""max_replications"": 1000, ""num_replications"": 30, ""preemption_wait_time"": 20.0, ""prob_auto_to_manual"": 0.8, ""rack_size"": 8, ""random_failure_rate"": 1.388888888888889e-05, ""recovery_time"": 60.0, ""relative_accuracy"": 0.05, ""seed"": 42, ""spare_pool_size"": 200, ""systematic_failure_fraction"": 0.08, ""systematic_failure_rate_multiplier"": 20.0, ""warm_standbys"": 16, ""weibull_shape"": 1.0, ""working_pool_size"": 4600}"
da28d045aeb687e2f7991924bb1c67e7501cd076,2d_heatmap_sweep.py,FewestFailuresFirst+NeverRemove,FewestFailuresFirst(),NeverRemove(),42,0,1952.2999999999993,0.1721046970240229,1616,1161,455,1616,1300,1177,439,336,136,1144,0,0,0,6,0,0,369,134.56441717791412,33,93.45705521472392,326,1.33,"{""adaptive_replications"": false, ""auto_repair_fail_prob"": 0.6, ""auto_repair_time"": 120.0, ""bad_server_regen_interval"": 43200, ""bad_server_regeneration"": false, ""confidence_level"": 0.95, ""diagnosis_probability"": 1.0, ""diagnosis_uncertainty"": 0.0, ""enable_topology"": false, ""failure_distribution"": ""exponential"", ""host_selection_time"": 3.0, ""job_length"": 20160, ""job_size"": 4096, ""lognormal_sigma"": 1.0, ""manual_repair_fail_prob"": 0.2, ""manual_repair_time"": 2880.0, ""max_replications"": 1000, ""num_replications"": 30, ""preemption_wait_time"": 20.0, ""prob_auto_to_manual"": 0.8, ""rack_size"": 8, ""random_failure_rate"": 1.388888888888889e-05, ""recovery_time"": 60.0, ""relative_accuracy"": 0.05, ""seed"": 42, ""spare_pool_size"": 200, ""systematic_failure_fraction"": 0.08, ""systematic_failure_rate_multiplier"": 20.0, ""warm_standbys"": 16, ""weibull_shape"": 1.0, ""working_pool_size"": 4600}"
da28d045aeb687e2f7991924bb1c67e7501cd076,2d_heatmap_sweep.py,FewestFailuresFirst+NeverRemove,FewestFailuresFirst(),NeverRemove(),43,1,1902.1999999999985,0.17663757754179402,1566,1117,449,1566,1234,1106,460,331,139,1096,0,0,0,4,0,0,370,139.3490566037736,39,97.61320754716981,318,1.34,"{""adaptive_replications"": false, ""auto_repair_fail_prob"": 0.6, ""auto_repair_time"": 120.0, ""bad_server_regen_interval"": 43200, ""bad_server_regeneration"": false, ""confidence_level"": 0.95, ""diagnosis_probability"": 1.0, ""diagnosis_uncertainty"": 0.0, ""enable_topology"": false, ""failure_distribution"": ""exponential"", ""host_selection_time"": 3.0, ""job_length"": 20160, ""job_size"": 4096, ""lognormal_sigma"": 1.0, ""manual_repair_fail_prob"": 0.2, ""manual_repair_time"": 2880.0, ""max_replications"": 1000, ""num_replications"": 30, ""preemption_wait_time"": 20.0, ""prob_auto_to_manual"": 0.8, ""rack_size"": 8, ""random_failure_rate"": 1.388888888888889e-05, ""recovery_time"": 60.0, ""relative_accuracy"": 0.05, ""seed"": 42, ""spare_pool_size"": 200, ""systematic_failure_fraction"": 0.08, ""systematic_failure_rate_multiplier"": 20.0, ""warm_standbys"": 16, ""weibull_shape"": 1.0, ""working_pool_size"": 4600}"
da28d045aeb687e2f7991924bb1c67e7501cd076,2d_heatmap_sweep.py,FewestFailuresFirst+NeverRemove,FewestFailuresFirst(),NeverRemove(),44,2,1913.350000000001,0.17560822640917736,1577,1149,428,1577,1237,1126,451,321,135,1121,0,0,0,7,0,0,366,138.57993730407523,45,97.8307210031348,319,1.34,"{""adaptive_replications"": false, ""auto_repair_fail_prob"": 0.6, ""auto_repair_time"": 120.0, ""bad_server_regen_interval"": 43200, ""bad_server_regeneration"": false, ""confidence_level"": 0.95, ""diagnosis_probability"": 1.0, ""diagnosis_uncertainty"": 0.0, ""enable_topology"": false, ""failure_distribution"": ""exponential"", ""host_selection_time"": 3.0, ""job_length"": 20160, ""job_size"": 4096, ""lognormal_sigma"": 1.0, ""manual_repair_fail_prob"": 0.2, ""manual_repair_time"": 2880.0, ""max_replications"": 1000, ""num_replications"": 30, ""preemption_wait_time"": 20.0, ""prob_auto_to_manual"": 0.8, ""rack_size"": 8, ""random_failure_rate"": 1.388888888888889e-05, ""recovery_time"": 60.0, ""relative_accuracy"": 0.05, ""seed"": 42, ""spare_pool_size"": 200, ""systematic_failure_fraction"": 0.08, ""systematic_failure_rate_multiplier"": 20.0, ""warm_standbys"": 16, ""weibull_shape"": 1.0, ""working_pool_size"": 4600}"
da28d045aeb687e2f7991924bb1c67e7501cd076,2d_heatmap_sweep.py,FewestFailuresFirst+NeverRemove,FewestFailuresFirst(),NeverRemove(),45,3,1876.2999999999993,0.1790758407504133,1540,1127,413,1540,1248,1108,432,321,122,1097,0,0,0,6,0,0,365,136.73801916932908,44,89.46964856230032,313,1.28,"{""adaptive_replications"": false, ""auto_repair_fail_prob"": 0.6, ""auto_repair_time"": 120.0, ""bad_server_regen_interval"": 43200, ""bad_server_regeneration"": false, ""confidence_level"": 0.95, ""diagnosis_probability"": 1.0, ""diagnosis_uncertainty"": 0.0, ""enable_topology"": false, ""failure_distribution"": ""exponential"", ""host_selection_time"": 3.0, ""job_length"": 20160, ""job_size"": 4096, ""lognormal_sigma"": 1.0, ""manual_repair_fail_prob"": 0.2, ""manual_repair_time"": 2880.0, ""max_replications"": 1000, ""num_replications"": 30, ""preemption_wait_time"": 20.0, ""prob_auto_to_manual"": 0.8, ""rack_size"": 8, ""random_failure_rate"": 1.388888888888889e-05, ""recovery_time"": 60.0, ""relative_accuracy"": 0.05, ""seed"": 42, ""spare_pool_size"": 200, ""systematic_failure_fraction"": 0.08, ""systematic_failure_rate_multiplier"": 20.0, ""warm_standbys"": 16, ""weibull_shape"": 1.0, ""working_pool_size"": 4600}"
da28d045aeb687e2f7991924bb1c67e7501cd076,2d_heatmap_sweep.py,FewestFailuresFirst+NeverRemove,FewestFailuresFirst(),NeverRemove(),46,4,1886.3000000000045,0.17812649101415468,1550,1124,426,1550,1248,1095,455,325,127,1098,0,0,0,6,0,0,367,142.5015873015873,41,97.12380952380953,315,1.3,"{""adaptive_replications"": false, ""auto_repair_fail_prob"": 0.6, ""auto_repair_time"": 120.0, ""bad_server_regen_interval"": 43200, ""bad_server_regeneration"": false, ""confidence_level"": 0.95, ""diagnosis_probability"": 1.0, ""diagnosis_uncertainty"": 0.0, ""enable_topology"": false, ""failure_distribution"": ""exponential"", ""host_selection_time"": 3.0, ""job_length"": 20160, ""job_size"": 4096, ""lognormal_sigma"": 1.0, ""manual_repair_fail_prob"": 0.2, ""manual_repair_time"": 2880.0, ""max_replications"": 1000, ""num_replications"": 30, ""preemption_wait_time"": 20.0, ""prob_auto_to_manual"": 0.8, ""rack_size"": 8, ""random_failure_rate"": 1.388888888888889e-05, ""recovery_time"": 60.0, ""relative_accuracy"": 0.05, ""seed"": 42, ""spare_pool_size"": 200, ""systematic_failure_fraction"": 0.08, ""systematic_failure_rate_multiplier"": 20.0, ""warm_standbys"": 16, ""weibull_shape"": 1.0, ""working_pool_size"": 4600}"
da28d045aeb687e2f7991924bb1c67e7501cd076,2d_heatmap_sweep.py,FewestFailuresFirst+NeverRemove,FewestFailuresFirst(),NeverRemove(),47,5,1981.3500000000006,0.16958134605193492,1645,1218,427,1645,1308,1175,470,327,128,1190,0,0,0,7,0,0,364,140.85800604229607,37,95.56797583081571,331,1.43,"{""adaptive_replications"": false, ""auto_repair_fail_prob"": 0.6, ""auto_repair_time"": 120.0, ""bad_server_regen_interval"": 43200, ""bad_server_regeneration"": false, ""confidence_level"": 0.95, ""diagnosis_probability"": 1.0, ""diagnosis_uncertainty"": 0.0, ""enable_topology"": false, ""failure_distribution"": ""exponential"", ""host_selection_time"": 3.0, ""job_length"": 20160, ""job_size"": 4096, ""lognormal_sigma"": 1.0, ""manual_repair_fail_prob"": 0.2, ""manual_repair_time"": 2880.0, ""max_replications"": 1000, ""num_replications"": 30, ""preemption_wait_time"": 20.0, ""prob_auto_to_manual"": 0.8, ""rack_size"": 8, ""random_failure_rate"": 1.388888888888889e-05, ""recovery_time"": 60.0, ""relative_accuracy"": 0.05, ""seed"": 42, ""spare_pool_size"": 200, ""systematic_failure_fraction"": 0.08, ""systematic_failure_rate_multiplier"": 20.0, ""warm_standbys"": 16, ""weibull_shape"": 1.0, ""working_pool_size"": 4600}"
da28d045aeb687e2f7991924bb1c67e7501cd076,2d_heatmap_sweep.py,FewestFailuresFirst+NeverRemove,FewestFailuresFirst(),NeverRemove(),48,6,1954.35,0.17192416916110248,1618,1182,436,1618,1287,1164,454,340,125,1153,0,0,0,7,0,0,365,123.93558282208589,22,89.49693251533742,326,1.38,"{""adaptive_replications"": false, ""auto_repair_fail_prob"": 0.6, ""auto_repair_time"": 120.0, ""bad_server_regen_interval"": 43200, ""bad_server_regeneration"": false, ""confidence_level"": 0.95, ""diagnosis_probability"": 1.0, ""diagnosis_uncertainty"": 0.0, ""enable_topology"": false, ""failure_distribution"": ""exponential"", ""host_selection_time"": 3.0, ""job_length"": 20160, ""job_size"": 4096, ""lognormal_sigma"": 1.0, ""manual_repair_fail_prob"": 0.2, ""manual_repair_time"": 2880.0, ""max_replications"": 1000, ""num_replications"": 30, ""preemption_wait_time"": 20.0, ""prob_auto_to_manual"": 0.8, ""rack_size"": 8, ""random_failure_rate"": 1.388888888888889e-05, ""recovery_time"": 60.0, ""relative_accuracy"": 0.05, ""seed"": 42, ""spare_pool_size"": 200, ""systematic_failure_fraction"": 0.08, ""systematic_failure_rate_multiplier"": 20.0, ""warm_standbys"": 16, ""weibull_shape"": 1.0, ""working_pool_size"": 4600}"
da28d045aeb687e2f7991924bb1c67e7501cd076,2d_heatmap_sweep.py,FewestFailuresFirst+NeverRemove,FewestFailuresFirst(),NeverRemove(),49,7,1936.350000000002,0.17352234874893507,1600,1144,456,1600,1273,1158,442,339,130,1131,0,0,0,7,0,0,369,134.74303405572755,30,97.80185758513932,323,1.4,"{""adaptive_replications"": false, ""auto_repair_fail_prob"": 0.6, ""auto_repair_time"": 120.0, ""bad_server_regen_interval"": 43200, ""bad_server_regeneration"": false, ""confidence_level"": 0.95, ""diagnosis_probability"": 1.0, ""diagnosis_uncertainty"": 0.0, ""enable_topology"": false, ""failure_distribution"": ""exponential"", ""host_selection_time"": 3.0, ""job_length"": 20160, ""job_size"": 4096, ""lognormal_sigma"": 1.0, ""manual_repair_fail_prob"": 0.2, ""manual_repair_time"": 2880.0, ""max_replications"": 1000, ""num_replications"": 30, ""preemption_wait_time"": 20.0, ""prob_auto_to_manual"": 0.8, ""rack_size"": 8, ""random_failure_rate"": 1.388888888888889e-05, ""recovery_time"": 60.0, ""relative_accuracy"": 0.05, ""seed"": 42, ""spare_pool_size"": 200, ""systematic_failure_fraction"": 0.08, ""systematic_failure_rate_multiplier"": 20.0, ""warm_standbys"": 16, ""weibull_shape"": 1.0, ""working_pool_size"": 4600}"
da28d045aeb687e2f7991924bb1c67e7501cd076,2d_heatmap_sweep.py,FewestFailuresFirst+NeverRemove,FewestFailuresFirst(),NeverRemove(),50,8,1901.35,0.17671654350855973,1565,1144,421,1565,1245,1096,469,321,131,1113,0,0,0,7,0,0,369,140.89905362776025,48,92.66561514195584,317,1.31,"{""adaptive_replications"": false, ""auto_repair_fail_prob"": 0.6, ""auto_repair_time"": 120.0, ""bad_server_regen_interval"": 43200, ""bad_server_regeneration"": false, ""confidence_level"": 0.95, ""diagnosis_probability"": 1.0, ""diagnosis_uncertainty"": 0.0, ""enable_topology"": false, ""failure_distribution"": ""exponential"", ""host_selection_time"": 3.0, ""job_length"": 20160, ""job_size"": 4096, ""lognormal_sigma"": 1.0, ""manual_repair_fail_prob"": 0.2, ""manual_repair_time"": 2880.0, ""max_replications"": 1000, ""num_replications"": 30, ""preemption_wait_time"": 20.0, ""prob_auto_to_manual"": 0.8, ""rack_size"": 8, ""random_failure_rate"": 1.388888888888889e-05, ""recovery_time"": 60.0, ""relative_accuracy"": 0.05, ""seed"": 42, ""spare_pool_size"": 200, ""systematic_failure_fraction"": 0.08, ""systematic_failure_rate_multiplier"": 20.0, ""warm_standbys"": 16, ""weibull_shape"": 1.0, ""working_pool_size"": 4600}"
da28d045aeb687e2f7991924bb1c67e7501cd076,2d_heatmap_sweep.py,FewestFailuresFirst+NeverRemove,FewestFailuresFirst(),NeverRemove(),51,9,1977.3499999999988,0.16992439375932486,1641,1180,461,1641,1318,1197,444,336,142,1163,0,0,0,7,0,0,367,136.11818181818182,31,96.5939393939394,330,1.36,"{""adaptive_replications"": false, ""auto_repair_fail_prob"": 0.6, ""auto_repair_time"": 120.0, ""bad_server_regen_interval"": 43200, ""bad_server_regeneration"": false, ""confidence_level"": 0.95, ""diagnosis_probability"": 1.0, ""diagnosis_uncertainty"": 0.0, ""enable_topology"": false, ""failure_distribution"": ""exponential"", ""host_selection_time"": 3.0, ""job_length"": 20160, ""job_size"": 4096, ""lognormal_sigma"": 1.0, ""manual_repair_fail_prob"": 0.2, ""manual_repair_time"": 2880.0, ""max_replications"": 1000, ""num_replications"": 30, ""preemption_wait_time"": 20.0, ""prob_auto_to_manual"": 0.8, ""rack_size"": 8, ""random_failure_rate"": 1.388888888888889e-05, ""recovery_time"": 60.0, ""relative_accuracy"": 0.05, ""seed"": 42, ""spare_pool_size"": 200, ""systematic_failure_fraction"": 0.08, ""systematic_failure_rate_multiplier"": 20.0, ""warm_standbys"": 16, ""weibull_shape"": 1.0, ""working_pool_size"": 4600}"
da28d045aeb687e2f7991924bb1c67e7501cd076,2d_heatmap_sweep.py,Random+NeverRemove,DefaultHostSelection(),NeverRemove(),42,0,2150.299999999999,0.1562572664279403,1814,1195,619,1814,1479,1015,799,339,311,1164,0,0,0,6,0,0,369,153.07799442896936,30,131.28690807799444,359,1.4,"{""adaptive_replications"": false, ""auto_repair_fail_prob"": 0.6, ""auto_repair_time"": 120.0, ""bad_server_regen_interval"": 43200, ""bad_server_regeneration"": false, ""confidence_level"": 0.95, ""diagnosis_probability"": 1.0, ""diagnosis_uncertainty"": 0.0, ""enable_topology"": false, ""failure_distribution"": ""exponential"", ""host_selection_time"": 3.0, ""job_length"": 20160, ""job_size"": 4096, ""lognormal_sigma"": 1.0, ""manual_repair_fail_prob"": 0.4, ""manual_repair_time"": 2880.0, ""max_replications"": 1000, ""num_replications"": 30, ""preemption_wait_time"": 20.0, ""prob_auto_to_manual"": 0.8, ""rack_size"": 8, ""random_failure_rate"": 1.388888888888889e-05, ""recovery_time"": 60.0, ""relative_accuracy"": 0.05, ""seed"": 42, ""spare_pool_size"": 200, ""systematic_failure_fraction"": 0.08, ""systematic_failure_rate_multiplier"": 20.0, ""warm_standbys"": 16, ""weibull_shape"": 1.0, ""working_pool_size"": 4600}"
da28d045aeb687e2f7991924bb1c67e7501cd076,2d_heatmap_sweep.py,Random+NeverRemove,DefaultHostSelection(),NeverRemove(),43,1,2012.299999999998,0.16697311534065515,1676,1096,580,1676,1335,959,717,342,257,1077,0,0,0,6,0,0,370,143.83928571428572,27,119.83928571428571,336,1.38,"{""adaptive_replications"": false, ""auto_repair_fail_prob"": 0.6, ""auto_repair_time"": 120.0, ""bad_server_regen_interval"": 43200, ""bad_server_regeneration"": false, ""confidence_level"": 0.95, ""diagnosis_probability"": 1.0, ""diagnosis_uncertainty"": 0.0, ""enable_topology"": false, ""failure_distribution"": ""exponential"", ""host_selection_time"": 3.0, ""job_length"": 20160, ""job_size"": 4096, ""lognormal_sigma"": 1.0, ""manual_repair_fail_prob"": 0.4, ""manual_repair_time"": 2880.0, ""max_replications"": 1000, ""num_replications"": 30, ""preemption_wait_time"": 20.0, ""prob_auto_to_manual"": 0.8, ""rack_size"": 8, ""random_failure_rate"": 1.388888888888889e-05, ""recovery_time"": 60.0, ""relative_accuracy"": 0.05, ""seed"": 42, ""spare_pool_size"": 200, ""systematic_failure_fraction"": 0.08, ""systematic_failure_rate_multiplier"": 20.0, ""warm_standbys"": 16, ""weibull_shape"": 1.0, ""working_pool_size"": 4600}"
da28d045aeb687e2f7991924bb1c67e7501cd076,2d_heatmap_sweep.py,Random+NeverRemove,DefaultHostSelection(),NeverRemove(),44,2,2068.299999999999,0.16245225547551156,1732,1181,551,1732,1343,997,735,329,259,1144,0,0,0,6,0,0,366,147.0840579710145,37,121.97391304347826,345,1.45,"{""adaptive_replications"": false, ""auto_repair_fail_prob"": 0.6, ""auto_repair_time"": 120.0, ""bad_server_regen_interval"": 43200, ""bad_server_regeneration"": false, ""confidence_level"": 0.95, ""diagnosis_probability"": 1.0, ""diagnosis_uncertainty"": 0.0, ""enable_topology"": false, ""failure_distribution"": ""exponential"", ""host_selection_time"": 3.0, ""job_length"": 20160, ""job_size"": 4096, ""lognormal_sigma"": 1.0, ""manual_repair_fail_prob"": 0.4, ""manual_repair_time"": 2880.0, ""max_replications"": 1000, ""num_replications"": 30, ""preemption_wait_time"": 20.0, ""prob_auto_to_manual"": 0.8, ""rack_size"": 8, ""random_failure_rate"": 1.388888888888889e-05, ""recovery_time"": 60.0, ""relative_accuracy"": 0.05, ""seed"": 42, ""spare_pool_size"": 200, ""systematic_failure_fraction"": 0.08, ""systematic_failure_rate_multiplier"": 20.0, ""warm_standbys"": 16, ""weibull_shape"": 1.0, ""working_pool_size"": 4600}"
da28d045aeb687e2f7991924bb1c67e7501cd076,2d_heatmap_sweep.py,Random+NeverRemove,DefaultHostSelection(),NeverRemove(),45,3,2014.3000000000002,0.16680732760760572,1678,1099,579,1678,1356,918,760,341,267,1070,0,0,0,6,0,0,365,143.91964285714286,22,124.54761904761905,336,1.43,"{""adaptive_replications"": false, ""auto_repair_fail_prob"": 0.6, ""auto_repair_time"": 120.0, ""bad_server_regen_interval"": 43200, ""bad_server_regeneration"": false, ""confidence_level"": 0.95, ""diagnosis_probability"": 1.0, ""diagnosis_uncertainty"": 0.0, ""enable_topology"": false, ""failure_distribution"": ""exponential"", ""host_selection_time"": 3.0, ""job_length"": 20160, ""job_size"": 4096, ""lognormal_sigma"": 1.0, ""manual_repair_fail_prob"": 0.4, ""manual_repair_time"": 2880.0, ""max_replications"": 1000, ""num_replications"": 30, ""preemption_wait_time"": 20.0, ""prob_auto_to_manual"": 0.8, ""rack_size"": 8, ""random_failure_rate"": 1.388888888888889e-05, ""recovery_time"": 60.0, ""relative_accuracy"": 0.05, ""seed"": 42, ""spare_pool_size"": 200, ""systematic_failure_fraction"": 0.08, ""systematic_failure_rate_multiplier"": 20.0, ""warm_standbys"": 16, ""weibull_shape"": 1.0, ""working_pool_size"": 4600}"
da28d045aeb687e2f7991924bb1c67e7501cd076,2d_heatmap_sweep.py,Random+NeverRemove,DefaultHostSelection(),NeverRemove(),46,4,2067.4000000000033,0.16252297571829333,1731,1162,569,1731,1398,983,748,345,254,1132,0,0,0,8,0,0,367,137.37391304347827,20,117.36521739130434,345,1.49,"{""adaptive_replications"": false, ""auto_repair_fail_prob"": 0.6, ""auto_repair_time"": 120.0, ""bad_server_regen_interval"": 43200, ""bad_server_regeneration"": false, ""confidence_level"": 0.95, ""diagnosis_probability"": 1.0, ""diagnosis_uncertainty"": 0.0, ""enable_topology"": false, ""failure_distribution"": ""exponential"", ""host_selection_time"": 3.0, ""job_length"": 20160, ""job_size"": 4096, ""lognormal_sigma"": 1.0, ""manual_repair_fail_prob"": 0.4, ""manual_repair_time"": 2880.0, ""max_replications"": 1000, ""num_replications"": 30, ""preemption_wait_time"": 20.0, ""prob_auto_to_manual"": 0.8, ""rack_size"": 8, ""random_failure_rate"": 1.388888888888889e-05, ""recovery_time"": 60.0, ""relative_accuracy"": 0.05, ""seed"": 42, ""spare_pool_size"": 200, ""systematic_failure_fraction"": 0.08, ""systematic_failure_rate_multiplier"": 20.0, ""warm_standbys"": 16, ""weibull_shape"": 1.0, ""working_pool_size"": 4600}"
da28d045aeb687e2f7991924bb1c67e7501cd076,2d_heatmap_sweep.py,Random+NeverRemove,DefaultHostSelection(),NeverRemove(),47,5,2069.350000000001,0.16236982627395058,1733,1147,586,1733,1385,969,764,340,276,1117,0,0,0,7,0,0,364,145.66376811594202,22,124.4695652173913,345,1.47,"{""adaptive_replications"": false, ""auto_repair_fail_prob"": 0.6, ""auto_repair_time"": 120.0, ""bad_server_regen_interval"": 43200, ""bad_server_regeneration"": false, ""confidence_level"": 0.95, ""diagnosis_probability"": 1.0, ""diagnosis_uncertainty"": 0.0, ""enable_topology"": false, ""failure_distribution"": ""exponential"", ""host_selection_time"": 3.0, ""job_length"": 20160, ""job_size"": 4096, ""lognormal_sigma"": 1.0, ""manual_repair_fail_prob"": 0.4, ""manual_repair_time"": 2880.0, ""max_replications"": 1000, ""num_replications"": 30, ""preemption_wait_time"": 20.0, ""prob_auto_to_manual"": 0.8, ""rack_size"": 8, ""random_failure_rate"": 1.388888888888889e-05, ""recovery_time"": 60.0, ""relative_accuracy"": 0.05, ""seed"": 42, ""spare_pool_size"": 200, ""systematic_failure_fraction"": 0.08, ""systematic_failure_rate_multiplier"": 20.0, ""warm_standbys"": 16, ""weibull_shape"": 1.0, ""working_pool_size"": 4600}"
da28d045aeb687e2f7991924bb1c67e7501cd076,2d_heatmap_sweep.py,Random+NeverRemove,DefaultHostSelection(),NeverRemove(),48,6,2097.350000000004,0.1602021598684054,1761,1155,606,1761,1422,975,786,330,308,1123,0,0,0,7,0,0,365,145.27714285714285,30,120.42571428571429,350,1.54,"{""adaptive_replications"": false, ""auto_repair_fail_prob"": 0.6, ""auto_repair_time"": 120.0, ""bad_server_regen_interval"": 43200, ""bad_server_regeneration"": false, ""confidence_level"": 0.95, ""diagnosis_probability"": 1.0, ""diagnosis_uncertainty"": 0.0, ""enable_topology"": false, ""failure_distribution"": ""exponential"", ""host_selection_time"": 3.0, ""job_length"": 20160, ""job_size"": 4096, ""lognormal_sigma"": 1.0, ""manual_repair_fail_prob"": 0.4, ""manual_repair_time"": 2880.0, ""max_replications"": 1000, ""num_replications"": 30, ""preemption_wait_time"": 20.0, ""prob_auto_to_manual"": 0.8, ""rack_size"": 8, ""random_failure_rate"": 1.388888888888889e-05, ""recovery_time"": 60.0, ""relative_accuracy"": 0.05, ""seed"": 42, ""spare_pool_size"": 200, ""systematic_failure_fraction"": 0.08, ""systematic_failure_rate_multiplier"": 20.0, ""warm_standbys"": 16, ""weibull_shape"": 1.0, ""working_pool_size"": 4600}"
da28d045aeb687e2f7991924bb1c67e7501cd076,2d_heatmap_sweep.py,Random+NeverRemove,DefaultHostSelection(),NeverRemove(),49,7,2060.3000000000015,0.16308304615832633,1724,1141,583,1724,1393,980,744,343,273,1108,0,0,0,6,0,0,369,134.47383720930233,25,118.06395348837209,344,1.47,"{""adaptive_replications"": false, ""auto_repair_fail_prob"": 0.6, ""auto_repair_time"": 120.0, ""bad_server_regen_interval"": 43200, ""bad_server_regeneration"": false, ""confidence_level"": 0.95, ""diagnosis_probability"": 1.0, ""diagnosis_uncertainty"": 0.0, ""enable_topology"": false, ""failure_distribution"": ""exponential"", ""host_selection_time"": 3.0, ""job_length"": 20160, ""job_size"": 4096, ""lognormal_sigma"": 1.0, ""manual_repair_fail_prob"": 0.4, ""manual_repair_time"": 2880.0, ""max_replications"": 1000, ""num_replications"": 30, ""preemption_wait_time"": 20.0, ""prob_auto_to_manual"": 0.8, ""rack_size"": 8, ""random_failure_rate"": 1.388888888888889e-05, ""recovery_time"": 60.0, ""relative_accuracy"": 0.05, ""seed"": 42, ""spare_pool_size"": 200, ""systematic_failure_fraction"": 0.08, ""systematic_failure_rate_multiplier"": 20.0, ""warm_standbys"": 16, ""weibull_shape"": 1.0, ""working_pool_size"": 4600}"
da28d045aeb687e2f7991924bb1c67e7501cd076,2d_heatmap_sweep.py,Random+NeverRemove,DefaultHostSelection(),NeverRemove(),50,8,1937.299999999997,0.17343725803953963,1601,1054,547,1601,1277,909,692,342,227,1032,0,0,0,6,0,0,369,140.1733746130031,25,121.25077399380805,323,1.36,"{""adaptive_replications"": false, ""auto_repair_fail_prob"": 0.6, ""auto_repair_time"": 120.0, ""bad_server_regen_interval"": 43200, ""bad_server_regeneration"": false, ""confidence_level"": 0.95, ""diagnosis_probability"": 1.0, ""diagnosis_uncertainty"": 0.0, ""enable_topology"": false, ""failure_distribution"": ""exponential"", ""host_selection_time"": 3.0, ""job_length"": 20160, ""job_size"": 4096, ""lognormal_sigma"": 1.0, ""manual_repair_fail_prob"": 0.4, ""manual_repair_time"": 2880.0, ""max_replications"": 1000, ""num_replications"": 30, ""preemption_wait_time"": 20.0, ""prob_auto_to_manual"": 0.8, ""rack_size"": 8, ""random_failure_rate"": 1.388888888888889e-05, ""recovery_time"": 60.0, ""relative_accuracy"": 0.05, ""seed"": 42, ""spare_pool_size"": 200, ""systematic_failure_fraction"": 0.08, ""systematic_failure_rate_multiplier"": 20.0, ""warm_standbys"": 16, ""weibull_shape"": 1.0, ""working_pool_size"": 4600}"
da28d045aeb687e2f7991924bb1c67e7501cd076,2d_heatmap_sweep.py,Random+NeverRemove,DefaultHostSelection(),NeverRemove(),51,9,2121.3000000000093,0.15839343798614006,1785,1178,607,1785,1420,991,794,333,293,1159,0,0,0,6,0,0,367,150.85875706214688,34,127.3135593220339,354,1.51,"{""adaptive_replications"": false, ""auto_repair_fail_prob"": 0.6, ""auto_repair_time"": 120.0, ""bad_server_regen_interval"": 43200, ""bad_server_regeneration"": false, ""confidence_level"": 0.95, ""diagnosis_probability"": 1.0, ""diagnosis_uncertainty"": 0.0, ""enable_topology"": false, ""failure_distribution"": ""exponential"", ""host_selection_time"": 3.0, ""job_length"": 20160, ""job_size"": 4096, ""lognormal_sigma"": 1.0, ""manual_repair_fail_prob"": 0.4, ""manual_repair_time"": 2880.0, ""max_replications"": 1000, ""num_replications"": 30, ""preemption_wait_time"": 20.0, ""prob_auto_to_manual"": 0.8, ""rack_size"": 8, ""random_failure_rate"": 1.388888888888889e-05, ""recovery_time"": 60.0, ""relative_accuracy"": 0.05, ""seed"": 42, ""spare_pool_size"": 200, ""systematic_failure_fraction"": 0.08, ""systematic_failure_rate_multiplier"": 20.0, ""warm_standbys"": 16, ""weibull_shape"": 1.0, ""working_pool_size"": 4600}"
da28d045aeb687e2f7991924bb1c67e7501cd076,2d_heatmap_sweep.py,Random+ScoredRemoval(SC_fast),DefaultHostSelection(),"ScoredRemoval(initial_score=100.0, failure_penalty=60.0, success_increment=5.0, time_period=1440, retirement_threshold=0.0)",42,0,1926.1499999999985,0.1744412428938553,1589,1088,501,1589,1248,931,658,303,220,1066,0,297,0,23,0,0,369,123.19875776397515,9,111.95652173913044,322,1.69,"{""adaptive_replications"": false, ""auto_repair_fail_prob"": 0.6, ""auto_repair_time"": 120.0, ""bad_server_regen_interval"": 43200, ""bad_server_regeneration"": false, ""confidence_level"": 0.95, ""diagnosis_probability"": 1.0, ""diagnosis_uncertainty"": 0.0, ""enable_topology"": false, ""failure_distribution"": ""exponential"", ""host_selection_time"": 3.0, ""job_length"": 20160, ""job_size"": 4096, ""lognormal_sigma"": 1.0, ""manual_repair_fail_prob"": 0.4, ""manual_repair_time"": 2880.0, ""max_replications"": 1000, ""num_replications"": 30, ""preemption_wait_time"": 20.0, ""prob_auto_to_manual"": 0.8, ""rack_size"": 8, ""random_failure_rate"": 1.388888888888889e-05, ""recovery_time"": 60.0, ""relative_accuracy"": 0.05, ""seed"": 42, ""spare_pool_size"": 200, ""systematic_failure_fraction"": 0.08, ""systematic_failure_rate_multiplier"": 20.0, ""warm_standbys"": 16, ""weibull_shape"": 1.0, ""working_pool_size"": 4600}"
da28d045aeb687e2f7991924bb1c67e7501cd076,2d_heatmap_sweep.py,Random+ScoredRemoval(SC_fast),DefaultHostSelection(),"ScoredRemoval(initial_score=100.0, failure_penalty=60.0, success_increment=5.0, time_period=1440, retirement_threshold=0.0)",43,1,1971.1000000000006,0.17046319314088598,1634,1158,476,1634,1319,907,727,311,196,1127,0,297,0,22,0,0,370,123.69604863221885,7,110.25531914893617,329,2.06,"{""adaptive_replications"": false, ""auto_repair_fail_prob"": 0.6, ""auto_repair_time"": 120.0, ""bad_server_regen_interval"": 43200, ""bad_server_regeneration"": false, ""confidence_level"": 0.95, ""diagnosis_probability"": 1.0, ""diagnosis_uncertainty"": 0.0, ""enable_topology"": false, ""failure_distribution"": ""exponential"", ""host_selection_time"": 3.0, ""job_length"": 20160, ""job_size"": 4096, ""lognormal_sigma"": 1.0, ""manual_repair_fail_prob"": 0.4, ""manual_repair_time"": 2880.0, ""max_replications"": 1000, ""num_replications"": 30, ""preemption_wait_time"": 20.0, ""prob_auto_to_manual"": 0.8, ""rack_size"": 8, ""random_failure_rate"": 1.388888888888889e-05, ""recovery_time"": 60.0, ""relative_accuracy"": 0.05, ""seed"": 42, ""spare_pool_size"": 200, ""systematic_failure_fraction"": 0.08, ""systematic_failure_rate_multiplier"": 20.0, ""warm_standbys"": 16, ""weibull_shape"": 1.0, ""working_pool_size"": 4600}"
da28d045aeb687e2f7991924bb1c67e7501cd076,2d_heatmap_sweep.py,Random+ScoredRemoval(SC_fast),DefaultHostSelection(),"ScoredRemoval(initial_score=100.0, failure_penalty=60.0, success_increment=5.0, time_period=1440, retirement_threshold=0.0)",44,2,1946.099999999999,0.17265299830430064,1609,1125,484,1609,1285,918,691,300,212,1097,0,279,0,22,0,0,366,115.63692307692308,4,104.23384615384616,325,1.96,"{""adaptive_replications"": false, ""auto_repair_fail_prob"": 0.6, ""auto_repair_time"": 120.0, ""bad_server_regen_interval"": 43200, ""bad_server_regeneration"": false, ""confidence_level"": 0.95, ""diagnosis_probability"": 1.0, ""diagnosis_uncertainty"": 0.0, ""enable_topology"": false, ""failure_distribution"": ""exponential"", ""host_selection_time"": 3.0, ""job_length"": 20160, ""job_size"": 4096, ""lognormal_sigma"": 1.0, ""manual_repair_fail_prob"": 0.4, ""manual_repair_time"": 2880.0, ""max_replications"": 1000, ""num_replications"": 30, ""preemption_wait_time"": 20.0, ""prob_auto_to_manual"": 0.8, ""rack_size"": 8, ""random_failure_rate"": 1.388888888888889e-05, ""recovery_time"": 60.0, ""relative_accuracy"": 0.05, ""seed"": 42, ""spare_pool_size"": 200, ""systematic_failure_fraction"": 0.08, ""systematic_failure_rate_multiplier"": 20.0, ""warm_standbys"": 16, ""weibull_shape"": 1.0, ""working_pool_size"": 4600}"
da28d045aeb687e2f7991924bb1c67e7501cd076,2d_heatmap_sweep.py,Random+ScoredRemoval(SC_fast),DefaultHostSelection(),"ScoredRemoval(initial_score=100.0, failure_penalty=60.0, success_increment=5.0, time_period=1440, retirement_threshold=0.0)",45,3,1999.150000000001,0.16807143035790226,1662,1154,508,1662,1312,902,760,287,248,1127,0,312,0,23,0,0,365,121.52095808383234,6,108.30838323353294,334,2.1,"{""adaptive_replications"": false, ""auto_repair_fail_prob"": 0.6, ""auto_repair_time"": 120.0, ""bad_server_regen_interval"": 43200, ""bad_server_regeneration"": false, ""confidence_level"": 0.95, ""diagnosis_probability"": 1.0, ""diagnosis_uncertainty"": 0.0, ""enable_topology"": false, ""failure_distribution"": ""exponential"", ""host_selection_time"": 3.0, ""job_length"": 20160, ""job_size"": 4096, ""lognormal_sigma"": 1.0, ""manual_repair_fail_prob"": 0.4, ""manual_repair_time"": 2880.0, ""max_replications"": 1000, ""num_replications"": 30, ""preemption_wait_time"": 20.0, ""prob_auto_to_manual"": 0.8, ""rack_size"": 8, ""random_failure_rate"": 1.388888888888889e-05, ""recovery_time"": 60.0, ""relative_accuracy"": 0.05, ""seed"": 42, ""spare_pool_size"": 200, ""systematic_failure_fraction"": 0.08, ""systematic_failure_rate_multiplier"": 20.0, ""warm_standbys"": 16, ""weibull_shape"": 1.0, ""working_pool_size"": 4600}"
da28d045aeb687e2f7991924bb1c67e7501cd076,2d_heatmap_sweep.py,Random+ScoredRemoval(SC_fast),DefaultHostSelection(),"ScoredRemoval(initial_score=100.0, failure_penalty=60.0, success_increment=5.0, time_period=1440, retirement_threshold=0.0)",46,4,2035.2499999999995,0.16509028374892493,1698,1201,497,1698,1346,962,736,284,237,1177,0,326,0,25,0,0,367,121.56470588235294,4,109.25588235294117,340,2.18,"{""adaptive_replications"": false, ""auto_repair_fail_prob"": 0.6, ""auto_repair_time"": 120.0, ""bad_server_regen_interval"": 43200, ""bad_server_regeneration"": false, ""confidence_level"": 0.95, ""diagnosis_probability"": 1.0, ""diagnosis_uncertainty"": 0.0, ""enable_topology"": false, ""failure_distribution"": ""exponential"", ""host_selection_time"": 3.0, ""job_length"": 20160, ""job_size"": 4096, ""lognormal_sigma"": 1.0, ""manual_repair_fail_prob"": 0.4, ""manual_repair_time"": 2880.0, ""max_replications"": 1000, ""num_replications"": 30, ""preemption_wait_time"": 20.0, ""prob_auto_to_manual"": 0.8, ""rack_size"": 8, ""random_failure_rate"": 1.388888888888889e-05, ""recovery_time"": 60.0, ""relative_accuracy"": 0.05, ""seed"": 42, ""spare_pool_size"": 200, ""systematic_failure_fraction"": 0.08, ""systematic_failure_rate_multiplier"": 20.0, ""warm_standbys"": 16, ""weibull_shape"": 1.0, ""working_pool_size"": 4600}"
da28d045aeb687e2f7991924bb1c67e7501cd076,2d_heatmap_sweep.py,Random+ScoredRemoval(SC_fast),DefaultHostSelection(),"ScoredRemoval(initial_score=100.0, failure_penalty=60.0, success_increment=5.0, time_period=1440, retirement_threshold=0.0)",47,5,2000.1999999999978,0.16798320167983233,1663,1159,504,1663,1296,926,737,295,244,1124,0,317,0,24,0,0,364,126.09880239520957,3,112.34131736526946,334,2.19,"{""adaptive_replications"": false, ""auto_repair_fail_prob"": 0.6, ""auto_repair_time"": 120.0, ""bad_server_regen_interval"": 43200, ""bad_server_regeneration"": false, ""confidence_level"": 0.95, ""diagnosis_probability"": 1.0, ""diagnosis_uncertainty"": 0.0, ""enable_topology"": false, ""failure_distribution"": ""exponential"", ""host_selection_time"": 3.0, ""job_length"": 20160, ""job_size"": 4096, ""lognormal_sigma"": 1.0, ""manual_repair_fail_prob"": 0.4, ""manual_repair_time"": 2880.0, ""max_replications"": 1000, ""num_replications"": 30, ""preemption_wait_time"": 20.0, ""prob_auto_to_manual"": 0.8, ""rack_size"": 8, ""random_failure_rate"": 1.388888888888889e-05, ""recovery_time"": 60.0, ""relative_accuracy"": 0.05, ""seed"": 42, ""spare_pool_size"": 200, ""systematic_failure_fraction"": 0.08, ""systematic_failure_rate_multiplier"": 20.0, ""warm_standbys"": 16, ""weibull_shape"": 1.0, ""working_pool_size"": 4600}"
da28d045aeb687e2f7991924bb1c67e7501cd076,2d_heatmap_sweep.py,Random+ScoredRemoval(SC_fast),DefaultHostSelection(),"ScoredRemoval(initial_score=100.0, failure_penalty=60.0, success_increment=5.0, time_period=1440, retirement_threshold=0.0)",48,6,1997.200000000001,0.16823552974163847,1660,1176,484,1660,1323,908,752,285,233,1142,0,325,0,24,0,0,365,118.72672672672672,4,105.03603603603604,333,2.1,"{""adaptive_replications"": false, ""auto_repair_fail_prob"": 0.6, ""auto_repair_time"": 120.0, ""bad_server_regen_interval"": 43200, ""bad_server_regeneration"": false, ""confidence_level"": 0.95, ""diagnosis_probability"": 1.0, ""diagnosis_uncertainty"": 0.0, ""enable_topology"": false, ""failure_distribution"": ""exponential"", ""host_selection_time"": 3.0, ""job_length"": 20160, ""job_size"": 4096, ""lognormal_sigma"": 1.0, ""manual_repair_fail_prob"": 0.4, ""manual_repair_time"": 2880.0, ""max_replications"": 1000, ""num_replications"": 30, ""preemption_wait_time"": 20.0, ""prob_auto_to_manual"": 0.8, ""rack_size"": 8, ""random_failure_rate"": 1.388888888888889e-05, ""recovery_time"": 60.0, ""relative_accuracy"": 0.05, ""seed"": 42, ""spare_pool_size"": 200, ""systematic_failure_fraction"": 0.08, ""systematic_failure_rate_multiplier"": 20.0, ""warm_standbys"": 16, ""weibull_shape"": 1.0, ""working_pool_size"": 4600}"
da28d045aeb687e2f7991924bb1c67e7501cd076,2d_heatmap_sweep.py,Random+ScoredRemoval(SC_fast),DefaultHostSelection(),"ScoredRemoval(initial_score=100.0, failure_penalty=60.0, success_increment=5.0, time_period=1440, retirement_threshold=0.0)",49,7,1972.2000000000014,0.1703681168238509,1635,1123,512,1635,1279,926,709,293,242,1100,0,326,0,24,0,0,369,121.72948328267478,2,109.82674772036474,329,2.06,"{""adaptive_replications"": false, ""auto_repair_fail_prob"": 0.6, ""auto_repair_time"": 120.0, ""bad_server_regen_interval"": 43200, ""bad_server_regeneration"": false, ""confidence_level"": 0.95, ""diagnosis_probability"": 1.0, ""diagnosis_uncertainty"": 0.0, ""enable_topology"": false, ""failure_distribution"": ""exponential"", ""host_selection_time"": 3.0, ""job_length"": 20160, ""job_size"": 4096, ""lognormal_sigma"": 1.0, ""manual_repair_fail_prob"": 0.4, ""manual_repair_time"": 2880.0, ""max_replications"": 1000, ""num_replications"": 30, ""preemption_wait_time"": 20.0, ""prob_auto_to_manual"": 0.8, ""rack_size"": 8, ""random_failure_rate"": 1.388888888888889e-05, ""recovery_time"": 60.0, ""relative_accuracy"": 0.05, ""seed"": 42, ""spare_pool_size"": 200, ""systematic_failure_fraction"": 0.08, ""systematic_failure_rate_multiplier"": 20.0, ""warm_standbys"": 16, ""weibull_shape"": 1.0, ""working_pool_size"": 4600}"
da28d045aeb687e2f7991924bb1c67e7501cd076,2d_heatmap_sweep.py,Random+ScoredRemoval(SC_fast),DefaultHostSelection(),"ScoredRemoval(initial_score=100.0, failure_penalty=60.0, success_increment=5.0, time_period=1440, retirement_threshold=0.0)",50,8,2022.0999999999997,0.16616388902626023,1685,1206,479,1685,1339,943,742,295,212,1178,0,291,0,22,0,0,369,124.94674556213018,7,111.07692307692308,338,2.18,"{""adaptive_replications"": false, ""auto_repair_fail_prob"": 0.6, ""auto_repair_time"": 120.0, ""bad_server_regen_interval"": 43200, ""bad_server_regeneration"": false, ""confidence_level"": 0.95, ""diagnosis_probability"": 1.0, ""diagnosis_uncertainty"": 0.0, ""enable_topology"": false, ""failure_distribution"": ""exponential"", ""host_selection_time"": 3.0, ""job_length"": 20160, ""job_size"": 4096, ""lognormal_sigma"": 1.0, ""manual_repair_fail_prob"": 0.4, ""manual_repair_time"": 2880.0, ""max_replications"": 1000, ""num_replications"": 30, ""preemption_wait_time"": 20.0, ""prob_auto_to_manual"": 0.8, ""rack_size"": 8, ""random_failure_rate"": 1.388888888888889e-05, ""recovery_time"": 60.0, ""relative_accuracy"": 0.05, ""seed"": 42, ""spare_pool_size"": 200, ""systematic_failure_fraction"": 0.08, ""systematic_failure_rate_multiplier"": 20.0, ""warm_standbys"": 16, ""weibull_shape"": 1.0, ""working_pool_size"": 4600}"
da28d045aeb687e2f7991924bb1c67e7501cd076,2d_heatmap_sweep.py,Random+ScoredRemoval(SC_fast),DefaultHostSelection(),"ScoredRemoval(initial_score=100.0, failure_penalty=60.0, success_increment=5.0, time_period=1440, retirement_threshold=0.0)",51,9,1996.2500000000002,0.16831559173450236,1659,1151,508,1659,1325,918,741,288,242,1129,0,327,0,25,0,0,367,125.2072072072072,4,111.89489489489489,333,2.13,"{""adaptive_replications"": false, ""auto_repair_fail_prob"": 0.6, ""auto_repair_time"": 120.0, ""bad_server_regen_interval"": 43200, ""bad_server_regeneration"": false, ""confidence_level"": 0.95, ""diagnosis_probability"": 1.0, ""diagnosis_uncertainty"": 0.0, ""enable_topology"": false, ""failure_distribution"": ""exponential"", ""host_selection_time"": 3.0, ""job_length"": 20160, ""job_size"": 4096, ""lognormal_sigma"": 1.0, ""manual_repair_fail_prob"": 0.4, ""manual_repair_time"": 2880.0, ""max_replications"": 1000, ""num_replications"": 30, ""preemption_wait_time"": 20.0, ""prob_auto_to_manual"": 0.8, ""rack_size"": 8, ""random_failure_rate"": 1.388888888888889e-05, ""recovery_time"": 60.0, ""relative_accuracy"": 0.05, ""seed"": 42, ""spare_pool_size"": 200, ""systematic_failure_fraction"": 0.08, ""systematic_failure_rate_multiplier"": 20.0, ""warm_standbys"": 16, ""weibull_shape"": 1.0, ""working_pool_size"": 4600}"
da28d045aeb687e2f7991924bb1c67e7501cd076,2d_heatmap_sweep.py,FewestFailuresFirst+NeverRemove,FewestFailuresFirst(),NeverRemove(),42,0,1996.299999999999,0.16831137604568402,1660,1163,497,1660,1325,958,702,300,223,1137,0,0,0,6,0,0,369,168.67267267267266,68,111.42642642642643,333,1.49,"{""adaptive_replications"": false, ""auto_repair_fail_prob"": 0.6, ""auto_repair_time"": 120.0, ""bad_server_regen_interval"": 43200, ""bad_server_regeneration"": false, ""confidence_level"": 0.95, ""diagnosis_probability"": 1.0, ""diagnosis_uncertainty"": 0.0, ""enable_topology"": false, ""failure_distribution"": ""exponential"", ""host_selection_time"": 3.0, ""job_length"": 20160, ""job_size"": 4096, ""lognormal_sigma"": 1.0, ""manual_repair_fail_prob"": 0.4, ""manual_repair_time"": 2880.0, ""max_replications"": 1000, ""num_replications"": 30, ""preemption_wait_time"": 20.0, ""prob_auto_to_manual"": 0.8, ""rack_size"": 8, ""random_failure_rate"": 1.388888888888889e-05, ""recovery_time"": 60.0, ""relative_accuracy"": 0.05, ""seed"": 42, ""spare_pool_size"": 200, ""systematic_failure_fraction"": 0.08, ""systematic_failure_rate_multiplier"": 20.0, ""warm_standbys"": 16, ""weibull_shape"": 1.0, ""working_pool_size"": 4600}"
da28d045aeb687e2f7991924bb1c67e7501cd076,2d_heatmap_sweep.py,FewestFailuresFirst+NeverRemove,FewestFailuresFirst(),NeverRemove(),43,1,1994.350000000001,0.16847594454333517,1658,1158,500,1658,1318,923,735,290,234,1134,0,0,0,7,0,0,370,178.01501501501502,80,103.36036036036036,333,1.44,"{""adaptive_replications"": false, ""auto_repair_fail_prob"": 0.6, ""auto_repair_time"": 120.0, ""bad_server_regen_interval"": 43200, ""bad_server_regeneration"": false, ""confidence_level"": 0.95, ""diagnosis_probability"": 1.0, ""diagnosis_uncertainty"": 0.0, ""enable_topology"": false, ""failure_distribution"": ""exponential"", ""host_selection_time"": 3.0, ""job_length"": 20160, ""job_size"": 4096, ""lognormal_sigma"": 1.0, ""manual_repair_fail_prob"": 0.4, ""manual_repair_time"": 2880.0, ""max_replications"": 1000, ""num_replications"": 30, ""preemption_wait_time"": 20.0, ""prob_auto_to_manual"": 0.8, ""rack_size"": 8, ""random_failure_rate"": 1.388888888888889e-05, ""recovery_time"": 60.0, ""relative_accuracy"": 0.05, ""seed"": 42, ""spare_pool_size"": 200, ""systematic_failure_fraction"": 0.08, ""systematic_failure_rate_multiplier"": 20.0, ""warm_standbys"": 16, ""weibull_shape"": 1.0, ""working_pool_size"": 4600}"
da28d045aeb687e2f7991924bb1c67e7501cd076,2d_heatmap_sweep.py,FewestFailuresFirst+NeverRemove,FewestFailuresFirst(),NeverRemove(),44,2,1904.3000000000009,0.17644278737593885,1568,1085,483,1568,1239,910,658,298,211,1059,0,0,0,6,0,0,366,163.4937106918239,65,105.11635220125787,318,1.3,"{""adaptive_replications"": false, ""auto_repair_fail_prob"": 0.6, ""auto_repair_time"": 120.0, ""bad_server_regen_interval"": 43200, ""bad_server_regeneration"": false, ""confidence_level"": 0.95, ""diagnosis_probability"": 1.0, ""diagnosis_uncertainty"": 0.0, ""enable_topology"": false, ""failure_distribution"": ""exponential"", ""host_selection_time"": 3.0, ""job_length"": 20160, ""job_size"": 4096, ""lognormal_sigma"": 1.0, ""manual_repair_fail_prob"": 0.4, ""manual_repair_time"": 2880.0, ""max_replications"": 1000, ""num_replications"": 30, ""preemption_wait_time"": 20.0, ""prob_auto_to_manual"": 0.8, ""rack_size"": 8, ""random_failure_rate"": 1.388888888888889e-05, ""recovery_time"": 60.0, ""relative_accuracy"": 0.05, ""seed"": 42, ""spare_pool_size"": 200, ""systematic_failure_fraction"": 0.08, ""systematic_failure_rate_multiplier"": 20.0, ""warm_standbys"": 16, ""weibull_shape"": 1.0, ""working_pool_size"": 4600}"
da28d045aeb687e2f7991924bb1c67e7501cd076,2d_heatmap_sweep.py,FewestFailuresFirst+NeverRemove,FewestFailuresFirst(),NeverRemove(),45,3,2051.3999999999996,0.16379058204153263,1715,1211,504,1715,1373,967,748,297,225,1193,0,0,0,8,0,0,365,164.53216374269005,66,95.453216374269,342,1.44,"{""adaptive_replications"": false, ""auto_repair_fail_prob"": 0.6, ""auto_repair_time"": 120.0, ""bad_server_regen_interval"": 43200, ""bad_server_regeneration"": false, ""confidence_level"": 0.95, ""diagnosis_probability"": 1.0, ""diagnosis_uncertainty"": 0.0, ""enable_topology"": false, ""failure_distribution"": ""exponential"", ""host_selection_time"": 3.0, ""job_length"": 20160, ""job_size"": 4096, ""lognormal_sigma"": 1.0, ""manual_repair_fail_prob"": 0.4, ""manual_repair_time"": 2880.0, ""max_replications"": 1000, ""num_replications"": 30, ""preemption_wait_time"": 20.0, ""prob_auto_to_manual"": 0.8, ""rack_size"": 8, ""random_failure_rate"": 1.388888888888889e-05, ""recovery_time"": 60.0, ""relative_accuracy"": 0.05, ""seed"": 42, ""spare_pool_size"": 200, ""systematic_failure_fraction"": 0.08, ""systematic_failure_rate_multiplier"": 20.0, ""warm_standbys"": 16, ""weibull_shape"": 1.0, ""working_pool_size"": 4600}"
da28d045aeb687e2f7991924bb1c67e7501cd076,2d_heatmap_sweep.py,FewestFailuresFirst+NeverRemove,FewestFailuresFirst(),NeverRemove(),46,4,1970.3499999999974,0.17052807876773157,1634,1122,512,1634,1291,908,726,291,239,1104,0,0,0,7,0,0,367,170.06990881458967,75,114.15501519756839,329,1.4,"{""adaptive_replications"": false, ""auto_repair_fail_prob"": 0.6, ""auto_repair_time"": 120.0, ""bad_server_regen_interval"": 43200, ""bad_server_regeneration"": false, ""confidence_level"": 0.95, ""diagnosis_probability"": 1.0, ""diagnosis_uncertainty"": 0.0, ""enable_topology"": false, ""failure_distribution"": ""exponential"", ""host_selection_time"": 3.0, ""job_length"": 20160, ""job_size"": 4096, ""lognormal_sigma"": 1.0, ""manual_repair_fail_prob"": 0.4, ""manual_repair_time"": 2880.0, ""max_replications"": 1000, ""num_replications"": 30, ""preemption_wait_time"": 20.0, ""prob_auto_to_manual"": 0.8, ""rack_size"": 8, ""random_failure_rate"": 1.388888888888889e-05, ""recovery_time"": 60.0, ""relative_accuracy"": 0.05, ""seed"": 42, ""spare_pool_size"": 200, ""systematic_failure_fraction"": 0.08, ""systematic_failure_rate_multiplier"": 20.0, ""warm_standbys"": 16, ""weibull_shape"": 1.0, ""working_pool_size"": 4600}"
da28d045aeb687e2f7991924bb1c67e7501cd076,2d_heatmap_sweep.py,FewestFailuresFirst+NeverRemove,FewestFailuresFirst(),NeverRemove(),47,5,1973.3500000000001,0.17026883218891725,1637,1151,486,1637,1322,904,733,289,230,1118,0,0,0,7,0,0,364,175.3404255319149,73,105.22188449848025,329,1.41,"{""adaptive_replications"": false, ""auto_repair_fail_prob"": 0.6, ""auto_repair_time"": 120.0, ""bad_server_regen_interval"": 43200, ""bad_server_regeneration"": false, ""confidence_level"": 0.95, ""diagnosis_probability"": 1.0, ""diagnosis_uncertainty"": 0.0, ""enable_topology"": false, ""failure_distribution"": ""exponential"", ""host_selection_time"": 3.0, ""job_length"": 20160, ""job_size"": 4096, ""lognormal_sigma"": 1.0, ""manual_repair_fail_prob"": 0.4, ""manual_repair_time"": 2880.0, ""max_replications"": 1000, ""num_replications"": 30, ""preemption_wait_time"": 20.0, ""prob_auto_to_manual"": 0.8, ""rack_size"": 8, ""random_failure_rate"": 1.388888888888889e-05, ""recovery_time"": 60.0, ""relative_accuracy"": 0.05, ""seed"": 42, ""spare_pool_size"": 200, ""systematic_failure_fraction"": 0.08, ""systematic_failure_rate_multiplier"": 20.0, ""warm_standbys"": 16, ""weibull_shape"": 1.0, ""working_pool_size"": 4600}"
da28d045aeb687e2f7991924bb1c67e7501cd076,2d_heatmap_sweep.py,FewestFailuresFirst+NeverRemove,FewestFailuresFirst(),NeverRemove(),48,6,1896.2999999999988,0.1771871539313402,1560,1046,514,1560,1248,854,706,295,243,1022,0,0,0,6,0,0,365,161.66876971608832,69,106.16403785488959,317,1.35,"{""adaptive_replications"": false, ""auto_repair_fail_prob"": 0.6, ""auto_repair_time"": 120.0, ""bad_server_regen_interval"": 43200, ""bad_server_regeneration"": false, ""confidence_level"": 0.95, ""diagnosis_probability"": 1.0, ""diagnosis_uncertainty"": 0.0, ""enable_topology"": false, ""failure_distribution"": ""exponential"", ""host_selection_time"": 3.0, ""job_length"": 20160, ""job_size"": 4096, ""lognormal_sigma"": 1.0, ""manual_repair_fail_prob"": 0.4, ""manual_repair_time"": 2880.0, ""max_replications"": 1000, ""num_replications"": 30, ""preemption_wait_time"": 20.0, ""prob_auto_to_manual"": 0.8, ""rack_size"": 8, ""random_failure_rate"": 1.388888888888889e-05, ""recovery_time"": 60.0, ""relative_accuracy"": 0.05, ""seed"": 42, ""spare_pool_size"": 200, ""systematic_failure_fraction"": 0.08, ""systematic_failure_rate_multiplier"": 20.0, ""warm_standbys"": 16, ""weibull_shape"": 1.0, ""working_pool_size"": 4600}"
da28d045aeb687e2f7991924bb1c67e7501cd076,2d_heatmap_sweep.py,FewestFailuresFirst+NeverRemove,FewestFailuresFirst(),NeverRemove(),49,7,2048.1499999999983,0.1640504845836488,1712,1183,529,1712,1396,945,767,305,251,1156,0,0,0,3,0,0,369,162.9766081871345,64,113.2953216374269,342,1.45,"{""adaptive_replications"": false, ""auto_repair_fail_prob"": 0.6, ""auto_repair_time"": 120.0, ""bad_server_regen_interval"": 43200, ""bad_server_regeneration"": false, ""confidence_level"": 0.95, ""diagnosis_probability"": 1.0, ""diagnosis_uncertainty"": 0.0, ""enable_topology"": false, ""failure_distribution"": ""exponential"", ""host_selection_time"": 3.0, ""job_length"": 20160, ""job_size"": 4096, ""lognormal_sigma"": 1.0, ""manual_repair_fail_prob"": 0.4, ""manual_repair_time"": 2880.0, ""max_replications"": 1000, ""num_replications"": 30, ""preemption_wait_time"": 20.0, ""prob_auto_to_manual"": 0.8, ""rack_size"": 8, ""random_failure_rate"": 1.388888888888889e-05, ""recovery_time"": 60.0, ""relative_accuracy"": 0.05, ""seed"": 42, ""spare_pool_size"": 200, ""systematic_failure_fraction"": 0.08, ""systematic_failure_rate_multiplier"": 20.0, ""warm_standbys"": 16, ""weibull_shape"": 1.0, ""working_pool_size"": 4600}"
da28d045aeb687e2f7991924bb1c67e7501cd076,2d_heatmap_sweep.py,FewestFailuresFirst+NeverRemove,FewestFailuresFirst(),NeverRemove(),50,8,1977.300000000006,0.16992869063874966,1641,1139,502,1641,1304,902,739,299,232,1110,0,0,0,6,0,0,369,167.3909090909091,69,106.72727272727273,330,1.4,"{""adaptive_replications"": false, ""auto_repair_fail_prob"": 0.6, ""auto_repair_time"": 120.0, ""bad_server_regen_interval"": 43200, ""bad_server_regeneration"": false, ""confidence_level"": 0.95, ""diagnosis_probability"": 1.0, ""diagnosis_uncertainty"": 0.0, ""enable_topology"": false, ""failure_distribution"": ""exponential"", ""host_selection_time"": 3.0, ""job_length"": 20160, ""job_size"": 4096, ""lognormal_sigma"": 1.0, ""manual_repair_fail_prob"": 0.4, ""manual_repair_time"": 2880.0, ""max_replications"": 1000, ""num_replications"": 30, ""preemption_wait_time"": 20.0, ""prob_auto_to_manual"": 0.8, ""rack_size"": 8, ""random_failure_rate"": 1.388888888888889e-05, ""recovery_time"": 60.0, ""relative_accuracy"": 0.05, ""seed"": 42, ""spare_pool_size"": 200, ""systematic_failure_fraction"": 0.08, ""systematic_failure_rate_multiplier"": 20.0, ""warm_standbys"": 16, ""weibull_shape"": 1.0, ""working_pool_size"": 4600}"
da28d045aeb687e2f7991924bb1c67e7501cd076,2d_heatmap_sweep.py,FewestFailuresFirst+NeverRemove,FewestFailuresFirst(),NeverRemove(),51,9,2057.3500000000017,0.16331688823000434,1721,1223,498,1721,1411,992,729,303,218,1200,0,0,0,7,0,0,367,167.99125364431487,63,114.23615160349854,343,1.46,"{""adaptive_replications"": false, ""auto_repair_fail_prob"": 0.6, ""auto_repair_time"": 120.0, ""bad_server_regen_interval"": 43200, ""bad_server_regeneration"": false, ""confidence_level"": 0.95, ""diagnosis_probability"": 1.0, ""diagnosis_uncertainty"": 0.0, ""enable_topology"": false, ""failure_distribution"": ""exponential"", ""host_selection_time"": 3.0, ""job_length"": 20160, ""job_size"": 4096, ""lognormal_sigma"": 1.0, ""manual_repair_fail_prob"": 0.4, ""manual_repair_time"": 2880.0, ""max_replications"": 1000, ""num_replications"": 30, ""preemption_wait_time"": 20.0, ""prob_auto_to_manual"": 0.8, ""rack_size"": 8, ""random_failure_rate"": 1.388888888888889e-05, ""recovery_time"": 60.0, ""relative_accuracy"": 0.05, ""seed"": 42, ""spare_pool_size"": 200, ""systematic_failure_fraction"": 0.08, ""systematic_failure_rate_multiplier"": 20.0, ""warm_standbys"": 16, ""weibull_shape"": 1.0, ""working_pool_size"": 4600}"
da28d045aeb687e2f7991924bb1c67e7501cd076,2d_heatmap_sweep.py,Random+NeverRemove,DefaultHostSelection(),NeverRemove(),42,0,2265.3000000000006,0.14832472520195983,1929,1137,792,1929,1572,780,1149,313,513,1103,0,0,0,6,0,0,369,177.53703703703704,53,150.1904761904762,378,1.59,"{""adaptive_replications"": false, ""auto_repair_fail_prob"": 0.6, ""auto_repair_time"": 120.0, ""bad_server_regen_interval"": 43200, ""bad_server_regeneration"": false, ""confidence_level"": 0.95, ""diagnosis_probability"": 1.0, ""diagnosis_uncertainty"": 0.0, ""enable_topology"": false, ""failure_distribution"": ""exponential"", ""host_selection_time"": 3.0, ""job_length"": 20160, ""job_size"": 4096, ""lognormal_sigma"": 1.0, ""manual_repair_fail_prob"": 0.6, ""manual_repair_time"": 2880.0, ""max_replications"": 1000, ""num_replications"": 30, ""preemption_wait_time"": 20.0, ""prob_auto_to_manual"": 0.8, ""rack_size"": 8, ""random_failure_rate"": 1.388888888888889e-05, ""recovery_time"": 60.0, ""relative_accuracy"": 0.05, ""seed"": 42, ""spare_pool_size"": 200, ""systematic_failure_fraction"": 0.08, ""systematic_failure_rate_multiplier"": 20.0, ""warm_standbys"": 16, ""weibull_shape"": 1.0, ""working_pool_size"": 4600}"
da28d045aeb687e2f7991924bb1c67e7501cd076,2d_heatmap_sweep.py,Random+NeverRemove,DefaultHostSelection(),NeverRemove(),43,1,2217.350000000004,0.15153223442397412,1881,1152,729,1881,1520,754,1127,308,457,1116,0,0,0,7,0,0,370,172.8027027027027,59,146.4189189189189,370,1.63,"{""adaptive_replications"": false, ""auto_repair_fail_prob"": 0.6, ""auto_repair_time"": 120.0, ""bad_server_regen_interval"": 43200, ""bad_server_regeneration"": false, ""confidence_level"": 0.95, ""diagnosis_probability"": 1.0, ""diagnosis_uncertainty"": 0.0, ""enable_topology"": false, ""failure_distribution"": ""exponential"", ""host_selection_time"": 3.0, ""job_length"": 20160, ""job_size"": 4096, ""lognormal_sigma"": 1.0, ""manual_repair_fail_prob"": 0.6, ""manual_repair_time"": 2880.0, ""max_replications"": 1000, ""num_replications"": 30, ""preemption_wait_time"": 20.0, ""prob_auto_to_manual"": 0.8, ""rack_size"": 8, ""random_failure_rate"": 1.388888888888889e-05, ""recovery_time"": 60.0, ""relative_accuracy"": 0.05, ""seed"": 42, ""spare_pool_size"": 200, ""systematic_failure_fraction"": 0.08, ""systematic_failure_rate_multiplier"": 20.0, ""warm_standbys"": 16, ""weibull_shape"": 1.0, ""working_pool_size"": 4600}"
da28d045aeb687e2f7991924bb1c67e7501cd076,2d_heatmap_sweep.py,Random+NeverRemove,DefaultHostSelection(),NeverRemove(),44,2,2175.5000000000014,0.15444725350494143,1839,1123,716,1839,1498,753,1086,307,455,1077,0,0,0,10,0,0,366,173.84022038567494,56,149.86501377410468,363,1.57,"{""adaptive_replications"": false, ""auto_repair_fail_prob"": 0.6, ""auto_repair_time"": 120.0, ""bad_server_regen_interval"": 43200, ""bad_server_regeneration"": false, ""confidence_level"": 0.95, ""diagnosis_probability"": 1.0, ""diagnosis_uncertainty"": 0.0, ""enable_topology"": false, ""failure_distribution"": ""exponential"", ""host_selection_time"": 3.0, ""job_length"": 20160, ""job_size"": 4096, ""lognormal_sigma"": 1.0, ""manual_repair_fail_prob"": 0.6, ""manual_repair_time"": 2880.0, ""max_replications"": 1000, ""num_replications"": 30, ""preemption_wait_time"": 20.0, ""prob_auto_to_manual"": 0.8, ""rack_size"": 8, ""random_failure_rate"": 1.388888888888889e-05, ""recovery_time"": 60.0, ""relative_accuracy"": 0.05, ""seed"": 42, ""spare_pool_size"": 200, ""systematic_failure_fraction"": 0.08, ""systematic_failure_rate_multiplier"": 20.0, ""warm_standbys"": 16, ""weibull_shape"": 1.0, ""working_pool_size"": 4600}"
da28d045aeb687e2f7991924bb1c67e7501cd076,2d_heatmap_sweep.py,Random+NeverRemove,DefaultHostSelection(),NeverRemove(),45,3,2149.4499999999944,0.1563190583637679,1813,1085,728,1813,1451,722,1091,315,445,1053,0,0,0,9,0,0,365,173.0807799442897,46,149.41504178272982,359,1.58,"{""adaptive_replications"": false, ""auto_repair_fail_prob"": 0.6, ""auto_repair_time"": 120.0, ""bad_server_regen_interval"": 43200, ""bad_server_regeneration"": false, ""confidence_level"": 0.95, ""diagnosis_probability"": 1.0, ""diagnosis_uncertainty"": 0.0, ""enable_topology"": false, ""failure_distribution"": ""exponential"", ""host_selection_time"": 3.0, ""job_length"": 20160, ""job_size"": 4096, ""lognormal_sigma"": 1.0, ""manual_repair_fail_prob"": 0.6, ""manual_repair_time"": 2880.0, ""max_replications"": 1000, ""num_replications"": 30, ""preemption_wait_time"": 20.0, ""prob_auto_to_manual"": 0.8, ""rack_size"": 8, ""random_failure_rate"": 1.388888888888889e-05, ""recovery_time"": 60.0, ""relative_accuracy"": 0.05, ""seed"": 42, ""spare_pool_size"": 200, ""systematic_failure_fraction"": 0.08, ""systematic_failure_rate_multiplier"": 20.0, ""warm_standbys"": 16, ""weibull_shape"": 1.0, ""working_pool_size"": 4600}"
da28d045aeb687e2f7991924bb1c67e7501cd076,2d_heatmap_sweep.py,Random+NeverRemove,DefaultHostSelection(),NeverRemove(),46,4,2212.399999999995,0.15187127101789916,1876,1125,751,1876,1507,757,1119,322,473,1081,0,0,0,8,0,0,367,170.97289972899728,40,146.4119241192412,369,1.62,"{""adaptive_replications"": false, ""auto_repair_fail_prob"": 0.6, ""auto_repair_time"": 120.0, ""bad_server_regen_interval"": 43200, ""bad_server_regeneration"": false, ""confidence_level"": 0.95, ""diagnosis_probability"": 1.0, ""diagnosis_uncertainty"": 0.0, ""enable_topology"": false, ""failure_distribution"": ""exponential"", ""host_selection_time"": 3.0, ""job_length"": 20160, ""job_size"": 4096, ""lognormal_sigma"": 1.0, ""manual_repair_fail_prob"": 0.6, ""manual_repair_time"": 2880.0, ""max_replications"": 1000, ""num_replications"": 30, ""preemption_wait_time"": 20.0, ""prob_auto_to_manual"": 0.8, ""rack_size"": 8, ""random_failure_rate"": 1.388888888888889e-05, ""recovery_time"": 60.0, ""relative_accuracy"": 0.05, ""seed"": 42, ""spare_pool_size"": 200, ""systematic_failure_fraction"": 0.08, ""systematic_failure_rate_multiplier"": 20.0, ""warm_standbys"": 16, ""weibull_shape"": 1.0, ""working_pool_size"": 4600}"
da28d045aeb687e2f7991924bb1c67e7501cd076,2d_heatmap_sweep.py,Random+NeverRemove,DefaultHostSelection(),NeverRemove(),47,5,2289.400000000003,0.14676334410762612,1953,1191,762,1953,1560,763,1190,298,510,1145,0,0,0,8,0,0,364,171.73821989528795,62,145.31413612565444,382,1.63,"{""adaptive_replications"": false, ""auto_repair_fail_prob"": 0.6, ""auto_repair_time"": 120.0, ""bad_server_regen_interval"": 43200, ""bad_server_regeneration"": false, ""confidence_level"": 0.95, ""diagnosis_probability"": 1.0, ""diagnosis_uncertainty"": 0.0, ""enable_topology"": false, ""failure_distribution"": ""exponential"", ""host_selection_time"": 3.0, ""job_length"": 20160, ""job_size"": 4096, ""lognormal_sigma"": 1.0, ""manual_repair_fail_prob"": 0.6, ""manual_repair_time"": 2880.0, ""max_replications"": 1000, ""num_replications"": 30, ""preemption_wait_time"": 20.0, ""prob_auto_to_manual"": 0.8, ""rack_size"": 8, ""random_failure_rate"": 1.388888888888889e-05, ""recovery_time"": 60.0, ""relative_accuracy"": 0.05, ""seed"": 42, ""spare_pool_size"": 200, ""systematic_failure_fraction"": 0.08, ""systematic_failure_rate_multiplier"": 20.0, ""warm_standbys"": 16, ""weibull_shape"": 1.0, ""working_pool_size"": 4600}"
da28d045aeb687e2f7991924bb1c67e7501cd076,2d_heatmap_sweep.py,Random+NeverRemove,DefaultHostSelection(),NeverRemove(),48,6,2183.2500000000005,0.15389900377877014,1847,1128,719,1847,1474,720,1127,301,456,1090,0,0,0,5,0,0,365,175.6346153846154,62,149.17582417582418,364,1.52,"{""adaptive_replications"": false, ""auto_repair_fail_prob"": 0.6, ""auto_repair_time"": 120.0, ""bad_server_regen_interval"": 43200, ""bad_server_regeneration"": false, ""confidence_level"": 0.95, ""diagnosis_probability"": 1.0, ""diagnosis_uncertainty"": 0.0, ""enable_topology"": false, ""failure_distribution"": ""exponential"", ""host_selection_time"": 3.0, ""job_length"": 20160, ""job_size"": 4096, ""lognormal_sigma"": 1.0, ""manual_repair_fail_prob"": 0.6, ""manual_repair_time"": 2880.0, ""max_replications"": 1000, ""num_replications"": 30, ""preemption_wait_time"": 20.0, ""prob_auto_to_manual"": 0.8, ""rack_size"": 8, ""random_failure_rate"": 1.388888888888889e-05, ""recovery_time"": 60.0, ""relative_accuracy"": 0.05, ""seed"": 42, ""spare_pool_size"": 200, ""systematic_failure_fraction"": 0.08, ""systematic_failure_rate_multiplier"": 20.0, ""warm_standbys"": 16, ""weibull_shape"": 1.0, ""working_pool_size"": 4600}"
da28d045aeb687e2f7991924bb1c67e7501cd076,2d_heatmap_sweep.py,Random+NeverRemove,DefaultHostSelection(),NeverRemove(),49,7,2275.4000000000024,0.14766634437901002,1939,1164,775,1939,1531,799,1140,313,506,1120,0,0,0,8,0,0,369,171.83947368421053,55,150.22368421052633,380,1.6,"{""adaptive_replications"": false, ""auto_repair_fail_prob"": 0.6, ""auto_repair_time"": 120.0, ""bad_server_regen_interval"": 43200, ""bad_server_regeneration"": false, ""confidence_level"": 0.95, ""diagnosis_probability"": 1.0, ""diagnosis_uncertainty"": 0.0, ""enable_topology"": false, ""failure_distribution"": ""exponential"", ""host_selection_time"": 3.0, ""job_length"": 20160, ""job_size"": 4096, ""lognormal_sigma"": 1.0, ""manual_repair_fail_prob"": 0.6, ""manual_repair_time"": 2880.0, ""max_replications"": 1000, ""num_replications"": 30, ""preemption_wait_time"": 20.0, ""prob_auto_to_manual"": 0.8, ""rack_size"": 8, ""random_failure_rate"": 1.388888888888889e-05, ""recovery_time"": 60.0, ""relative_accuracy"": 0.05, ""seed"": 42, ""spare_pool_size"": 200, ""systematic_failure_fraction"": 0.08, ""systematic_failure_rate_multiplier"": 20.0, ""warm_standbys"": 16, ""weibull_shape"": 1.0, ""working_pool_size"": 4600}"
da28d045aeb687e2f7991924bb1c67e7501cd076,2d_heatmap_sweep.py,Random+NeverRemove,DefaultHostSelection(),NeverRemove(),50,8,2164.3499999999995,0.15524291357682438,1828,1089,739,1828,1485,703,1125,307,461,1060,0,0,0,7,0,0,369,172.34626038781164,55,145.31578947368422,361,1.52,"{""adaptive_replications"": false, ""auto_repair_fail_prob"": 0.6, ""auto_repair_time"": 120.0, ""bad_server_regen_interval"": 43200, ""bad_server_regeneration"": false, ""confidence_level"": 0.95, ""diagnosis_probability"": 1.0, ""diagnosis_uncertainty"": 0.0, ""enable_topology"": false, ""failure_distribution"": ""exponential"", ""host_selection_time"": 3.0, ""job_length"": 20160, ""job_size"": 4096, ""lognormal_sigma"": 1.0, ""manual_repair_fail_prob"": 0.6, ""manual_repair_time"": 2880.0, ""max_replications"": 1000, ""num_replications"": 30, ""preemption_wait_time"": 20.0, ""prob_auto_to_manual"": 0.8, ""rack_size"": 8, ""random_failure_rate"": 1.388888888888889e-05, ""recovery_time"": 60.0, ""relative_accuracy"": 0.05, ""seed"": 42, ""spare_pool_size"": 200, ""systematic_failure_fraction"": 0.08, ""systematic_failure_rate_multiplier"": 20.0, ""warm_standbys"": 16, ""weibull_shape"": 1.0, ""working_pool_size"": 4600}"
da28d045aeb687e2f7991924bb1c67e7501cd076,2d_heatmap_sweep.py,Random+NeverRemove,DefaultHostSelection(),NeverRemove(),51,9,2271.4,0.14792638901118285,1935,1192,743,1935,1546,731,1204,300,481,1154,0,0,0,8,0,0,367,183.95250659630608,64,155.377308707124,379,1.65,"{""adaptive_replications"": false, ""auto_repair_fail_prob"": 0.6, ""auto_repair_time"": 120.0, ""bad_server_regen_interval"": 43200, ""bad_server_regeneration"": false, ""confidence_level"": 0.95, ""diagnosis_probability"": 1.0, ""diagnosis_uncertainty"": 0.0, ""enable_topology"": false, ""failure_distribution"": ""exponential"", ""host_selection_time"": 3.0, ""job_length"": 20160, ""job_size"": 4096, ""lognormal_sigma"": 1.0, ""manual_repair_fail_prob"": 0.6, ""manual_repair_time"": 2880.0, ""max_replications"": 1000, ""num_replications"": 30, ""preemption_wait_time"": 20.0, ""prob_auto_to_manual"": 0.8, ""rack_size"": 8, ""random_failure_rate"": 1.388888888888889e-05, ""recovery_time"": 60.0, ""relative_accuracy"": 0.05, ""seed"": 42, ""spare_pool_size"": 200, ""systematic_failure_fraction"": 0.08, ""systematic_failure_rate_multiplier"": 20.0, ""warm_standbys"": 16, ""weibull_shape"": 1.0, ""working_pool_size"": 4600}"
da28d045aeb687e2f7991924bb1c67e7501cd076,2d_heatmap_sweep.py,Random+ScoredRemoval(SC_fast),DefaultHostSelection(),"ScoredRemoval(initial_score=100.0, failure_penalty=60.0, success_increment=5.0, time_period=1440, retirement_threshold=0.0)",42,0,2022.2999999999986,0.16614745586708232,1685,1124,561,1685,1333,668,1017,237,353,1095,0,364,0,26,0,0,369,132.3698224852071,5,118.67455621301775,338,1.81,"{""adaptive_replications"": false, ""auto_repair_fail_prob"": 0.6, ""auto_repair_time"": 120.0, ""bad_server_regen_interval"": 43200, ""bad_server_regeneration"": false, ""confidence_level"": 0.95, ""diagnosis_probability"": 1.0, ""diagnosis_uncertainty"": 0.0, ""enable_topology"": false, ""failure_distribution"": ""exponential"", ""host_selection_time"": 3.0, ""job_length"": 20160, ""job_size"": 4096, ""lognormal_sigma"": 1.0, ""manual_repair_fail_prob"": 0.6, ""manual_repair_time"": 2880.0, ""max_replications"": 1000, ""num_replications"": 30, ""preemption_wait_time"": 20.0, ""prob_auto_to_manual"": 0.8, ""rack_size"": 8, ""random_failure_rate"": 1.388888888888889e-05, ""recovery_time"": 60.0, ""relative_accuracy"": 0.05, ""seed"": 42, ""spare_pool_size"": 200, ""systematic_failure_fraction"": 0.08, ""systematic_failure_rate_multiplier"": 20.0, ""warm_standbys"": 16, ""weibull_shape"": 1.0, ""working_pool_size"": 4600}"
da28d045aeb687e2f7991924bb1c67e7501cd076,2d_heatmap_sweep.py,Random+ScoredRemoval(SC_fast),DefaultHostSelection(),"ScoredRemoval(initial_score=100.0, failure_penalty=60.0, success_increment=5.0, time_period=1440, retirement_threshold=0.0)",43,1,2027.2999999999977,0.1657376806590048,1690,1141,549,1690,1353,669,1021,235,349,1106,0,353,0,26,0,0,370,142.8905325443787,11,128.2396449704142,338,2.15,"{""adaptive_replications"": false, ""auto_repair_fail_prob"": 0.6, ""auto_repair_time"": 120.0, ""bad_server_regen_interval"": 43200, ""bad_server_regeneration"": false, ""confidence_level"": 0.95, ""diagnosis_probability"": 1.0, ""diagnosis_uncertainty"": 0.0, ""enable_topology"": false, ""failure_distribution"": ""exponential"", ""host_selection_time"": 3.0, ""job_length"": 20160, ""job_size"": 4096, ""lognormal_sigma"": 1.0, ""manual_repair_fail_prob"": 0.6, ""manual_repair_time"": 2880.0, ""max_replications"": 1000, ""num_replications"": 30, ""preemption_wait_time"": 20.0, ""prob_auto_to_manual"": 0.8, ""rack_size"": 8, ""random_failure_rate"": 1.388888888888889e-05, ""recovery_time"": 60.0, ""relative_accuracy"": 0.05, ""seed"": 42, ""spare_pool_size"": 200, ""systematic_failure_fraction"": 0.08, ""systematic_failure_rate_multiplier"": 20.0, ""warm_standbys"": 16, ""weibull_shape"": 1.0, ""working_pool_size"": 4600}"
da28d045aeb687e2f7991924bb1c67e7501cd076,2d_heatmap_sweep.py,Random+ScoredRemoval(SC_fast),DefaultHostSelection(),"ScoredRemoval(initial_score=100.0, failure_penalty=60.0, success_increment=5.0, time_period=1440, retirement_threshold=0.0)",44,2,2043.349999999999,0.1644358528886386,1706,1170,536,1706,1338,711,995,256,309,1141,0,349,0,27,0,0,366,132.2375366568915,7,117.22287390029325,341,2.18,"{""adaptive_replications"": false, ""auto_repair_fail_prob"": 0.6, ""auto_repair_time"": 120.0, ""bad_server_regen_interval"": 43200, ""bad_server_regeneration"": false, ""confidence_level"": 0.95, ""diagnosis_probability"": 1.0, ""diagnosis_uncertainty"": 0.0, ""enable_topology"": false, ""failure_distribution"": ""exponential"", ""host_selection_time"": 3.0, ""job_length"": 20160, ""job_size"": 4096, ""lognormal_sigma"": 1.0, ""manual_repair_fail_prob"": 0.6, ""manual_repair_time"": 2880.0, ""max_replications"": 1000, ""num_replications"": 30, ""preemption_wait_time"": 20.0, ""prob_auto_to_manual"": 0.8, ""rack_size"": 8, ""random_failure_rate"": 1.388888888888889e-05, ""recovery_time"": 60.0, ""relative_accuracy"": 0.05, ""seed"": 42, ""spare_pool_size"": 200, ""systematic_failure_fraction"": 0.08, ""systematic_failure_rate_multiplier"": 20.0, ""warm_standbys"": 16, ""weibull_shape"": 1.0, ""working_pool_size"": 4600}"
da28d045aeb687e2f7991924bb1c67e7501cd076,2d_heatmap_sweep.py,Random+ScoredRemoval(SC_fast),DefaultHostSelection(),"ScoredRemoval(initial_score=100.0, failure_penalty=60.0, success_increment=5.0, time_period=1440, retirement_threshold=0.0)",45,3,2051.349999999999,0.1637945743047264,1714,1159,555,1714,1385,714,1000,233,351,1130,0,366,0,27,0,0,365,138.546783625731,4,122.98245614035088,342,2.13,"{""adaptive_replications"": false, ""auto_repair_fail_prob"": 0.6, ""auto_repair_time"": 120.0, ""bad_server_regen_interval"": 43200, ""bad_server_regeneration"": false, ""confidence_level"": 0.95, ""diagnosis_probability"": 1.0, ""diagnosis_uncertainty"": 0.0, ""enable_topology"": false, ""failure_distribution"": ""exponential"", ""host_selection_time"": 3.0, ""job_length"": 20160, ""job_size"": 4096, ""lognormal_sigma"": 1.0, ""manual_repair_fail_prob"": 0.6, ""manual_repair_time"": 2880.0, ""max_replications"": 1000, ""num_replications"": 30, ""preemption_wait_time"": 20.0, ""prob_auto_to_manual"": 0.8, ""rack_size"": 8, ""random_failure_rate"": 1.388888888888889e-05, ""recovery_time"": 60.0, ""relative_accuracy"": 0.05, ""seed"": 42, ""spare_pool_size"": 200, ""systematic_failure_fraction"": 0.08, ""systematic_failure_rate_multiplier"": 20.0, ""warm_standbys"": 16, ""weibull_shape"": 1.0, ""working_pool_size"": 4600}"
da28d045aeb687e2f7991924bb1c67e7501cd076,2d_heatmap_sweep.py,Random+ScoredRemoval(SC_fast),DefaultHostSelection(),"ScoredRemoval(initial_score=100.0, failure_penalty=60.0, success_increment=5.0, time_period=1440, retirement_threshold=0.0)",46,4,1976.2999999999977,0.170014673885544,1639,1088,551,1639,1304,665,974,225,356,1058,0,348,0,26,0,0,367,140.78787878787878,10,125.91515151515152,330,2.09,"{""adaptive_replications"": false, ""auto_repair_fail_prob"": 0.6, ""auto_repair_time"": 120.0, ""bad_server_regen_interval"": 43200, ""bad_server_regeneration"": false, ""confidence_level"": 0.95, ""diagnosis_probability"": 1.0, ""diagnosis_uncertainty"": 0.0, ""enable_topology"": false, ""failure_distribution"": ""exponential"", ""host_selection_time"": 3.0, ""job_length"": 20160, ""job_size"": 4096, ""lognormal_sigma"": 1.0, ""manual_repair_fail_prob"": 0.6, ""manual_repair_time"": 2880.0, ""max_replications"": 1000, ""num_replications"": 30, ""preemption_wait_time"": 20.0, ""prob_auto_to_manual"": 0.8, ""rack_size"": 8, ""random_failure_rate"": 1.388888888888889e-05, ""recovery_time"": 60.0, ""relative_accuracy"": 0.05, ""seed"": 42, ""spare_pool_size"": 200, ""systematic_failure_fraction"": 0.08, ""systematic_failure_rate_multiplier"": 20.0, ""warm_standbys"": 16, ""weibull_shape"": 1.0, ""working_pool_size"": 4600}"
da28d045aeb687e2f7991924bb1c67e7501cd076,2d_heatmap_sweep.py,Random+ScoredRemoval(SC_fast),DefaultHostSelection(),"ScoredRemoval(initial_score=100.0, failure_penalty=60.0, success_increment=5.0, time_period=1440, retirement_threshold=0.0)",47,5,2046.2500000000011,0.1642028100183264,1709,1184,525,1709,1348,691,1018,235,322,1152,0,344,0,25,0,0,364,140.69005847953215,15,125.55263157894737,342,2.15,"{""adaptive_replications"": false, ""auto_repair_fail_prob"": 0.6, ""auto_repair_time"": 120.0, ""bad_server_regen_interval"": 43200, ""bad_server_regeneration"": false, ""confidence_level"": 0.95, ""diagnosis_probability"": 1.0, ""diagnosis_uncertainty"": 0.0, ""enable_topology"": false, ""failure_distribution"": ""exponential"", ""host_selection_time"": 3.0, ""job_length"": 20160, ""job_size"": 4096, ""lognormal_sigma"": 1.0, ""manual_repair_fail_prob"": 0.6, ""manual_repair_time"": 2880.0, ""max_replications"": 1000, ""num_replications"": 30, ""preemption_wait_time"": 20.0, ""prob_auto_to_manual"": 0.8, ""rack_size"": 8, ""random_failure_rate"": 1.388888888888889e-05, ""recovery_time"": 60.0, ""relative_accuracy"": 0.05, ""seed"": 42, ""spare_pool_size"": 200, ""systematic_failure_fraction"": 0.08, ""systematic_failure_rate_multiplier"": 20.0, ""warm_standbys"": 16, ""weibull_shape"": 1.0, ""working_pool_size"": 4600}"
da28d045aeb687e2f7991924bb1c67e7501cd076,2d_heatmap_sweep.py,Random+ScoredRemoval(SC_fast),DefaultHostSelection(),"ScoredRemoval(initial_score=100.0, failure_penalty=60.0, success_increment=5.0, time_period=1440, retirement_threshold=0.0)",48,6,2049.299999999998,0.16395842482799017,1712,1168,544,1712,1373,678,1034,226,346,1140,0,360,0,26,0,0,365,139.91812865497076,9,126.13450292397661,342,2.12,"{""adaptive_replications"": false, ""auto_repair_fail_prob"": 0.6, ""auto_repair_time"": 120.0, ""bad_server_regen_interval"": 43200, ""bad_server_regeneration"": false, ""confidence_level"": 0.95, ""diagnosis_probability"": 1.0, ""diagnosis_uncertainty"": 0.0, ""enable_topology"": false, ""failure_distribution"": ""exponential"", ""host_selection_time"": 3.0, ""job_length"": 20160, ""job_size"": 4096, ""lognormal_sigma"": 1.0, ""manual_repair_fail_prob"": 0.6, ""manual_repair_time"": 2880.0, ""max_replications"": 1000, ""num_replications"": 30, ""preemption_wait_time"": 20.0, ""prob_auto_to_manual"": 0.8, ""rack_size"": 8, ""random_failure_rate"": 1.388888888888889e-05, ""recovery_time"": 60.0, ""relative_accuracy"": 0.05, ""seed"": 42, ""spare_pool_size"": 200, ""systematic_failure_fraction"": 0.08, ""systematic_failure_rate_multiplier"": 20.0, ""warm_standbys"": 16, ""weibull_shape"": 1.0, ""working_pool_size"": 4600}"
da28d045aeb687e2f7991924bb1c67e7501cd076,2d_heatmap_sweep.py,Random+ScoredRemoval(SC_fast),DefaultHostSelection(),"ScoredRemoval(initial_score=100.0, failure_penalty=60.0, success_increment=5.0, time_period=1440, retirement_threshold=0.0)",49,7,2068.249999999996,0.162456182763206,1731,1159,572,1731,1379,684,1047,230,367,1134,0,343,0,25,0,0,369,128.17391304347825,3,116.01159420289855,345,2.15,"{""adaptive_replications"": false, ""auto_repair_fail_prob"": 0.6, ""auto_repair_time"": 120.0, ""bad_server_regen_interval"": 43200, ""bad_server_regeneration"": false, ""confidence_level"": 0.95, ""diagnosis_probability"": 1.0, ""diagnosis_uncertainty"": 0.0, ""enable_topology"": false, ""failure_distribution"": ""exponential"", ""host_selection_time"": 3.0, ""job_length"": 20160, ""job_size"": 4096, ""lognormal_sigma"": 1.0, ""manual_repair_fail_prob"": 0.6, ""manual_repair_time"": 2880.0, ""max_replications"": 1000, ""num_replications"": 30, ""preemption_wait_time"": 20.0, ""prob_auto_to_manual"": 0.8, ""rack_size"": 8, ""random_failure_rate"": 1.388888888888889e-05, ""recovery_time"": 60.0, ""relative_accuracy"": 0.05, ""seed"": 42, ""spare_pool_size"": 200, ""systematic_failure_fraction"": 0.08, ""systematic_failure_rate_multiplier"": 20.0, ""warm_standbys"": 16, ""weibull_shape"": 1.0, ""working_pool_size"": 4600}"
da28d045aeb687e2f7991924bb1c67e7501cd076,2d_heatmap_sweep.py,Random+ScoredRemoval(SC_fast),DefaultHostSelection(),"ScoredRemoval(initial_score=100.0, failure_penalty=60.0, success_increment=5.0, time_period=1440, retirement_threshold=0.0)",50,8,1997.3000000000002,0.16822710659390164,1660,1113,547,1660,1310,663,997,241,334,1085,0,348,0,26,0,0,369,131.45645645645646,4,117.6096096096096,333,2.12,"{""adaptive_replications"": false, ""auto_repair_fail_prob"": 0.6, ""auto_repair_time"": 120.0, ""bad_server_regen_interval"": 43200, ""bad_server_regeneration"": false, ""confidence_level"": 0.95, ""diagnosis_probability"": 1.0, ""diagnosis_uncertainty"": 0.0, ""enable_topology"": false, ""failure_distribution"": ""exponential"", ""host_selection_time"": 3.0, ""job_length"": 20160, ""job_size"": 4096, ""lognormal_sigma"": 1.0, ""manual_repair_fail_prob"": 0.6, ""manual_repair_time"": 2880.0, ""max_replications"": 1000, ""num_replications"": 30, ""preemption_wait_time"": 20.0, ""prob_auto_to_manual"": 0.8, ""rack_size"": 8, ""random_failure_rate"": 1.388888888888889e-05, ""recovery_time"": 60.0, ""relative_accuracy"": 0.05, ""seed"": 42, ""spare_pool_size"": 200, ""systematic_failure_fraction"": 0.08, ""systematic_failure_rate_multiplier"": 20.0, ""warm_standbys"": 16, ""weibull_shape"": 1.0, ""working_pool_size"": 4600}"
da28d045aeb687e2f7991924bb1c67e7501cd076,2d_heatmap_sweep.py,Random+ScoredRemoval(SC_fast),DefaultHostSelection(),"ScoredRemoval(initial_score=100.0, failure_penalty=60.0, success_increment=5.0, time_period=1440, retirement_threshold=0.0)",51,9,2046.2999999999945,0.1641987978302309,1709,1160,549,1709,1367,674,1035,229,347,1133,0,363,0,26,0,0,367,138.54093567251462,10,125.1374269005848,342,2.25,"{""adaptive_replications"": false, ""auto_repair_fail_prob"": 0.6, ""auto_repair_time"": 120.0, ""bad_server_regen_interval"": 43200, ""bad_server_regeneration"": false, ""confidence_level"": 0.95, ""diagnosis_probability"": 1.0, ""diagnosis_uncertainty"": 0.0, ""enable_topology"": false, ""failure_distribution"": ""exponential"", ""host_selection_time"": 3.0, ""job_length"": 20160, ""job_size"": 4096, ""lognormal_sigma"": 1.0, ""manual_repair_fail_prob"": 0.6, ""manual_repair_time"": 2880.0, ""max_replications"": 1000, ""num_replications"": 30, ""preemption_wait_time"": 20.0, ""prob_auto_to_manual"": 0.8, ""rack_size"": 8, ""random_failure_rate"": 1.388888888888889e-05, ""recovery_time"": 60.0, ""relative_accuracy"": 0.05, ""seed"": 42, ""spare_pool_size"": 200, ""systematic_failure_fraction"": 0.08, ""systematic_failure_rate_multiplier"": 20.0, ""warm_standbys"": 16, ""weibull_shape"": 1.0, ""working_pool_size"": 4600}"
da28d045aeb687e2f7991924bb1c67e7501cd076,2d_heatmap_sweep.py,FewestFailuresFirst+NeverRemove,FewestFailuresFirst(),NeverRemove(),42,0,2066.35,0.16260556052943642,1730,1133,597,1730,1390,662,1068,238,386,1106,0,0,0,7,0,0,369,210.21159420289854,128,124.3768115942029,345,1.42,"{""adaptive_replications"": false, ""auto_repair_fail_prob"": 0.6, ""auto_repair_time"": 120.0, ""bad_server_regen_interval"": 43200, ""bad_server_regeneration"": false, ""confidence_level"": 0.95, ""diagnosis_probability"": 1.0, ""diagnosis_uncertainty"": 0.0, ""enable_topology"": false, ""failure_distribution"": ""exponential"", ""host_selection_time"": 3.0, ""job_length"": 20160, ""job_size"": 4096, ""lognormal_sigma"": 1.0, ""manual_repair_fail_prob"": 0.6, ""manual_repair_time"": 2880.0, ""max_replications"": 1000, ""num_replications"": 30, ""preemption_wait_time"": 20.0, ""prob_auto_to_manual"": 0.8, ""rack_size"": 8, ""random_failure_rate"": 1.388888888888889e-05, ""recovery_time"": 60.0, ""relative_accuracy"": 0.05, ""seed"": 42, ""spare_pool_size"": 200, ""systematic_failure_fraction"": 0.08, ""systematic_failure_rate_multiplier"": 20.0, ""warm_standbys"": 16, ""weibull_shape"": 1.0, ""working_pool_size"": 4600}"
da28d045aeb687e2f7991924bb1c67e7501cd076,2d_heatmap_sweep.py,FewestFailuresFirst+NeverRemove,FewestFailuresFirst(),NeverRemove(),43,1,2050.399999999999,0.16387046429964883,1714,1157,557,1714,1361,713,1001,255,329,1130,0,0,0,8,0,0,370,198.9561403508772,113,111.95906432748538,342,1.47,"{""adaptive_replications"": false, ""auto_repair_fail_prob"": 0.6, ""auto_repair_time"": 120.0, ""bad_server_regen_interval"": 43200, ""bad_server_regeneration"": false, ""confidence_level"": 0.95, ""diagnosis_probability"": 1.0, ""diagnosis_uncertainty"": 0.0, ""enable_topology"": false, ""failure_distribution"": ""exponential"", ""host_selection_time"": 3.0, ""job_length"": 20160, ""job_size"": 4096, ""lognormal_sigma"": 1.0, ""manual_repair_fail_prob"": 0.6, ""manual_repair_time"": 2880.0, ""max_replications"": 1000, ""num_replications"": 30, ""preemption_wait_time"": 20.0, ""prob_auto_to_manual"": 0.8, ""rack_size"": 8, ""random_failure_rate"": 1.388888888888889e-05, ""recovery_time"": 60.0, ""relative_accuracy"": 0.05, ""seed"": 42, ""spare_pool_size"": 200, ""systematic_failure_fraction"": 0.08, ""systematic_failure_rate_multiplier"": 20.0, ""warm_standbys"": 16, ""weibull_shape"": 1.0, ""working_pool_size"": 4600}"
da28d045aeb687e2f7991924bb1c67e7501cd076,2d_heatmap_sweep.py,FewestFailuresFirst+NeverRemove,FewestFailuresFirst(),NeverRemove(),44,2,1963.350000000002,0.17113606845442728,1627,1061,566,1627,1286,667,960,256,335,1036,0,0,0,7,0,0,366,198.5518292682927,107,114.3079268292683,328,1.4,"{""adaptive_replications"": false, ""auto_repair_fail_prob"": 0.6, ""auto_repair_time"": 120.0, ""bad_server_regen_interval"": 43200, ""bad_server_regeneration"": false, ""confidence_level"": 0.95, ""diagnosis_probability"": 1.0, ""diagnosis_uncertainty"": 0.0, ""enable_topology"": false, ""failure_distribution"": ""exponential"", ""host_selection_time"": 3.0, ""job_length"": 20160, ""job_size"": 4096, ""lognormal_sigma"": 1.0, ""manual_repair_fail_prob"": 0.6, ""manual_repair_time"": 2880.0, ""max_replications"": 1000, ""num_replications"": 30, ""preemption_wait_time"": 20.0, ""prob_auto_to_manual"": 0.8, ""rack_size"": 8, ""random_failure_rate"": 1.388888888888889e-05, ""recovery_time"": 60.0, ""relative_accuracy"": 0.05, ""seed"": 42, ""spare_pool_size"": 200, ""systematic_failure_fraction"": 0.08, ""systematic_failure_rate_multiplier"": 20.0, ""warm_standbys"": 16, ""weibull_shape"": 1.0, ""working_pool_size"": 4600}"
da28d045aeb687e2f7991924bb1c67e7501cd076,2d_heatmap_sweep.py,FewestFailuresFirst+NeverRemove,FewestFailuresFirst(),NeverRemove(),45,3,2081.2999999999997,0.16143756306154797,1745,1163,582,1745,1377,692,1053,246,363,1136,0,0,0,6,0,0,365,200.7608069164265,116,119.342939481268,347,1.5,"{""adaptive_replications"": false, ""auto_repair_fail_prob"": 0.6, ""auto_repair_time"": 120.0, ""bad_server_regen_interval"": 43200, ""bad_server_regeneration"": false, ""confidence_level"": 0.95, ""diagnosis_probability"": 1.0, ""diagnosis_uncertainty"": 0.0, ""enable_topology"": false, ""failure_distribution"": ""exponential"", ""host_selection_time"": 3.0, ""job_length"": 20160, ""job_size"": 4096, ""lognormal_sigma"": 1.0, ""manual_repair_fail_prob"": 0.6, ""manual_repair_time"": 2880.0, ""max_replications"": 1000, ""num_replications"": 30, ""preemption_wait_time"": 20.0, ""prob_auto_to_manual"": 0.8, ""rack_size"": 8, ""random_failure_rate"": 1.388888888888889e-05, ""recovery_time"": 60.0, ""relative_accuracy"": 0.05, ""seed"": 42, ""spare_pool_size"": 200, ""systematic_failure_fraction"": 0.08, ""systematic_failure_rate_multiplier"": 20.0, ""warm_standbys"": 16, ""weibull_shape"": 1.0, ""working_pool_size"": 4600}"
da28d045aeb687e2f7991924bb1c67e7501cd076,2d_heatmap_sweep.py,FewestFailuresFirst+NeverRemove,FewestFailuresFirst(),NeverRemove(),46,4,2196.300000000002,0.15298456495014362,1860,1235,625,1860,1476,737,1123,250,402,1208,0,0,0,6,0,0,367,205.05449591280654,111,125.1716621253406,367,1.62,"{""adaptive_replications"": false, ""auto_repair_fail_prob"": 0.6, ""auto_repair_time"": 120.0, ""bad_server_regen_interval"": 43200, ""bad_server_regeneration"": false, ""confidence_level"": 0.95, ""diagnosis_probability"": 1.0, ""diagnosis_uncertainty"": 0.0, ""enable_topology"": false, ""failure_distribution"": ""exponential"", ""host_selection_time"": 3.0, ""job_length"": 20160, ""job_size"": 4096, ""lognormal_sigma"": 1.0, ""manual_repair_fail_prob"": 0.6, ""manual_repair_time"": 2880.0, ""max_replications"": 1000, ""num_replications"": 30, ""preemption_wait_time"": 20.0, ""prob_auto_to_manual"": 0.8, ""rack_size"": 8, ""random_failure_rate"": 1.388888888888889e-05, ""recovery_time"": 60.0, ""relative_accuracy"": 0.05, ""seed"": 42, ""spare_pool_size"": 200, ""systematic_failure_fraction"": 0.08, ""systematic_failure_rate_multiplier"": 20.0, ""warm_standbys"": 16, ""weibull_shape"": 1.0, ""working_pool_size"": 4600}"
da28d045aeb687e2f7991924bb1c67e7501cd076,2d_heatmap_sweep.py,FewestFailuresFirst+NeverRemove,FewestFailuresFirst(),NeverRemove(),47,5,2041.250000000003,0.1646050214329454,1705,1128,577,1705,1354,675,1030,233,376,1096,0,0,0,5,0,0,364,210.2434017595308,129,118.39589442815249,341,1.48,"{""adaptive_replications"": false, ""auto_repair_fail_prob"": 0.6, ""auto_repair_time"": 120.0, ""bad_server_regen_interval"": 43200, ""bad_server_regeneration"": false, ""confidence_level"": 0.95, ""diagnosis_probability"": 1.0, ""diagnosis_uncertainty"": 0.0, ""enable_topology"": false, ""failure_distribution"": ""exponential"", ""host_selection_time"": 3.0, ""job_length"": 20160, ""job_size"": 4096, ""lognormal_sigma"": 1.0, ""manual_repair_fail_prob"": 0.6, ""manual_repair_time"": 2880.0, ""max_replications"": 1000, ""num_replications"": 30, ""preemption_wait_time"": 20.0, ""prob_auto_to_manual"": 0.8, ""rack_size"": 8, ""random_failure_rate"": 1.388888888888889e-05, ""recovery_time"": 60.0, ""relative_accuracy"": 0.05, ""seed"": 42, ""spare_pool_size"": 200, ""systematic_failure_fraction"": 0.08, ""systematic_failure_rate_multiplier"": 20.0, ""warm_standbys"": 16, ""weibull_shape"": 1.0, ""working_pool_size"": 4600}"
da28d045aeb687e2f7991924bb1c67e7501cd076,2d_heatmap_sweep.py,FewestFailuresFirst+NeverRemove,FewestFailuresFirst(),NeverRemove(),48,6,2022.2000000000007,0.16615567204035211,1686,1142,544,1686,1345,656,1030,231,351,1104,0,0,0,4,0,0,365,204.9171597633136,132,115.35502958579882,338,1.44,"{""adaptive_replications"": false, ""auto_repair_fail_prob"": 0.6, ""auto_repair_time"": 120.0, ""bad_server_regen_interval"": 43200, ""bad_server_regeneration"": false, ""confidence_level"": 0.95, ""diagnosis_probability"": 1.0, ""diagnosis_uncertainty"": 0.0, ""enable_topology"": false, ""failure_distribution"": ""exponential"", ""host_selection_time"": 3.0, ""job_length"": 20160, ""job_size"": 4096, ""lognormal_sigma"": 1.0, ""manual_repair_fail_prob"": 0.6, ""manual_repair_time"": 2880.0, ""max_replications"": 1000, ""num_replications"": 30, ""preemption_wait_time"": 20.0, ""prob_auto_to_manual"": 0.8, ""rack_size"": 8, ""random_failure_rate"": 1.388888888888889e-05, ""recovery_time"": 60.0, ""relative_accuracy"": 0.05, ""seed"": 42, ""spare_pool_size"": 200, ""systematic_failure_fraction"": 0.08, ""systematic_failure_rate_multiplier"": 20.0, ""warm_standbys"": 16, ""weibull_shape"": 1.0, ""working_pool_size"": 4600}"
da28d045aeb687e2f7991924bb1c67e7501cd076,2d_heatmap_sweep.py,FewestFailuresFirst+NeverRemove,FewestFailuresFirst(),NeverRemove(),49,7,2072.3000000000006,0.16213868648361757,1736,1150,586,1736,1376,712,1024,257,363,1116,0,0,0,6,0,0,369,199.40173410404626,110,119.23699421965318,346,1.49,"{""adaptive_replications"": false, ""auto_repair_fail_prob"": 0.6, ""auto_repair_time"": 120.0, ""bad_server_regen_interval"": 43200, ""bad_server_regeneration"": false, ""confidence_level"": 0.95, ""diagnosis_probability"": 1.0, ""diagnosis_uncertainty"": 0.0, ""enable_topology"": false, ""failure_distribution"": ""exponential"", ""host_selection_time"": 3.0, ""job_length"": 20160, ""job_size"": 4096, ""lognormal_sigma"": 1.0, ""manual_repair_fail_prob"": 0.6, ""manual_repair_time"": 2880.0, ""max_replications"": 1000, ""num_replications"": 30, ""preemption_wait_time"": 20.0, ""prob_auto_to_manual"": 0.8, ""rack_size"": 8, ""random_failure_rate"": 1.388888888888889e-05, ""recovery_time"": 60.0, ""relative_accuracy"": 0.05, ""seed"": 42, ""spare_pool_size"": 200, ""systematic_failure_fraction"": 0.08, ""systematic_failure_rate_multiplier"": 20.0, ""warm_standbys"": 16, ""weibull_shape"": 1.0, ""working_pool_size"": 4600}"
da28d045aeb687e2f7991924bb1c67e7501cd076,2d_heatmap_sweep.py,FewestFailuresFirst+NeverRemove,FewestFailuresFirst(),NeverRemove(),50,8,2010.2999999999997,0.16713923295030636,1674,1102,572,1674,1350,653,1021,229,371,1074,0,0,0,6,0,0,369,220.20833333333334,136,118.05952380952381,336,1.44,"{""adaptive_replications"": false, ""auto_repair_fail_prob"": 0.6, ""auto_repair_time"": 120.0, ""bad_server_regen_interval"": 43200, ""bad_server_regeneration"": false, ""confidence_level"": 0.95, ""diagnosis_probability"": 1.0, ""diagnosis_uncertainty"": 0.0, ""enable_topology"": false, ""failure_distribution"": ""exponential"", ""host_selection_time"": 3.0, ""job_length"": 20160, ""job_size"": 4096, ""lognormal_sigma"": 1.0, ""manual_repair_fail_prob"": 0.6, ""manual_repair_time"": 2880.0, ""max_replications"": 1000, ""num_replications"": 30, ""preemption_wait_time"": 20.0, ""prob_auto_to_manual"": 0.8, ""rack_size"": 8, ""random_failure_rate"": 1.388888888888889e-05, ""recovery_time"": 60.0, ""relative_accuracy"": 0.05, ""seed"": 42, ""spare_pool_size"": 200, ""systematic_failure_fraction"": 0.08, ""systematic_failure_rate_multiplier"": 20.0, ""warm_standbys"": 16, ""weibull_shape"": 1.0, ""working_pool_size"": 4600}"
da28d045aeb687e2f7991924bb1c67e7501cd076,2d_heatmap_sweep.py,FewestFailuresFirst+NeverRemove,FewestFailuresFirst(),NeverRemove(),51,9,2065.3499999999995,0.16268429079817007,1729,1126,603,1729,1394,680,1049,257,376,1096,0,0,0,7,0,0,367,201.01739130434783,110,136.06376811594203,345,1.49,"{""adaptive_replications"": false, ""auto_repair_fail_prob"": 0.6, ""auto_repair_time"": 120.0, ""bad_server_regen_interval"": 43200, ""bad_server_regeneration"": false, ""confidence_level"": 0.95, ""diagnosis_probability"": 1.0, ""diagnosis_uncertainty"": 0.0, ""enable_topology"": false, ""failure_distribution"": ""exponential"", ""host_selection_time"": 3.0, ""job_length"": 20160, ""job_size"": 4096, ""lognormal_sigma"": 1.0, ""manual_repair_fail_prob"": 0.6, ""manual_repair_time"": 2880.0, ""max_replications"": 1000, ""num_replications"": 30, ""preemption_wait_time"": 20.0, ""prob_auto_to_manual"": 0.8, ""rack_size"": 8, ""random_failure_rate"": 1.388888888888889e-05, ""recovery_time"": 60.0, ""relative_accuracy"": 0.05, ""seed"": 42, ""spare_pool_size"": 200, ""systematic_failure_fraction"": 0.08, ""systematic_failure_rate_multiplier"": 20.0, ""warm_standbys"": 16, ""weibull_shape"": 1.0, ""working_pool_size"": 4600}"
da28d045aeb687e2f7991924bb1c67e7501cd076,2d_heatmap_sweep.py,Random+NeverRemove,DefaultHostSelection(),NeverRemove(),42,0,2355.400000000002,0.14265092977838148,2019,1095,924,2019,1602,558,1461,252,707,1060,0,0,0,8,0,0,369,213.74809160305344,109,179.59541984732823,393,1.58,"{""adaptive_replications"": false, ""auto_repair_fail_prob"": 0.6, ""auto_repair_time"": 120.0, ""bad_server_regen_interval"": 43200, ""bad_server_regeneration"": false, ""confidence_level"": 0.95, ""diagnosis_probability"": 1.0, ""diagnosis_uncertainty"": 0.0, ""enable_topology"": false, ""failure_distribution"": ""exponential"", ""host_selection_time"": 3.0, ""job_length"": 20160, ""job_size"": 4096, ""lognormal_sigma"": 1.0, ""manual_repair_fail_prob"": 0.75, ""manual_repair_time"": 2880.0, ""max_replications"": 1000, ""num_replications"": 30, ""preemption_wait_time"": 20.0, ""prob_auto_to_manual"": 0.8, ""rack_size"": 8, ""random_failure_rate"": 1.388888888888889e-05, ""recovery_time"": 60.0, ""relative_accuracy"": 0.05, ""seed"": 42, ""spare_pool_size"": 200, ""systematic_failure_fraction"": 0.08, ""systematic_failure_rate_multiplier"": 20.0, ""warm_standbys"": 16, ""weibull_shape"": 1.0, ""working_pool_size"": 4600}"
da28d045aeb687e2f7991924bb1c67e7501cd076,2d_heatmap_sweep.py,Random+NeverRemove,DefaultHostSelection(),NeverRemove(),43,1,2337.4000000000015,0.14374946521776333,2001,1121,880,2001,1604,564,1437,271,657,1073,0,0,0,8,0,0,370,197.98717948717947,91,171.82564102564103,390,1.67,"{""adaptive_replications"": false, ""auto_repair_fail_prob"": 0.6, ""auto_repair_time"": 120.0, ""bad_server_regen_interval"": 43200, ""bad_server_regeneration"": false, ""confidence_level"": 0.95, ""diagnosis_probability"": 1.0, ""diagnosis_uncertainty"": 0.0, ""enable_topology"": false, ""failure_distribution"": ""exponential"", ""host_selection_time"": 3.0, ""job_length"": 20160, ""job_size"": 4096, ""lognormal_sigma"": 1.0, ""manual_repair_fail_prob"": 0.75, ""manual_repair_time"": 2880.0, ""max_replications"": 1000, ""num_replications"": 30, ""preemption_wait_time"": 20.0, ""prob_auto_to_manual"": 0.8, ""rack_size"": 8, ""random_failure_rate"": 1.388888888888889e-05, ""recovery_time"": 60.0, ""relative_accuracy"": 0.05, ""seed"": 42, ""spare_pool_size"": 200, ""systematic_failure_fraction"": 0.08, ""systematic_failure_rate_multiplier"": 20.0, ""warm_standbys"": 16, ""weibull_shape"": 1.0, ""working_pool_size"": 4600}"
da28d045aeb687e2f7991924bb1c67e7501cd076,2d_heatmap_sweep.py,Random+NeverRemove,DefaultHostSelection(),NeverRemove(),44,2,2391.3499999999976,0.14050640851401938,2055,1164,891,2055,1626,607,1448,261,678,1116,0,0,0,7,0,0,366,204.83208020050125,100,171.3734335839599,399,1.71,"{""adaptive_replications"": false, ""auto_repair_fail_prob"": 0.6, ""auto_repair_time"": 120.0, ""bad_server_regen_interval"": 43200, ""bad_server_regeneration"": false, ""confidence_level"": 0.95, ""diagnosis_probability"": 1.0, ""diagnosis_uncertainty"": 0.0, ""enable_topology"": false, ""failure_distribution"": ""exponential"", ""host_selection_time"": 3.0, ""job_length"": 20160, ""job_size"": 4096, ""lognormal_sigma"": 1.0, ""manual_repair_fail_prob"": 0.75, ""manual_repair_time"": 2880.0, ""max_replications"": 1000, ""num_replications"": 30, ""preemption_wait_time"": 20.0, ""prob_auto_to_manual"": 0.8, ""rack_size"": 8, ""random_failure_rate"": 1.388888888888889e-05, ""recovery_time"": 60.0, ""relative_accuracy"": 0.05, ""seed"": 42, ""spare_pool_size"": 200, ""systematic_failure_fraction"": 0.08, ""systematic_failure_rate_multiplier"": 20.0, ""warm_standbys"": 16, ""weibull_shape"": 1.0, ""working_pool_size"": 4600}"
da28d045aeb687e2f7991924bb1c67e7501cd076,2d_heatmap_sweep.py,Random+NeverRemove,DefaultHostSelection(),NeverRemove(),45,3,2422.3999999999983,0.1387054161162486,2086,1170,916,2086,1658,596,1490,275,681,1130,0,0,0,8,0,0,365,196.4381188118812,82,167.15841584158414,404,1.79,"{""adaptive_replications"": false, ""auto_repair_fail_prob"": 0.6, ""auto_repair_time"": 120.0, ""bad_server_regen_interval"": 43200, ""bad_server_regeneration"": false, ""confidence_level"": 0.95, ""diagnosis_probability"": 1.0, ""diagnosis_uncertainty"": 0.0, ""enable_topology"": false, ""failure_distribution"": ""exponential"", ""host_selection_time"": 3.0, ""job_length"": 20160, ""job_size"": 4096, ""lognormal_sigma"": 1.0, ""manual_repair_fail_prob"": 0.75, ""manual_repair_time"": 2880.0, ""max_replications"": 1000, ""num_replications"": 30, ""preemption_wait_time"": 20.0, ""prob_auto_to_manual"": 0.8, ""rack_size"": 8, ""random_failure_rate"": 1.388888888888889e-05, ""recovery_time"": 60.0, ""relative_accuracy"": 0.05, ""seed"": 42, ""spare_pool_size"": 200, ""systematic_failure_fraction"": 0.08, ""systematic_failure_rate_multiplier"": 20.0, ""warm_standbys"": 16, ""weibull_shape"": 1.0, ""working_pool_size"": 4600}"
da28d045aeb687e2f7991924bb1c67e7501cd076,2d_heatmap_sweep.py,Random+NeverRemove,DefaultHostSelection(),NeverRemove(),46,4,2427.4000000000005,0.13841970832990058,2091,1190,901,2091,1683,605,1486,286,660,1145,0,0,0,8,0,0,367,201.79506172839507,76,171.5901234567901,405,1.81,"{""adaptive_replications"": false, ""auto_repair_fail_prob"": 0.6, ""auto_repair_time"": 120.0, ""bad_server_regen_interval"": 43200, ""bad_server_regeneration"": false, ""confidence_level"": 0.95, ""diagnosis_probability"": 1.0, ""diagnosis_uncertainty"": 0.0, ""enable_topology"": false, ""failure_distribution"": ""exponential"", ""host_selection_time"": 3.0, ""job_length"": 20160, ""job_size"": 4096, ""lognormal_sigma"": 1.0, ""manual_repair_fail_prob"": 0.75, ""manual_repair_time"": 2880.0, ""max_replications"": 1000, ""num_replications"": 30, ""preemption_wait_time"": 20.0, ""prob_auto_to_manual"": 0.8, ""rack_size"": 8, ""random_failure_rate"": 1.388888888888889e-05, ""recovery_time"": 60.0, ""relative_accuracy"": 0.05, ""seed"": 42, ""spare_pool_size"": 200, ""systematic_failure_fraction"": 0.08, ""systematic_failure_rate_multiplier"": 20.0, ""warm_standbys"": 16, ""weibull_shape"": 1.0, ""working_pool_size"": 4600}"
da28d045aeb687e2f7991924bb1c67e7501cd076,2d_heatmap_sweep.py,Random+NeverRemove,DefaultHostSelection(),NeverRemove(),47,5,2454.4500000000003,0.13689421255271042,2118,1177,941,2118,1686,599,1519,285,703,1130,0,0,0,9,0,0,364,199.6390243902439,70,169.0829268292683,410,1.82,"{""adaptive_replications"": false, ""auto_repair_fail_prob"": 0.6, ""auto_repair_time"": 120.0, ""bad_server_regen_interval"": 43200, ""bad_server_regeneration"": false, ""confidence_level"": 0.95, ""diagnosis_probability"": 1.0, ""diagnosis_uncertainty"": 0.0, ""enable_topology"": false, ""failure_distribution"": ""exponential"", ""host_selection_time"": 3.0, ""job_length"": 20160, ""job_size"": 4096, ""lognormal_sigma"": 1.0, ""manual_repair_fail_prob"": 0.75, ""manual_repair_time"": 2880.0, ""max_replications"": 1000, ""num_replications"": 30, ""preemption_wait_time"": 20.0, ""prob_auto_to_manual"": 0.8, ""rack_size"": 8, ""random_failure_rate"": 1.388888888888889e-05, ""recovery_time"": 60.0, ""relative_accuracy"": 0.05, ""seed"": 42, ""spare_pool_size"": 200, ""systematic_failure_fraction"": 0.08, ""systematic_failure_rate_multiplier"": 20.0, ""warm_standbys"": 16, ""weibull_shape"": 1.0, ""working_pool_size"": 4600}"
da28d045aeb687e2f7991924bb1c67e7501cd076,2d_heatmap_sweep.py,Random+NeverRemove,DefaultHostSelection(),NeverRemove(),48,6,2381.300000000007,0.14109939948767486,2045,1145,900,2045,1639,562,1483,265,669,1111,0,0,0,6,0,0,365,202.26952141057936,93,172.78589420654913,397,1.72,"{""adaptive_replications"": false, ""auto_repair_fail_prob"": 0.6, ""auto_repair_time"": 120.0, ""bad_server_regen_interval"": 43200, ""bad_server_regeneration"": false, ""confidence_level"": 0.95, ""diagnosis_probability"": 1.0, ""diagnosis_uncertainty"": 0.0, ""enable_topology"": false, ""failure_distribution"": ""exponential"", ""host_selection_time"": 3.0, ""job_length"": 20160, ""job_size"": 4096, ""lognormal_sigma"": 1.0, ""manual_repair_fail_prob"": 0.75, ""manual_repair_time"": 2880.0, ""max_replications"": 1000, ""num_replications"": 30, ""preemption_wait_time"": 20.0, ""prob_auto_to_manual"": 0.8, ""rack_size"": 8, ""random_failure_rate"": 1.388888888888889e-05, ""recovery_time"": 60.0, ""relative_accuracy"": 0.05, ""seed"": 42, ""spare_pool_size"": 200, ""systematic_failure_fraction"": 0.08, ""systematic_failure_rate_multiplier"": 20.0, ""warm_standbys"": 16, ""weibull_shape"": 1.0, ""working_pool_size"": 4600}"
da28d045aeb687e2f7991924bb1c67e7501cd076,2d_heatmap_sweep.py,Random+NeverRemove,DefaultHostSelection(),NeverRemove(),49,7,2387.4000000000005,0.14073887911535568,2051,1179,872,2051,1667,566,1485,276,656,1119,0,0,0,8,0,0,369,195.98492462311557,87,170.28391959798995,398,1.7,"{""adaptive_replications"": false, ""auto_repair_fail_prob"": 0.6, ""auto_repair_time"": 120.0, ""bad_server_regen_interval"": 43200, ""bad_server_regeneration"": false, ""confidence_level"": 0.95, ""diagnosis_probability"": 1.0, ""diagnosis_uncertainty"": 0.0, ""enable_topology"": false, ""failure_distribution"": ""exponential"", ""host_selection_time"": 3.0, ""job_length"": 20160, ""job_size"": 4096, ""lognormal_sigma"": 1.0, ""manual_repair_fail_prob"": 0.75, ""manual_repair_time"": 2880.0, ""max_replications"": 1000, ""num_replications"": 30, ""preemption_wait_time"": 20.0, ""prob_auto_to_manual"": 0.8, ""rack_size"": 8, ""random_failure_rate"": 1.388888888888889e-05, ""recovery_time"": 60.0, ""relative_accuracy"": 0.05, ""seed"": 42, ""spare_pool_size"": 200, ""systematic_failure_fraction"": 0.08, ""systematic_failure_rate_multiplier"": 20.0, ""warm_standbys"": 16, ""weibull_shape"": 1.0, ""working_pool_size"": 4600}"
da28d045aeb687e2f7991924bb1c67e7501cd076,2d_heatmap_sweep.py,Random+NeverRemove,DefaultHostSelection(),NeverRemove(),50,8,2350.2999999999975,0.14296047313109006,2014,1143,871,2014,1621,591,1423,266,646,1102,0,0,0,6,0,0,369,199.74744897959184,96,164.25510204081633,392,1.73,"{""adaptive_replications"": false, ""auto_repair_fail_prob"": 0.6, ""auto_repair_time"": 120.0, ""bad_server_regen_interval"": 43200, ""bad_server_regeneration"": false, ""confidence_level"": 0.95, ""diagnosis_probability"": 1.0, ""diagnosis_uncertainty"": 0.0, ""enable_topology"": false, ""failure_distribution"": ""exponential"", ""host_selection_time"": 3.0, ""job_length"": 20160, ""job_size"": 4096, ""lognormal_sigma"": 1.0, ""manual_repair_fail_prob"": 0.75, ""manual_repair_time"": 2880.0, ""max_replications"": 1000, ""num_replications"": 30, ""preemption_wait_time"": 20.0, ""prob_auto_to_manual"": 0.8, ""rack_size"": 8, ""random_failure_rate"": 1.388888888888889e-05, ""recovery_time"": 60.0, ""relative_accuracy"": 0.05, ""seed"": 42, ""spare_pool_size"": 200, ""systematic_failure_fraction"": 0.08, ""systematic_failure_rate_multiplier"": 20.0, ""warm_standbys"": 16, ""weibull_shape"": 1.0, ""working_pool_size"": 4600}"
da28d045aeb687e2f7991924bb1c67e7501cd076,2d_heatmap_sweep.py,Random+NeverRemove,DefaultHostSelection(),NeverRemove(),51,9,2387.3000000000047,0.14074477443136585,2051,1125,926,2051,1625,568,1483,259,715,1077,0,0,0,6,0,0,367,204.35175879396985,100,173.43718592964825,398,1.79,"{""adaptive_replications"": false, ""auto_repair_fail_prob"": 0.6, ""auto_repair_time"": 120.0, ""bad_server_regen_interval"": 43200, ""bad_server_regeneration"": false, ""confidence_level"": 0.95, ""diagnosis_probability"": 1.0, ""diagnosis_uncertainty"": 0.0, ""enable_topology"": false, ""failure_distribution"": ""exponential"", ""host_selection_time"": 3.0, ""job_length"": 20160, ""job_size"": 4096, ""lognormal_sigma"": 1.0, ""manual_repair_fail_prob"": 0.75, ""manual_repair_time"": 2880.0, ""max_replications"": 1000, ""num_replications"": 30, ""preemption_wait_time"": 20.0, ""prob_auto_to_manual"": 0.8, ""rack_size"": 8, ""random_failure_rate"": 1.388888888888889e-05, ""recovery_time"": 60.0, ""relative_accuracy"": 0.05, ""seed"": 42, ""spare_pool_size"": 200, ""systematic_failure_fraction"": 0.08, ""systematic_failure_rate_multiplier"": 20.0, ""warm_standbys"": 16, ""weibull_shape"": 1.0, ""working_pool_size"": 4600}"
da28d045aeb687e2f7991924bb1c67e7501cd076,2d_heatmap_sweep.py,Random+ScoredRemoval(SC_fast),DefaultHostSelection(),"ScoredRemoval(initial_score=100.0, failure_penalty=60.0, success_increment=5.0, time_period=1440, retirement_threshold=0.0)",42,0,2094.4000000000005,0.160427807486631,1757,1150,607,1757,1414,454,1303,163,470,1124,0,395,0,28,0,0,369,146.52,10,132.2657142857143,350,1.96,"{""adaptive_replications"": false, ""auto_repair_fail_prob"": 0.6, ""auto_repair_time"": 120.0, ""bad_server_regen_interval"": 43200, ""bad_server_regeneration"": false, ""confidence_level"": 0.95, ""diagnosis_probability"": 1.0, ""diagnosis_uncertainty"": 0.0, ""enable_topology"": false, ""failure_distribution"": ""exponential"", ""host_selection_time"": 3.0, ""job_length"": 20160, ""job_size"": 4096, ""lognormal_sigma"": 1.0, ""manual_repair_fail_prob"": 0.75, ""manual_repair_time"": 2880.0, ""max_replications"": 1000, ""num_replications"": 30, ""preemption_wait_time"": 20.0, ""prob_auto_to_manual"": 0.8, ""rack_size"": 8, ""random_failure_rate"": 1.388888888888889e-05, ""recovery_time"": 60.0, ""relative_accuracy"": 0.05, ""seed"": 42, ""spare_pool_size"": 200, ""systematic_failure_fraction"": 0.08, ""systematic_failure_rate_multiplier"": 20.0, ""warm_standbys"": 16, ""weibull_shape"": 1.0, ""working_pool_size"": 4600}"
da28d045aeb687e2f7991924bb1c67e7501cd076,2d_heatmap_sweep.py,Random+ScoredRemoval(SC_fast),DefaultHostSelection(),"ScoredRemoval(initial_score=100.0, failure_penalty=60.0, success_increment=5.0, time_period=1440, retirement_threshold=0.0)",43,1,2028.35,0.1656518845366918,1691,1109,582,1691,1360,477,1214,179,441,1071,0,372,0,27,0,0,370,143.22713864306786,7,129.63126843657818,339,2.16,"{""adaptive_replications"": false, ""auto_repair_fail_prob"": 0.6, ""auto_repair_time"": 120.0, ""bad_server_regen_interval"": 43200, ""bad_server_regeneration"": false, ""confidence_level"": 0.95, ""diagnosis_probability"": 1.0, ""diagnosis_uncertainty"": 0.0, ""enable_topology"": false, ""failure_distribution"": ""exponential"", ""host_selection_time"": 3.0, ""job_length"": 20160, ""job_size"": 4096, ""lognormal_sigma"": 1.0, ""manual_repair_fail_prob"": 0.75, ""manual_repair_time"": 2880.0, ""max_replications"": 1000, ""num_replications"": 30, ""preemption_wait_time"": 20.0, ""prob_auto_to_manual"": 0.8, ""rack_size"": 8, ""random_failure_rate"": 1.388888888888889e-05, ""recovery_time"": 60.0, ""relative_accuracy"": 0.05, ""seed"": 42, ""spare_pool_size"": 200, ""systematic_failure_fraction"": 0.08, ""systematic_failure_rate_multiplier"": 20.0, ""warm_standbys"": 16, ""weibull_shape"": 1.0, ""working_pool_size"": 4600}"
da28d045aeb687e2f7991924bb1c67e7501cd076,2d_heatmap_sweep.py,Random+ScoredRemoval(SC_fast),DefaultHostSelection(),"ScoredRemoval(initial_score=100.0, failure_penalty=60.0, success_increment=5.0, time_period=1440, retirement_threshold=0.0)",44,2,2073.3999999999987,0.16205266711681346,1736,1156,580,1736,1403,500,1236,193,418,1125,0,397,0,28,0,0,366,137.58092485549133,8,123.65028901734104,346,2.21,"{""adaptive_replications"": false, ""auto_repair_fail_prob"": 0.6, ""auto_repair_time"": 120.0, ""bad_server_regen_interval"": 43200, ""bad_server_regeneration"": false, ""confidence_level"": 0.95, ""diagnosis_probability"": 1.0, ""diagnosis_uncertainty"": 0.0, ""enable_topology"": false, ""failure_distribution"": ""exponential"", ""host_selection_time"": 3.0, ""job_length"": 20160, ""job_size"": 4096, ""lognormal_sigma"": 1.0, ""manual_repair_fail_prob"": 0.75, ""manual_repair_time"": 2880.0, ""max_replications"": 1000, ""num_replications"": 30, ""preemption_wait_time"": 20.0, ""prob_auto_to_manual"": 0.8, ""rack_size"": 8, ""random_failure_rate"": 1.388888888888889e-05, ""recovery_time"": 60.0, ""relative_accuracy"": 0.05, ""seed"": 42, ""spare_pool_size"": 200, ""systematic_failure_fraction"": 0.08, ""systematic_failure_rate_multiplier"": 20.0, ""warm_standbys"": 16, ""weibull_shape"": 1.0, ""working_pool_size"": 4600}"
da28d045aeb687e2f7991924bb1c67e7501cd076,2d_heatmap_sweep.py,Random+ScoredRemoval(SC_fast),DefaultHostSelection(),"ScoredRemoval(initial_score=100.0, failure_penalty=60.0, success_increment=5.0, time_period=1440, retirement_threshold=0.0)",45,3,2121.4500000000016,0.15838223856324632,1784,1186,598,1784,1442,485,1299,167,459,1158,0,402,0,29,0,0,365,143.635593220339,10,129.05649717514123,354,2.28,"{""adaptive_replications"": false, ""auto_repair_fail_prob"": 0.6, ""auto_repair_time"": 120.0, ""bad_server_regen_interval"": 43200, ""bad_server_regeneration"": false, ""confidence_level"": 0.95, ""diagnosis_probability"": 1.0, ""diagnosis_uncertainty"": 0.0, ""enable_topology"": false, ""failure_distribution"": ""exponential"", ""host_selection_time"": 3.0, ""job_length"": 20160, ""job_size"": 4096, ""lognormal_sigma"": 1.0, ""manual_repair_fail_prob"": 0.75, ""manual_repair_time"": 2880.0, ""max_replications"": 1000, ""num_replications"": 30, ""preemption_wait_time"": 20.0, ""prob_auto_to_manual"": 0.8, ""rack_size"": 8, ""random_failure_rate"": 1.388888888888889e-05, ""recovery_time"": 60.0, ""relative_accuracy"": 0.05, ""seed"": 42, ""spare_pool_size"": 200, ""systematic_failure_fraction"": 0.08, ""systematic_failure_rate_multiplier"": 20.0, ""warm_standbys"": 16, ""weibull_shape"": 1.0, ""working_pool_size"": 4600}"
da28d045aeb687e2f7991924bb1c67e7501cd076,2d_heatmap_sweep.py,Random+ScoredRemoval(SC_fast),DefaultHostSelection(),"ScoredRemoval(initial_score=100.0, failure_penalty=60.0, success_increment=5.0, time_period=1440, retirement_threshold=0.0)",46,4,2031.2999999999997,0.16541131295229636,1694,1103,591,1694,1369,510,1184,176,441,1077,0,367,0,26,0,0,367,140.62241887905606,10,126.1268436578171,339,2.12,"{""adaptive_replications"": false, ""auto_repair_fail_prob"": 0.6, ""auto_repair_time"": 120.0, ""bad_server_regen_interval"": 43200, ""bad_server_regeneration"": false, ""confidence_level"": 0.95, ""diagnosis_probability"": 1.0, ""diagnosis_uncertainty"": 0.0, ""enable_topology"": false, ""failure_distribution"": ""exponential"", ""host_selection_time"": 3.0, ""job_length"": 20160, ""job_size"": 4096, ""lognormal_sigma"": 1.0, ""manual_repair_fail_prob"": 0.75, ""manual_repair_time"": 2880.0, ""max_replications"": 1000, ""num_replications"": 30, ""preemption_wait_time"": 20.0, ""prob_auto_to_manual"": 0.8, ""rack_size"": 8, ""random_failure_rate"": 1.388888888888889e-05, ""recovery_time"": 60.0, ""relative_accuracy"": 0.05, ""seed"": 42, ""spare_pool_size"": 200, ""systematic_failure_fraction"": 0.08, ""systematic_failure_rate_multiplier"": 20.0, ""warm_standbys"": 16, ""weibull_shape"": 1.0, ""working_pool_size"": 4600}"
da28d045aeb687e2f7991924bb1c67e7501cd076,2d_heatmap_sweep.py,Random+ScoredRemoval(SC_fast),DefaultHostSelection(),"ScoredRemoval(initial_score=100.0, failure_penalty=60.0, success_increment=5.0, time_period=1440, retirement_threshold=0.0)",47,5,2096.349999999999,0.16027857943568627,1759,1165,594,1759,1399,461,1298,166,448,1145,0,386,0,27,0,0,364,148.43714285714285,13,133.67714285714285,350,2.17,"{""adaptive_replications"": false, ""auto_repair_fail_prob"": 0.6, ""auto_repair_time"": 120.0, ""bad_server_regen_interval"": 43200, ""bad_server_regeneration"": false, ""confidence_level"": 0.95, ""diagnosis_probability"": 1.0, ""diagnosis_uncertainty"": 0.0, ""enable_topology"": false, ""failure_distribution"": ""exponential"", ""host_selection_time"": 3.0, ""job_length"": 20160, ""job_size"": 4096, ""lognormal_sigma"": 1.0, ""manual_repair_fail_prob"": 0.75, ""manual_repair_time"": 2880.0, ""max_replications"": 1000, ""num_replications"": 30, ""preemption_wait_time"": 20.0, ""prob_auto_to_manual"": 0.8, ""rack_size"": 8, ""random_failure_rate"": 1.388888888888889e-05, ""recovery_time"": 60.0, ""relative_accuracy"": 0.05, ""seed"": 42, ""spare_pool_size"": 200, ""systematic_failure_fraction"": 0.08, ""systematic_failure_rate_multiplier"": 20.0, ""warm_standbys"": 16, ""weibull_shape"": 1.0, ""working_pool_size"": 4600}"
da28d045aeb687e2f7991924bb1c67e7501cd076,2d_heatmap_sweep.py,Random+ScoredRemoval(SC_fast),DefaultHostSelection(),"ScoredRemoval(initial_score=100.0, failure_penalty=60.0, success_increment=5.0, time_period=1440, retirement_threshold=0.0)",48,6,2090.400000000002,0.16073478760045937,1753,1154,599,1753,1379,510,1243,174,451,1128,0,390,0,28,0,0,365,137.62750716332377,2,123.84813753581662,349,2.17,"{""adaptive_replications"": false, ""auto_repair_fail_prob"": 0.6, ""auto_repair_time"": 120.0, ""bad_server_regen_interval"": 43200, ""bad_server_regeneration"": false, ""confidence_level"": 0.95, ""diagnosis_probability"": 1.0, ""diagnosis_uncertainty"": 0.0, ""enable_topology"": false, ""failure_distribution"": ""exponential"", ""host_selection_time"": 3.0, ""job_length"": 20160, ""job_size"": 4096, ""lognormal_sigma"": 1.0, ""manual_repair_fail_prob"": 0.75, ""manual_repair_time"": 2880.0, ""max_replications"": 1000, ""num_replications"": 30, ""preemption_wait_time"": 20.0, ""prob_auto_to_manual"": 0.8, ""rack_size"": 8, ""random_failure_rate"": 1.388888888888889e-05, ""recovery_time"": 60.0, ""relative_accuracy"": 0.05, ""seed"": 42, ""spare_pool_size"": 200, ""systematic_failure_fraction"": 0.08, ""systematic_failure_rate_multiplier"": 20.0, ""warm_standbys"": 16, ""weibull_shape"": 1.0, ""working_pool_size"": 4600}"
da28d045aeb687e2f7991924bb1c67e7501cd076,2d_heatmap_sweep.py,Random+ScoredRemoval(SC_fast),DefaultHostSelection(),"ScoredRemoval(initial_score=100.0, failure_penalty=60.0, success_increment=5.0, time_period=1440, retirement_threshold=0.0)",49,7,2128.450000000001,0.15786135450680036,1791,1198,593,1791,1428,518,1273,180,440,1171,0,397,0,29,0,0,369,139.56338028169014,10,126.27605633802817,355,2.23,"{""adaptive_replications"": false, ""auto_repair_fail_prob"": 0.6, ""auto_repair_time"": 120.0, ""bad_server_regen_interval"": 43200, ""bad_server_regeneration"": false, ""confidence_level"": 0.95, ""diagnosis_probability"": 1.0, ""diagnosis_uncertainty"": 0.0, ""enable_topology"": false, ""failure_distribution"": ""exponential"", ""host_selection_time"": 3.0, ""job_length"": 20160, ""job_size"": 4096, ""lognormal_sigma"": 1.0, ""manual_repair_fail_prob"": 0.75, ""manual_repair_time"": 2880.0, ""max_replications"": 1000, ""num_replications"": 30, ""preemption_wait_time"": 20.0, ""prob_auto_to_manual"": 0.8, ""rack_size"": 8, ""random_failure_rate"": 1.388888888888889e-05, ""recovery_time"": 60.0, ""relative_accuracy"": 0.05, ""seed"": 42, ""spare_pool_size"": 200, ""systematic_failure_fraction"": 0.08, ""systematic_failure_rate_multiplier"": 20.0, ""warm_standbys"": 16, ""weibull_shape"": 1.0, ""working_pool_size"": 4600}"
da28d045aeb687e2f7991924bb1c67e7501cd076,2d_heatmap_sweep.py,Random+ScoredRemoval(SC_fast),DefaultHostSelection(),"ScoredRemoval(initial_score=100.0, failure_penalty=60.0, success_increment=5.0, time_period=1440, retirement_threshold=0.0)",50,8,2091.4000000000024,0.16065793248541643,1754,1164,590,1754,1395,510,1244,173,451,1130,0,401,0,28,0,0,369,151.32091690544414,12,136.64469914040114,349,2.17,"{""adaptive_replications"": false, ""auto_repair_fail_prob"": 0.6, ""auto_repair_time"": 120.0, ""bad_server_regen_interval"": 43200, ""bad_server_regeneration"": false, ""confidence_level"": 0.95, ""diagnosis_probability"": 1.0, ""diagnosis_uncertainty"": 0.0, ""enable_topology"": false, ""failure_distribution"": ""exponential"", ""host_selection_time"": 3.0, ""job_length"": 20160, ""job_size"": 4096, ""lognormal_sigma"": 1.0, ""manual_repair_fail_prob"": 0.75, ""manual_repair_time"": 2880.0, ""max_replications"": 1000, ""num_replications"": 30, ""preemption_wait_time"": 20.0, ""prob_auto_to_manual"": 0.8, ""rack_size"": 8, ""random_failure_rate"": 1.388888888888889e-05, ""recovery_time"": 60.0, ""relative_accuracy"": 0.05, ""seed"": 42, ""spare_pool_size"": 200, ""systematic_failure_fraction"": 0.08, ""systematic_failure_rate_multiplier"": 20.0, ""warm_standbys"": 16, ""weibull_shape"": 1.0, ""working_pool_size"": 4600}"
da28d045aeb687e2f7991924bb1c67e7501cd076,2d_heatmap_sweep.py,Random+ScoredRemoval(SC_fast),DefaultHostSelection(),"ScoredRemoval(initial_score=100.0, failure_penalty=60.0, success_increment=5.0, time_period=1440, retirement_threshold=0.0)",51,9,2050.4000000000005,0.16387046429964905,1713,1115,598,1713,1337,499,1214,194,427,1092,0,383,0,28,0,0,367,141.39766081871346,7,127.10526315789474,342,2.21,"{""adaptive_replications"": false, ""auto_repair_fail_prob"": 0.6, ""auto_repair_time"": 120.0, ""bad_server_regen_interval"": 43200, ""bad_server_regeneration"": false, ""confidence_level"": 0.95, ""diagnosis_probability"": 1.0, ""diagnosis_uncertainty"": 0.0, ""enable_topology"": false, ""failure_distribution"": ""exponential"", ""host_selection_time"": 3.0, ""job_length"": 20160, ""job_size"": 4096, ""lognormal_sigma"": 1.0, ""manual_repair_fail_prob"": 0.75, ""manual_repair_time"": 2880.0, ""max_replications"": 1000, ""num_replications"": 30, ""preemption_wait_time"": 20.0, ""prob_auto_to_manual"": 0.8, ""rack_size"": 8, ""random_failure_rate"": 1.388888888888889e-05, ""recovery_time"": 60.0, ""relative_accuracy"": 0.05, ""seed"": 42, ""spare_pool_size"": 200, ""systematic_failure_fraction"": 0.08, ""systematic_failure_rate_multiplier"": 20.0, ""warm_standbys"": 16, ""weibull_shape"": 1.0, ""working_pool_size"": 4600}"
da28d045aeb687e2f7991924bb1c67e7501cd076,2d_heatmap_sweep.py,FewestFailuresFirst+NeverRemove,FewestFailuresFirst(),NeverRemove(),42,0,2129.300000000002,0.15779833748180108,1793,1135,658,1793,1444,515,1278,206,485,1102,0,0,0,6,0,0,369,234.8338028169014,158,128.73239436619718,355,1.48,"{""adaptive_replications"": false, ""auto_repair_fail_prob"": 0.6, ""auto_repair_time"": 120.0, ""bad_server_regen_interval"": 43200, ""bad_server_regeneration"": false, ""confidence_level"": 0.95, ""diagnosis_probability"": 1.0, ""diagnosis_uncertainty"": 0.0, ""enable_topology"": false, ""failure_distribution"": ""exponential"", ""host_selection_time"": 3.0, ""job_length"": 20160, ""job_size"": 4096, ""lognormal_sigma"": 1.0, ""manual_repair_fail_prob"": 0.75, ""manual_repair_time"": 2880.0, ""max_replications"": 1000, ""num_replications"": 30, ""preemption_wait_time"": 20.0, ""prob_auto_to_manual"": 0.8, ""rack_size"": 8, ""random_failure_rate"": 1.388888888888889e-05, ""recovery_time"": 60.0, ""relative_accuracy"": 0.05, ""seed"": 42, ""spare_pool_size"": 200, ""systematic_failure_fraction"": 0.08, ""systematic_failure_rate_multiplier"": 20.0, ""warm_standbys"": 16, ""weibull_shape"": 1.0, ""working_pool_size"": 4600}"
da28d045aeb687e2f7991924bb1c67e7501cd076,2d_heatmap_sweep.py,FewestFailuresFirst+NeverRemove,FewestFailuresFirst(),NeverRemove(),43,1,2163.3500000000004,0.15531467400097124,1827,1195,632,1827,1423,543,1284,186,475,1166,0,0,0,7,0,0,370,244.86426592797784,182,124.79224376731302,361,1.57,"{""adaptive_replications"": false, ""auto_repair_fail_prob"": 0.6, ""auto_repair_time"": 120.0, ""bad_server_regen_interval"": 43200, ""bad_server_regeneration"": false, ""confidence_level"": 0.95, ""diagnosis_probability"": 1.0, ""diagnosis_uncertainty"": 0.0, ""enable_topology"": false, ""failure_distribution"": ""exponential"", ""host_selection_time"": 3.0, ""job_length"": 20160, ""job_size"": 4096, ""lognormal_sigma"": 1.0, ""manual_repair_fail_prob"": 0.75, ""manual_repair_time"": 2880.0, ""max_replications"": 1000, ""num_replications"": 30, ""preemption_wait_time"": 20.0, ""prob_auto_to_manual"": 0.8, ""rack_size"": 8, ""random_failure_rate"": 1.388888888888889e-05, ""recovery_time"": 60.0, ""relative_accuracy"": 0.05, ""seed"": 42, ""spare_pool_size"": 200, ""systematic_failure_fraction"": 0.08, ""systematic_failure_rate_multiplier"": 20.0, ""warm_standbys"": 16, ""weibull_shape"": 1.0, ""working_pool_size"": 4600}"
da28d045aeb687e2f7991924bb1c67e7501cd076,2d_heatmap_sweep.py,FewestFailuresFirst+NeverRemove,FewestFailuresFirst(),NeverRemove(),44,2,2095.249999999997,0.1603627252117892,1759,1132,627,1759,1388,507,1252,205,458,1096,0,0,0,5,0,0,366,230.88285714285715,151,130.12857142857143,350,1.58,"{""adaptive_replications"": false, ""auto_repair_fail_prob"": 0.6, ""auto_repair_time"": 120.0, ""bad_server_regen_interval"": 43200, ""bad_server_regeneration"": false, ""confidence_level"": 0.95, ""diagnosis_probability"": 1.0, ""diagnosis_uncertainty"": 0.0, ""enable_topology"": false, ""failure_distribution"": ""exponential"", ""host_selection_time"": 3.0, ""job_length"": 20160, ""job_size"": 4096, ""lognormal_sigma"": 1.0, ""manual_repair_fail_prob"": 0.75, ""manual_repair_time"": 2880.0, ""max_replications"": 1000, ""num_replications"": 30, ""preemption_wait_time"": 20.0, ""prob_auto_to_manual"": 0.8, ""rack_size"": 8, ""random_failure_rate"": 1.388888888888889e-05, ""recovery_time"": 60.0, ""relative_accuracy"": 0.05, ""seed"": 42, ""spare_pool_size"": 200, ""systematic_failure_fraction"": 0.08, ""systematic_failure_rate_multiplier"": 20.0, ""warm_standbys"": 16, ""weibull_shape"": 1.0, ""working_pool_size"": 4600}"
da28d045aeb687e2f7991924bb1c67e7501cd076,2d_heatmap_sweep.py,FewestFailuresFirst+NeverRemove,FewestFailuresFirst(),NeverRemove(),45,3,2011.3000000000022,0.1670561328494005,1675,1039,636,1675,1328,473,1202,193,471,1011,0,0,0,6,0,0,365,237.3125,165,123.63988095238095,336,1.48,"{""adaptive_replications"": false, ""auto_repair_fail_prob"": 0.6, ""auto_repair_time"": 120.0, ""bad_server_regen_interval"": 43200, ""bad_server_regeneration"": false, ""confidence_level"": 0.95, ""diagnosis_probability"": 1.0, ""diagnosis_uncertainty"": 0.0, ""enable_topology"": false, ""failure_distribution"": ""exponential"", ""host_selection_time"": 3.0, ""job_length"": 20160, ""job_size"": 4096, ""lognormal_sigma"": 1.0, ""manual_repair_fail_prob"": 0.75, ""manual_repair_time"": 2880.0, ""max_replications"": 1000, ""num_replications"": 30, ""preemption_wait_time"": 20.0, ""prob_auto_to_manual"": 0.8, ""rack_size"": 8, ""random_failure_rate"": 1.388888888888889e-05, ""recovery_time"": 60.0, ""relative_accuracy"": 0.05, ""seed"": 42, ""spare_pool_size"": 200, ""systematic_failure_fraction"": 0.08, ""systematic_failure_rate_multiplier"": 20.0, ""warm_standbys"": 16, ""weibull_shape"": 1.0, ""working_pool_size"": 4600}"
da28d045aeb687e2f7991924bb1c67e7501cd076,2d_heatmap_sweep.py,FewestFailuresFirst+NeverRemove,FewestFailuresFirst(),NeverRemove(),46,4,2175.299999999999,0.1544614535926076,1839,1142,697,1839,1502,529,1310,220,505,1114,0,0,0,6,0,0,367,222.57575757575756,146,129.34710743801654,363,1.6,"{""adaptive_replications"": false, ""auto_repair_fail_prob"": 0.6, ""auto_repair_time"": 120.0, ""bad_server_regen_interval"": 43200, ""bad_server_regeneration"": false, ""confidence_level"": 0.95, ""diagnosis_probability"": 1.0, ""diagnosis_uncertainty"": 0.0, ""enable_topology"": false, ""failure_distribution"": ""exponential"", ""host_selection_time"": 3.0, ""job_length"": 20160, ""job_size"": 4096, ""lognormal_sigma"": 1.0, ""manual_repair_fail_prob"": 0.75, ""manual_repair_time"": 2880.0, ""max_replications"": 1000, ""num_replications"": 30, ""preemption_wait_time"": 20.0, ""prob_auto_to_manual"": 0.8, ""rack_size"": 8, ""random_failure_rate"": 1.388888888888889e-05, ""recovery_time"": 60.0, ""relative_accuracy"": 0.05, ""seed"": 42, ""spare_pool_size"": 200, ""systematic_failure_fraction"": 0.08, ""systematic_failure_rate_multiplier"": 20.0, ""warm_standbys"": 16, ""weibull_shape"": 1.0, ""working_pool_size"": 4600}"
da28d045aeb687e2f7991924bb1c67e7501cd076,2d_heatmap_sweep.py,FewestFailuresFirst+NeverRemove,FewestFailuresFirst(),NeverRemove(),47,5,2062.3499999999985,0.16292093970470636,1726,1109,617,1726,1353,481,1245,187,458,1081,0,0,0,7,0,0,364,239.63662790697674,173,122.9186046511628,344,1.49,"{""adaptive_replications"": false, ""auto_repair_fail_prob"": 0.6, ""auto_repair_time"": 120.0, ""bad_server_regen_interval"": 43200, ""bad_server_regeneration"": false, ""confidence_level"": 0.95, ""diagnosis_probability"": 1.0, ""diagnosis_uncertainty"": 0.0, ""enable_topology"": false, ""failure_distribution"": ""exponential"", ""host_selection_time"": 3.0, ""job_length"": 20160, ""job_size"": 4096, ""lognormal_sigma"": 1.0, ""manual_repair_fail_prob"": 0.75, ""manual_repair_time"": 2880.0, ""max_replications"": 1000, ""num_replications"": 30, ""preemption_wait_time"": 20.0, ""prob_auto_to_manual"": 0.8, ""rack_size"": 8, ""random_failure_rate"": 1.388888888888889e-05, ""recovery_time"": 60.0, ""relative_accuracy"": 0.05, ""seed"": 42, ""spare_pool_size"": 200, ""systematic_failure_fraction"": 0.08, ""systematic_failure_rate_multiplier"": 20.0, ""warm_standbys"": 16, ""weibull_shape"": 1.0, ""working_pool_size"": 4600}"
da28d045aeb687e2f7991924bb1c67e7501cd076,2d_heatmap_sweep.py,FewestFailuresFirst+NeverRemove,FewestFailuresFirst(),NeverRemove(),48,6,2145.3999999999955,0.15661415120723474,1809,1160,649,1809,1439,477,1332,174,509,1126,0,0,0,8,0,0,365,251.41340782122904,183,129.10335195530726,358,1.53,"{""adaptive_replications"": false, ""auto_repair_fail_prob"": 0.6, ""auto_repair_time"": 120.0, ""bad_server_regen_interval"": 43200, ""bad_server_regeneration"": false, ""confidence_level"": 0.95, ""diagnosis_probability"": 1.0, ""diagnosis_uncertainty"": 0.0, ""enable_topology"": false, ""failure_distribution"": ""exponential"", ""host_selection_time"": 3.0, ""job_length"": 20160, ""job_size"": 4096, ""lognormal_sigma"": 1.0, ""manual_repair_fail_prob"": 0.75, ""manual_repair_time"": 2880.0, ""max_replications"": 1000, ""num_replications"": 30, ""preemption_wait_time"": 20.0, ""prob_auto_to_manual"": 0.8, ""rack_size"": 8, ""random_failure_rate"": 1.388888888888889e-05, ""recovery_time"": 60.0, ""relative_accuracy"": 0.05, ""seed"": 42, ""spare_pool_size"": 200, ""systematic_failure_fraction"": 0.08, ""systematic_failure_rate_multiplier"": 20.0, ""warm_standbys"": 16, ""weibull_shape"": 1.0, ""working_pool_size"": 4600}"
da28d045aeb687e2f7991924bb1c67e7501cd076,2d_heatmap_sweep.py,FewestFailuresFirst+NeverRemove,FewestFailuresFirst(),NeverRemove(),49,7,2147.300000000001,0.15647557397662132,1811,1179,632,1811,1450,521,1290,193,474,1144,0,0,0,6,0,0,369,243.93016759776538,173,136.15921787709496,358,1.51,"{""adaptive_replications"": false, ""auto_repair_fail_prob"": 0.6, ""auto_repair_time"": 120.0, ""bad_server_regen_interval"": 43200, ""bad_server_regeneration"": false, ""confidence_level"": 0.95, ""diagnosis_probability"": 1.0, ""diagnosis_uncertainty"": 0.0, ""enable_topology"": false, ""failure_distribution"": ""exponential"", ""host_selection_time"": 3.0, ""job_length"": 20160, ""job_size"": 4096, ""lognormal_sigma"": 1.0, ""manual_repair_fail_prob"": 0.75, ""manual_repair_time"": 2880.0, ""max_replications"": 1000, ""num_replications"": 30, ""preemption_wait_time"": 20.0, ""prob_auto_to_manual"": 0.8, ""rack_size"": 8, ""random_failure_rate"": 1.388888888888889e-05, ""recovery_time"": 60.0, ""relative_accuracy"": 0.05, ""seed"": 42, ""spare_pool_size"": 200, ""systematic_failure_fraction"": 0.08, ""systematic_failure_rate_multiplier"": 20.0, ""warm_standbys"": 16, ""weibull_shape"": 1.0, ""working_pool_size"": 4600}"
da28d045aeb687e2f7991924bb1c67e7501cd076,2d_heatmap_sweep.py,FewestFailuresFirst+NeverRemove,FewestFailuresFirst(),NeverRemove(),50,8,2159.4500000000003,0.15559517469726095,1823,1197,626,1823,1486,526,1297,199,466,1158,0,0,0,9,0,0,369,246.29166666666666,165,130.9777777777778,360,1.51,"{""adaptive_replications"": false, ""auto_repair_fail_prob"": 0.6, ""auto_repair_time"": 120.0, ""bad_server_regen_interval"": 43200, ""bad_server_regeneration"": false, ""confidence_level"": 0.95, ""diagnosis_probability"": 1.0, ""diagnosis_uncertainty"": 0.0, ""enable_topology"": false, ""failure_distribution"": ""exponential"", ""host_selection_time"": 3.0, ""job_length"": 20160, ""job_size"": 4096, ""lognormal_sigma"": 1.0, ""manual_repair_fail_prob"": 0.75, ""manual_repair_time"": 2880.0, ""max_replications"": 1000, ""num_replications"": 30, ""preemption_wait_time"": 20.0, ""prob_auto_to_manual"": 0.8, ""rack_size"": 8, ""random_failure_rate"": 1.388888888888889e-05, ""recovery_time"": 60.0, ""relative_accuracy"": 0.05, ""seed"": 42, ""spare_pool_size"": 200, ""systematic_failure_fraction"": 0.08, ""systematic_failure_rate_multiplier"": 20.0, ""warm_standbys"": 16, ""weibull_shape"": 1.0, ""working_pool_size"": 4600}"
da28d045aeb687e2f7991924bb1c67e7501cd076,2d_heatmap_sweep.py,FewestFailuresFirst+NeverRemove,FewestFailuresFirst(),NeverRemove(),51,9,2141.3500000000013,0.15691036028673483,1805,1184,621,1805,1464,519,1286,175,480,1150,0,0,0,7,0,0,367,247.15126050420167,187,124.63585434173669,357,1.51,"{""adaptive_replications"": false, ""auto_repair_fail_prob"": 0.6, ""auto_repair_time"": 120.0, ""bad_server_regen_interval"": 43200, ""bad_server_regeneration"": false, ""confidence_level"": 0.95, ""diagnosis_probability"": 1.0, ""diagnosis_uncertainty"": 0.0, ""enable_topology"": false, ""failure_distribution"": ""exponential"", ""host_selection_time"": 3.0, ""job_length"": 20160, ""job_size"": 4096, ""lognormal_sigma"": 1.0, ""manual_repair_fail_prob"": 0.75, ""manual_repair_time"": 2880.0, ""max_replications"": 1000, ""num_replications"": 30, ""preemption_wait_time"": 20.0, ""prob_auto_to_manual"": 0.8, ""rack_size"": 8, ""random_failure_rate"": 1.388888888888889e-05, ""recovery_time"": 60.0, ""relative_accuracy"": 0.05, ""seed"": 42, ""spare_pool_size"": 200, ""systematic_failure_fraction"": 0.08, ""systematic_failure_rate_multiplier"": 20.0, ""warm_standbys"": 16, ""weibull_shape"": 1.0, ""working_pool_size"": 4600}"
da28d045aeb687e2f7991924bb1c67e7501cd076,2d_heatmap_sweep.py,Random+NeverRemove,DefaultHostSelection(),NeverRemove(),42,0,2548.300000000007,0.1318526076207662,2212,1098,1114,2212,1765,339,1873,180,995,1037,0,0,0,6,0,0,369,255.98117647058822,173,212.04705882352943,425,1.79,"{""adaptive_replications"": false, ""auto_repair_fail_prob"": 0.6, ""auto_repair_time"": 120.0, ""bad_server_regen_interval"": 43200, ""bad_server_regeneration"": false, ""confidence_level"": 0.95, ""diagnosis_probability"": 1.0, ""diagnosis_uncertainty"": 0.0, ""enable_topology"": false, ""failure_distribution"": ""exponential"", ""host_selection_time"": 3.0, ""job_length"": 20160, ""job_size"": 4096, ""lognormal_sigma"": 1.0, ""manual_repair_fail_prob"": 0.9, ""manual_repair_time"": 2880.0, ""max_replications"": 1000, ""num_replications"": 30, ""preemption_wait_time"": 20.0, ""prob_auto_to_manual"": 0.8, ""rack_size"": 8, ""random_failure_rate"": 1.388888888888889e-05, ""recovery_time"": 60.0, ""relative_accuracy"": 0.05, ""seed"": 42, ""spare_pool_size"": 200, ""systematic_failure_fraction"": 0.08, ""systematic_failure_rate_multiplier"": 20.0, ""warm_standbys"": 16, ""weibull_shape"": 1.0, ""working_pool_size"": 4600}"
da28d045aeb687e2f7991924bb1c67e7501cd076,2d_heatmap_sweep.py,Random+NeverRemove,DefaultHostSelection(),NeverRemove(),43,1,2595.350000000001,0.129462307588572,2259,1077,1182,2259,1799,348,1911,188,1047,1024,0,0,0,7,0,0,370,252.69284064665126,165,216.0161662817552,433,1.92,"{""adaptive_replications"": false, ""auto_repair_fail_prob"": 0.6, ""auto_repair_time"": 120.0, ""bad_server_regen_interval"": 43200, ""bad_server_regeneration"": false, ""confidence_level"": 0.95, ""diagnosis_probability"": 1.0, ""diagnosis_uncertainty"": 0.0, ""enable_topology"": false, ""failure_distribution"": ""exponential"", ""host_selection_time"": 3.0, ""job_length"": 20160, ""job_size"": 4096, ""lognormal_sigma"": 1.0, ""manual_repair_fail_prob"": 0.9, ""manual_repair_time"": 2880.0, ""max_replications"": 1000, ""num_replications"": 30, ""preemption_wait_time"": 20.0, ""prob_auto_to_manual"": 0.8, ""rack_size"": 8, ""random_failure_rate"": 1.388888888888889e-05, ""recovery_time"": 60.0, ""relative_accuracy"": 0.05, ""seed"": 42, ""spare_pool_size"": 200, ""systematic_failure_fraction"": 0.08, ""systematic_failure_rate_multiplier"": 20.0, ""warm_standbys"": 16, ""weibull_shape"": 1.0, ""working_pool_size"": 4600}"
da28d045aeb687e2f7991924bb1c67e7501cd076,2d_heatmap_sweep.py,Random+NeverRemove,DefaultHostSelection(),NeverRemove(),44,2,2630.45,0.1277347982284399,2294,1153,1141,2294,1837,370,1924,183,1021,1090,0,0,0,9,0,0,366,252.89749430523918,166,217.35307517084283,439,2.0,"{""adaptive_replications"": false, ""auto_repair_fail_prob"": 0.6, ""auto_repair_time"": 120.0, ""bad_server_regen_interval"": 43200, ""bad_server_regeneration"": false, ""confidence_level"": 0.95, ""diagnosis_probability"": 1.0, ""diagnosis_uncertainty"": 0.0, ""enable_topology"": false, ""failure_distribution"": ""exponential"", ""host_selection_time"": 3.0, ""job_length"": 20160, ""job_size"": 4096, ""lognormal_sigma"": 1.0, ""manual_repair_fail_prob"": 0.9, ""manual_repair_time"": 2880.0, ""max_replications"": 1000, ""num_replications"": 30, ""preemption_wait_time"": 20.0, ""prob_auto_to_manual"": 0.8, ""rack_size"": 8, ""random_failure_rate"": 1.388888888888889e-05, ""recovery_time"": 60.0, ""relative_accuracy"": 0.05, ""seed"": 42, ""spare_pool_size"": 200, ""systematic_failure_fraction"": 0.08, ""systematic_failure_rate_multiplier"": 20.0, ""warm_standbys"": 16, ""weibull_shape"": 1.0, ""working_pool_size"": 4600}"
da28d045aeb687e2f7991924bb1c67e7501cd076,2d_heatmap_sweep.py,Random+NeverRemove,DefaultHostSelection(),NeverRemove(),45,3,2572.299999999997,0.13062240018660373,2236,1083,1153,2236,1787,355,1881,206,1005,1025,0,0,0,6,0,0,365,243.55944055944056,148,212.98601398601397,429,1.91,"{""adaptive_replications"": false, ""auto_repair_fail_prob"": 0.6, ""auto_repair_time"": 120.0, ""bad_server_regen_interval"": 43200, ""bad_server_regeneration"": false, ""confidence_level"": 0.95, ""diagnosis_probability"": 1.0, ""diagnosis_uncertainty"": 0.0, ""enable_topology"": false, ""failure_distribution"": ""exponential"", ""host_selection_time"": 3.0, ""job_length"": 20160, ""job_size"": 4096, ""lognormal_sigma"": 1.0, ""manual_repair_fail_prob"": 0.9, ""manual_repair_time"": 2880.0, ""max_replications"": 1000, ""num_replications"": 30, ""preemption_wait_time"": 20.0, ""prob_auto_to_manual"": 0.8, ""rack_size"": 8, ""random_failure_rate"": 1.388888888888889e-05, ""recovery_time"": 60.0, ""relative_accuracy"": 0.05, ""seed"": 42, ""spare_pool_size"": 200, ""systematic_failure_fraction"": 0.08, ""systematic_failure_rate_multiplier"": 20.0, ""warm_standbys"": 16, ""weibull_shape"": 1.0, ""working_pool_size"": 4600}"
da28d045aeb687e2f7991924bb1c67e7501cd076,2d_heatmap_sweep.py,Random+NeverRemove,DefaultHostSelection(),NeverRemove(),46,4,2586.449999999995,0.1299077886678654,2250,1106,1144,2250,1777,392,1858,209,988,1053,0,0,0,9,0,0,367,237.89814814814815,148,202.99074074074073,432,1.88,"{""adaptive_replications"": false, ""auto_repair_fail_prob"": 0.6, ""auto_repair_time"": 120.0, ""bad_server_regen_interval"": 43200, ""bad_server_regeneration"": false, ""confidence_level"": 0.95, ""diagnosis_probability"": 1.0, ""diagnosis_uncertainty"": 0.0, ""enable_topology"": false, ""failure_distribution"": ""exponential"", ""host_selection_time"": 3.0, ""job_length"": 20160, ""job_size"": 4096, ""lognormal_sigma"": 1.0, ""manual_repair_fail_prob"": 0.9, ""manual_repair_time"": 2880.0, ""max_replications"": 1000, ""num_replications"": 30, ""preemption_wait_time"": 20.0, ""prob_auto_to_manual"": 0.8, ""rack_size"": 8, ""random_failure_rate"": 1.388888888888889e-05, ""recovery_time"": 60.0, ""relative_accuracy"": 0.05, ""seed"": 42, ""spare_pool_size"": 200, ""systematic_failure_fraction"": 0.08, ""systematic_failure_rate_multiplier"": 20.0, ""warm_standbys"": 16, ""weibull_shape"": 1.0, ""working_pool_size"": 4600}"
da28d045aeb687e2f7991924bb1c67e7501cd076,2d_heatmap_sweep.py,Random+NeverRemove,DefaultHostSelection(),NeverRemove(),47,5,2635.2999999999956,0.12749971540242155,2299,1138,1161,2299,1826,358,1941,186,1023,1090,0,0,0,6,0,0,364,247.32272727272726,163,208.67727272727274,440,1.93,"{""adaptive_replications"": false, ""auto_repair_fail_prob"": 0.6, ""auto_repair_time"": 120.0, ""bad_server_regen_interval"": 43200, ""bad_server_regeneration"": false, ""confidence_level"": 0.95, ""diagnosis_probability"": 1.0, ""diagnosis_uncertainty"": 0.0, ""enable_topology"": false, ""failure_distribution"": ""exponential"", ""host_selection_time"": 3.0, ""job_length"": 20160, ""job_size"": 4096, ""lognormal_sigma"": 1.0, ""manual_repair_fail_prob"": 0.9, ""manual_repair_time"": 2880.0, ""max_replications"": 1000, ""num_replications"": 30, ""preemption_wait_time"": 20.0, ""prob_auto_to_manual"": 0.8, ""rack_size"": 8, ""random_failure_rate"": 1.388888888888889e-05, ""recovery_time"": 60.0, ""relative_accuracy"": 0.05, ""seed"": 42, ""spare_pool_size"": 200, ""systematic_failure_fraction"": 0.08, ""systematic_failure_rate_multiplier"": 20.0, ""warm_standbys"": 16, ""weibull_shape"": 1.0, ""working_pool_size"": 4600}"
da28d045aeb687e2f7991924bb1c67e7501cd076,2d_heatmap_sweep.py,Random+NeverRemove,DefaultHostSelection(),NeverRemove(),48,6,2614.3999999999933,0.12851897184822567,2278,1186,1092,2278,1846,359,1919,182,963,1133,0,0,0,8,0,0,365,246.7316513761468,173,205.69266055045873,436,1.93,"{""adaptive_replications"": false, ""auto_repair_fail_prob"": 0.6, ""auto_repair_time"": 120.0, ""bad_server_regen_interval"": 43200, ""bad_server_regeneration"": false, ""confidence_level"": 0.95, ""diagnosis_probability"": 1.0, ""diagnosis_uncertainty"": 0.0, ""enable_topology"": false, ""failure_distribution"": ""exponential"", ""host_selection_time"": 3.0, ""job_length"": 20160, ""job_size"": 4096, ""lognormal_sigma"": 1.0, ""manual_repair_fail_prob"": 0.9, ""manual_repair_time"": 2880.0, ""max_replications"": 1000, ""num_replications"": 30, ""preemption_wait_time"": 20.0, ""prob_auto_to_manual"": 0.8, ""rack_size"": 8, ""random_failure_rate"": 1.388888888888889e-05, ""recovery_time"": 60.0, ""relative_accuracy"": 0.05, ""seed"": 42, ""spare_pool_size"": 200, ""systematic_failure_fraction"": 0.08, ""systematic_failure_rate_multiplier"": 20.0, ""warm_standbys"": 16, ""weibull_shape"": 1.0, ""working_pool_size"": 4600}"
da28d045aeb687e2f7991924bb1c67e7501cd076,2d_heatmap_sweep.py,Random+NeverRemove,DefaultHostSelection(),NeverRemove(),49,7,2665.350000000003,0.12606224323259563,2329,1144,1185,2329,1842,380,1949,202,1032,1095,0,0,0,7,0,0,369,246.86966292134832,155,210.83595505617978,445,2.0,"{""adaptive_replications"": false, ""auto_repair_fail_prob"": 0.6, ""auto_repair_time"": 120.0, ""bad_server_regen_interval"": 43200, ""bad_server_regeneration"": false, ""confidence_level"": 0.95, ""diagnosis_probability"": 1.0, ""diagnosis_uncertainty"": 0.0, ""enable_topology"": false, ""failure_distribution"": ""exponential"", ""host_selection_time"": 3.0, ""job_length"": 20160, ""job_size"": 4096, ""lognormal_sigma"": 1.0, ""manual_repair_fail_prob"": 0.9, ""manual_repair_time"": 2880.0, ""max_replications"": 1000, ""num_replications"": 30, ""preemption_wait_time"": 20.0, ""prob_auto_to_manual"": 0.8, ""rack_size"": 8, ""random_failure_rate"": 1.388888888888889e-05, ""recovery_time"": 60.0, ""relative_accuracy"": 0.05, ""seed"": 42, ""spare_pool_size"": 200, ""systematic_failure_fraction"": 0.08, ""systematic_failure_rate_multiplier"": 20.0, ""warm_standbys"": 16, ""weibull_shape"": 1.0, ""working_pool_size"": 4600}"
da28d045aeb687e2f7991924bb1c67e7501cd076,2d_heatmap_sweep.py,Random+NeverRemove,DefaultHostSelection(),NeverRemove(),50,8,2609.350000000001,0.12876770076839042,2273,1093,1180,2273,1845,321,1952,178,1067,1028,0,0,0,7,0,0,369,257.3241379310345,180,221.93793103448274,435,1.92,"{""adaptive_replications"": false, ""auto_repair_fail_prob"": 0.6, ""auto_repair_time"": 120.0, ""bad_server_regen_interval"": 43200, ""bad_server_regeneration"": false, ""confidence_level"": 0.95, ""diagnosis_probability"": 1.0, ""diagnosis_uncertainty"": 0.0, ""enable_topology"": false, ""failure_distribution"": ""exponential"", ""host_selection_time"": 3.0, ""job_length"": 20160, ""job_size"": 4096, ""lognormal_sigma"": 1.0, ""manual_repair_fail_prob"": 0.9, ""manual_repair_time"": 2880.0, ""max_replications"": 1000, ""num_replications"": 30, ""preemption_wait_time"": 20.0, ""prob_auto_to_manual"": 0.8, ""rack_size"": 8, ""random_failure_rate"": 1.388888888888889e-05, ""recovery_time"": 60.0, ""relative_accuracy"": 0.05, ""seed"": 42, ""spare_pool_size"": 200, ""systematic_failure_fraction"": 0.08, ""systematic_failure_rate_multiplier"": 20.0, ""warm_standbys"": 16, ""weibull_shape"": 1.0, ""working_pool_size"": 4600}"
da28d045aeb687e2f7991924bb1c67e7501cd076,2d_heatmap_sweep.py,Random+NeverRemove,DefaultHostSelection(),NeverRemove(),51,9,2597.5000000000005,0.12935514918190524,2261,1133,1128,2261,1832,377,1884,207,976,1078,0,0,0,10,0,0,367,234.33256351039262,142,203.43187066974596,433,1.93,"{""adaptive_replications"": false, ""auto_repair_fail_prob"": 0.6, ""auto_repair_time"": 120.0, ""bad_server_regen_interval"": 43200, ""bad_server_regeneration"": false, ""confidence_level"": 0.95, ""diagnosis_probability"": 1.0, ""diagnosis_uncertainty"": 0.0, ""enable_topology"": false, ""failure_distribution"": ""exponential"", ""host_selection_time"": 3.0, ""job_length"": 20160, ""job_size"": 4096, ""lognormal_sigma"": 1.0, ""manual_repair_fail_prob"": 0.9, ""manual_repair_time"": 2880.0, ""max_replications"": 1000, ""num_replications"": 30, ""preemption_wait_time"": 20.0, ""prob_auto_to_manual"": 0.8, ""rack_size"": 8, ""random_failure_rate"": 1.388888888888889e-05, ""recovery_time"": 60.0, ""relative_accuracy"": 0.05, ""seed"": 42, ""spare_pool_size"": 200, ""systematic_failure_fraction"": 0.08, ""systematic_failure_rate_multiplier"": 20.0, ""warm_standbys"": 16, ""weibull_shape"": 1.0, ""working_pool_size"": 4600}"
da28d045aeb687e2f7991924bb1c67e7501cd076,2d_heatmap_sweep.py,Random+ScoredRemoval(SC_fast),DefaultHostSelection(),"ScoredRemoval(initial_score=100.0, failure_penalty=60.0, success_increment=5.0, time_period=1440, retirement_threshold=0.0)",42,0,2136.500000000001,0.15726655745377874,1799,1172,627,1799,1420,324,1475,114,541,1144,0,423,0,30,0,0,369,151.8235294117647,16,137.63025210084032,357,1.91,"{""adaptive_replications"": false, ""auto_repair_fail_prob"": 0.6, ""auto_repair_time"": 120.0, ""bad_server_regen_interval"": 43200, ""bad_server_regeneration"": false, ""confidence_level"": 0.95, ""diagnosis_probability"": 1.0, ""diagnosis_uncertainty"": 0.0, ""enable_topology"": false, ""failure_distribution"": ""exponential"", ""host_selection_time"": 3.0, ""job_length"": 20160, ""job_size"": 4096, ""lognormal_sigma"": 1.0, ""manual_repair_fail_prob"": 0.9, ""manual_repair_time"": 2880.0, ""max_replications"": 1000, ""num_replications"": 30, ""preemption_wait_time"": 20.0, ""prob_auto_to_manual"": 0.8, ""rack_size"": 8, ""random_failure_rate"": 1.388888888888889e-05, ""recovery_time"": 60.0, ""relative_accuracy"": 0.05, ""seed"": 42, ""spare_pool_size"": 200, ""systematic_failure_fraction"": 0.08, ""systematic_failure_rate_multiplier"": 20.0, ""warm_standbys"": 16, ""weibull_shape"": 1.0, ""working_pool_size"": 4600}"
da28d045aeb687e2f7991924bb1c67e7501cd076,2d_heatmap_sweep.py,Random+ScoredRemoval(SC_fast),DefaultHostSelection(),"ScoredRemoval(initial_score=100.0, failure_penalty=60.0, success_increment=5.0, time_period=1440, retirement_threshold=0.0)",43,1,2056.549999999999,0.16338041866232286,1719,1084,635,1719,1350,268,1451,100,565,1054,0,430,0,31,0,0,370,163.69096209912536,13,148.64723032069972,343,2.14,"{""adaptive_replications"": false, ""auto_repair_fail_prob"": 0.6, ""auto_repair_time"": 120.0, ""bad_server_regen_interval"": 43200, ""bad_server_regeneration"": false, ""confidence_level"": 0.95, ""diagnosis_probability"": 1.0, ""diagnosis_uncertainty"": 0.0, ""enable_topology"": false, ""failure_distribution"": ""exponential"", ""host_selection_time"": 3.0, ""job_length"": 20160, ""job_size"": 4096, ""lognormal_sigma"": 1.0, ""manual_repair_fail_prob"": 0.9, ""manual_repair_time"": 2880.0, ""max_replications"": 1000, ""num_replications"": 30, ""preemption_wait_time"": 20.0, ""prob_auto_to_manual"": 0.8, ""rack_size"": 8, ""random_failure_rate"": 1.388888888888889e-05, ""recovery_time"": 60.0, ""relative_accuracy"": 0.05, ""seed"": 42, ""spare_pool_size"": 200, ""systematic_failure_fraction"": 0.08, ""systematic_failure_rate_multiplier"": 20.0, ""warm_standbys"": 16, ""weibull_shape"": 1.0, ""working_pool_size"": 4600}"
da28d045aeb687e2f7991924bb1c67e7501cd076,2d_heatmap_sweep.py,Random+ScoredRemoval(SC_fast),DefaultHostSelection(),"ScoredRemoval(initial_score=100.0, failure_penalty=60.0, success_increment=5.0, time_period=1440, retirement_threshold=0.0)",44,2,2172.5500000000025,0.15465696992013958,1835,1214,621,1835,1500,288,1547,108,551,1176,0,451,0,31,0,0,366,153.05509641873277,14,141.33608815426996,363,2.31,"{""adaptive_replications"": false, ""auto_repair_fail_prob"": 0.6, ""auto_repair_time"": 120.0, ""bad_server_regen_interval"": 43200, ""bad_server_regeneration"": false, ""confidence_level"": 0.95, ""diagnosis_probability"": 1.0, ""diagnosis_uncertainty"": 0.0, ""enable_topology"": false, ""failure_distribution"": ""exponential"", ""host_selection_time"": 3.0, ""job_length"": 20160, ""job_size"": 4096, ""lognormal_sigma"": 1.0, ""manual_repair_fail_prob"": 0.9, ""manual_repair_time"": 2880.0, ""max_replications"": 1000, ""num_replications"": 30, ""preemption_wait_time"": 20.0, ""prob_auto_to_manual"": 0.8, ""rack_size"": 8, ""random_failure_rate"": 1.388888888888889e-05, ""recovery_time"": 60.0, ""relative_accuracy"": 0.05, ""seed"": 42, ""spare_pool_size"": 200, ""systematic_failure_fraction"": 0.08, ""systematic_failure_rate_multiplier"": 20.0, ""warm_standbys"": 16, ""weibull_shape"": 1.0, ""working_pool_size"": 4600}"
da28d045aeb687e2f7991924bb1c67e7501cd076,2d_heatmap_sweep.py,Random+ScoredRemoval(SC_fast),DefaultHostSelection(),"ScoredRemoval(initial_score=100.0, failure_penalty=60.0, success_increment=5.0, time_period=1440, retirement_threshold=0.0)",45,3,2149.6000000000076,0.15630815035355405,1812,1177,635,1812,1477,267,1545,94,577,1141,0,442,0,32,0,0,365,143.5766016713092,5,130.44011142061282,359,2.3,"{""adaptive_replications"": false, ""auto_repair_fail_prob"": 0.6, ""auto_repair_time"": 120.0, ""bad_server_regen_interval"": 43200, ""bad_server_regeneration"": false, ""confidence_level"": 0.95, ""diagnosis_probability"": 1.0, ""diagnosis_uncertainty"": 0.0, ""enable_topology"": false, ""failure_distribution"": ""exponential"", ""host_selection_time"": 3.0, ""job_length"": 20160, ""job_size"": 4096, ""lognormal_sigma"": 1.0, ""manual_repair_fail_prob"": 0.9, ""manual_repair_time"": 2880.0, ""max_replications"": 1000, ""num_replications"": 30, ""preemption_wait_time"": 20.0, ""prob_auto_to_manual"": 0.8, ""rack_size"": 8, ""random_failure_rate"": 1.388888888888889e-05, ""recovery_time"": 60.0, ""relative_accuracy"": 0.05, ""seed"": 42, ""spare_pool_size"": 200, ""systematic_failure_fraction"": 0.08, ""systematic_failure_rate_multiplier"": 20.0, ""warm_standbys"": 16, ""weibull_shape"": 1.0, ""working_pool_size"": 4600}"
da28d045aeb687e2f7991924bb1c67e7501cd076,2d_heatmap_sweep.py,Random+ScoredRemoval(SC_fast),DefaultHostSelection(),"ScoredRemoval(initial_score=100.0, failure_penalty=60.0, success_increment=5.0, time_period=1440, retirement_threshold=0.0)",46,4,2087.4500000000025,0.16096193920812454,1750,1121,629,1750,1387,281,1469,109,561,1080,0,411,0,29,0,0,367,151.13793103448276,5,135.75574712643677,348,2.25,"{""adaptive_replications"": false, ""auto_repair_fail_prob"": 0.6, ""auto_repair_time"": 120.0, ""bad_server_regen_interval"": 43200, ""bad_server_regeneration"": false, ""confidence_level"": 0.95, ""diagnosis_probability"": 1.0, ""diagnosis_uncertainty"": 0.0, ""enable_topology"": false, ""failure_distribution"": ""exponential"", ""host_selection_time"": 3.0, ""job_length"": 20160, ""job_size"": 4096, ""lognormal_sigma"": 1.0, ""manual_repair_fail_prob"": 0.9, ""manual_repair_time"": 2880.0, ""max_replications"": 1000, ""num_replications"": 30, ""preemption_wait_time"": 20.0, ""prob_auto_to_manual"": 0.8, ""rack_size"": 8, ""random_failure_rate"": 1.388888888888889e-05, ""recovery_time"": 60.0, ""relative_accuracy"": 0.05, ""seed"": 42, ""spare_pool_size"": 200, ""systematic_failure_fraction"": 0.08, ""systematic_failure_rate_multiplier"": 20.0, ""warm_standbys"": 16, ""weibull_shape"": 1.0, ""working_pool_size"": 4600}"
da28d045aeb687e2f7991924bb1c67e7501cd076,2d_heatmap_sweep.py,Random+ScoredRemoval(SC_fast),DefaultHostSelection(),"ScoredRemoval(initial_score=100.0, failure_penalty=60.0, success_increment=5.0, time_period=1440, retirement_threshold=0.0)",47,5,2046.500000000002,0.16418275103835836,1709,1082,627,1709,1343,278,1431,108,557,1044,0,422,0,30,0,0,364,152.85087719298247,7,137.41520467836258,342,2.17,"{""adaptive_replications"": false, ""auto_repair_fail_prob"": 0.6, ""auto_repair_time"": 120.0, ""bad_server_regen_interval"": 43200, ""bad_server_regeneration"": false, ""confidence_level"": 0.95, ""diagnosis_probability"": 1.0, ""diagnosis_uncertainty"": 0.0, ""enable_topology"": false, ""failure_distribution"": ""exponential"", ""host_selection_time"": 3.0, ""job_length"": 20160, ""job_size"": 4096, ""lognormal_sigma"": 1.0, ""manual_repair_fail_prob"": 0.9, ""manual_repair_time"": 2880.0, ""max_replications"": 1000, ""num_replications"": 30, ""preemption_wait_time"": 20.0, ""prob_auto_to_manual"": 0.8, ""rack_size"": 8, ""random_failure_rate"": 1.388888888888889e-05, ""recovery_time"": 60.0, ""relative_accuracy"": 0.05, ""seed"": 42, ""spare_pool_size"": 200, ""systematic_failure_fraction"": 0.08, ""systematic_failure_rate_multiplier"": 20.0, ""warm_standbys"": 16, ""weibull_shape"": 1.0, ""working_pool_size"": 4600}"
da28d045aeb687e2f7991924bb1c67e7501cd076,2d_heatmap_sweep.py,Random+ScoredRemoval(SC_fast),DefaultHostSelection(),"ScoredRemoval(initial_score=100.0, failure_penalty=60.0, success_increment=5.0, time_period=1440, retirement_threshold=0.0)",48,6,2144.5500000000025,0.15667622578163248,1807,1168,639,1807,1463,268,1539,91,582,1134,0,443,0,31,0,0,365,158.37709497206703,7,142.4608938547486,358,2.5,"{""adaptive_replications"": false, ""auto_repair_fail_prob"": 0.6, ""auto_repair_time"": 120.0, ""bad_server_regen_interval"": 43200, ""bad_server_regeneration"": false, ""confidence_level"": 0.95, ""diagnosis_probability"": 1.0, ""diagnosis_uncertainty"": 0.0, ""enable_topology"": false, ""failure_distribution"": ""exponential"", ""host_selection_time"": 3.0, ""job_length"": 20160, ""job_size"": 4096, ""lognormal_sigma"": 1.0, ""manual_repair_fail_prob"": 0.9, ""manual_repair_time"": 2880.0, ""max_replications"": 1000, ""num_replications"": 30, ""preemption_wait_time"": 20.0, ""prob_auto_to_manual"": 0.8, ""rack_size"": 8, ""random_failure_rate"": 1.388888888888889e-05, ""recovery_time"": 60.0, ""relative_accuracy"": 0.05, ""seed"": 42, ""spare_pool_size"": 200, ""systematic_failure_fraction"": 0.08, ""systematic_failure_rate_multiplier"": 20.0, ""warm_standbys"": 16, ""weibull_shape"": 1.0, ""working_pool_size"": 4600}"
da28d045aeb687e2f7991924bb1c67e7501cd076,2d_heatmap_sweep.py,Random+ScoredRemoval(SC_fast),DefaultHostSelection(),"ScoredRemoval(initial_score=100.0, failure_penalty=60.0, success_increment=5.0, time_period=1440, retirement_threshold=0.0)",49,7,2144.600000000003,0.15667257297398068,1807,1166,641,1807,1436,285,1522,99,572,1136,0,453,0,32,0,0,369,157.89385474860336,9,142.54748603351956,358,2.29,"{""adaptive_replications"": false, ""auto_repair_fail_prob"": 0.6, ""auto_repair_time"": 120.0, ""bad_server_regen_interval"": 43200, ""bad_server_regeneration"": false, ""confidence_level"": 0.95, ""diagnosis_probability"": 1.0, ""diagnosis_uncertainty"": 0.0, ""enable_topology"": false, ""failure_distribution"": ""exponential"", ""host_selection_time"": 3.0, ""job_length"": 20160, ""job_size"": 4096, ""lognormal_sigma"": 1.0, ""manual_repair_fail_prob"": 0.9, ""manual_repair_time"": 2880.0, ""max_replications"": 1000, ""num_replications"": 30, ""preemption_wait_time"": 20.0, ""prob_auto_to_manual"": 0.8, ""rack_size"": 8, ""random_failure_rate"": 1.388888888888889e-05, ""recovery_time"": 60.0, ""relative_accuracy"": 0.05, ""seed"": 42, ""spare_pool_size"": 200, ""systematic_failure_fraction"": 0.08, ""systematic_failure_rate_multiplier"": 20.0, ""warm_standbys"": 16, ""weibull_shape"": 1.0, ""working_pool_size"": 4600}"
da28d045aeb687e2f7991924bb1c67e7501cd076,2d_heatmap_sweep.py,Random+ScoredRemoval(SC_fast),DefaultHostSelection(),"ScoredRemoval(initial_score=100.0, failure_penalty=60.0, success_increment=5.0, time_period=1440, retirement_threshold=0.0)",50,8,2132.549999999999,0.15755785327424876,1795,1167,628,1795,1444,277,1518,111,547,1137,0,443,0,31,0,0,369,143.16573033707866,9,129.87640449438203,356,2.25,"{""adaptive_replications"": false, ""auto_repair_fail_prob"": 0.6, ""auto_repair_time"": 120.0, ""bad_server_regen_interval"": 43200, ""bad_server_regeneration"": false, ""confidence_level"": 0.95, ""diagnosis_probability"": 1.0, ""diagnosis_uncertainty"": 0.0, ""enable_topology"": false, ""failure_distribution"": ""exponential"", ""host_selection_time"": 3.0, ""job_length"": 20160, ""job_size"": 4096, ""lognormal_sigma"": 1.0, ""manual_repair_fail_prob"": 0.9, ""manual_repair_time"": 2880.0, ""max_replications"": 1000, ""num_replications"": 30, ""preemption_wait_time"": 20.0, ""prob_auto_to_manual"": 0.8, ""rack_size"": 8, ""random_failure_rate"": 1.388888888888889e-05, ""recovery_time"": 60.0, ""relative_accuracy"": 0.05, ""seed"": 42, ""spare_pool_size"": 200, ""systematic_failure_fraction"": 0.08, ""systematic_failure_rate_multiplier"": 20.0, ""warm_standbys"": 16, ""weibull_shape"": 1.0, ""working_pool_size"": 4600}"
da28d045aeb687e2f7991924bb1c67e7501cd076,2d_heatmap_sweep.py,Random+ScoredRemoval(SC_fast),DefaultHostSelection(),"ScoredRemoval(initial_score=100.0, failure_penalty=60.0, success_increment=5.0, time_period=1440, retirement_threshold=0.0)",51,9,2097.449999999998,0.16019452191947345,1760,1138,622,1760,1372,328,1432,126,519,1115,0,401,0,29,0,0,367,150.47142857142856,10,135.50571428571428,350,2.23,"{""adaptive_replications"": false, ""auto_repair_fail_prob"": 0.6, ""auto_repair_time"": 120.0, ""bad_server_regen_interval"": 43200, ""bad_server_regeneration"": false, ""confidence_level"": 0.95, ""diagnosis_probability"": 1.0, ""diagnosis_uncertainty"": 0.0, ""enable_topology"": false, ""failure_distribution"": ""exponential"", ""host_selection_time"": 3.0, ""job_length"": 20160, ""job_size"": 4096, ""lognormal_sigma"": 1.0, ""manual_repair_fail_prob"": 0.9, ""manual_repair_time"": 2880.0, ""max_replications"": 1000, ""num_replications"": 30, ""preemption_wait_time"": 20.0, ""prob_auto_to_manual"": 0.8, ""rack_size"": 8, ""random_failure_rate"": 1.388888888888889e-05, ""recovery_time"": 60.0, ""relative_accuracy"": 0.05, ""seed"": 42, ""spare_pool_size"": 200, ""systematic_failure_fraction"": 0.08, ""systematic_failure_rate_multiplier"": 20.0, ""warm_standbys"": 16, ""weibull_shape"": 1.0, ""working_pool_size"": 4600}"
da28d045aeb687e2f7991924bb1c67e7501cd076,2d_heatmap_sweep.py,FewestFailuresFirst+NeverRemove,FewestFailuresFirst(),NeverRemove(),42,0,2194.45,0.15311353642142658,1858,1149,709,1858,1504,294,1564,120,626,1112,0,0,0,9,0,0,369,284.92076502732243,242,139.30601092896174,366,1.6,"{""adaptive_replications"": false, ""auto_repair_fail_prob"": 0.6, ""auto_repair_time"": 120.0, ""bad_server_regen_interval"": 43200, ""bad_server_regeneration"": false, ""confidence_level"": 0.95, ""diagnosis_probability"": 1.0, ""diagnosis_uncertainty"": 0.0, ""enable_topology"": false, ""failure_distribution"": ""exponential"", ""host_selection_time"": 3.0, ""job_length"": 20160, ""job_size"": 4096, ""lognormal_sigma"": 1.0, ""manual_repair_fail_prob"": 0.9, ""manual_repair_time"": 2880.0, ""max_replications"": 1000, ""num_replications"": 30, ""preemption_wait_time"": 20.0, ""prob_auto_to_manual"": 0.8, ""rack_size"": 8, ""random_failure_rate"": 1.388888888888889e-05, ""recovery_time"": 60.0, ""relative_accuracy"": 0.05, ""seed"": 42, ""spare_pool_size"": 200, ""systematic_failure_fraction"": 0.08, ""systematic_failure_rate_multiplier"": 20.0, ""warm_standbys"": 16, ""weibull_shape"": 1.0, ""working_pool_size"": 4600}"
da28d045aeb687e2f7991924bb1c67e7501cd076,2d_heatmap_sweep.py,FewestFailuresFirst+NeverRemove,FewestFailuresFirst(),NeverRemove(),43,1,2184.3499999999954,0.15382150296426866,1848,1143,705,1848,1439,330,1518,137,606,1105,0,0,0,7,0,0,370,280.62191780821917,224,143.24109589041095,365,1.66,"{""adaptive_replications"": false, ""auto_repair_fail_prob"": 0.6, ""auto_repair_time"": 120.0, ""bad_server_regen_interval"": 43200, ""bad_server_regeneration"": false, ""confidence_level"": 0.95, ""diagnosis_probability"": 1.0, ""diagnosis_uncertainty"": 0.0, ""enable_topology"": false, ""failure_distribution"": ""exponential"", ""host_selection_time"": 3.0, ""job_length"": 20160, ""job_size"": 4096, ""lognormal_sigma"": 1.0, ""manual_repair_fail_prob"": 0.9, ""manual_repair_time"": 2880.0, ""max_replications"": 1000, ""num_replications"": 30, ""preemption_wait_time"": 20.0, ""prob_auto_to_manual"": 0.8, ""rack_size"": 8, ""random_failure_rate"": 1.388888888888889e-05, ""recovery_time"": 60.0, ""relative_accuracy"": 0.05, ""seed"": 42, ""spare_pool_size"": 200, ""systematic_failure_fraction"": 0.08, ""systematic_failure_rate_multiplier"": 20.0, ""warm_standbys"": 16, ""weibull_shape"": 1.0, ""working_pool_size"": 4600}"
da28d045aeb687e2f7991924bb1c67e7501cd076,2d_heatmap_sweep.py,FewestFailuresFirst+NeverRemove,FewestFailuresFirst(),NeverRemove(),44,2,2121.299999999999,0.15839343798614042,1785,1089,696,1785,1429,319,1466,158,576,1051,0,0,0,6,0,0,366,261.20621468926555,200,133.79661016949152,354,1.52,"{""adaptive_replications"": false, ""auto_repair_fail_prob"": 0.6, ""auto_repair_time"": 120.0, ""bad_server_regen_interval"": 43200, ""bad_server_regeneration"": false, ""confidence_level"": 0.95, ""diagnosis_probability"": 1.0, ""diagnosis_uncertainty"": 0.0, ""enable_topology"": false, ""failure_distribution"": ""exponential"", ""host_selection_time"": 3.0, ""job_length"": 20160, ""job_size"": 4096, ""lognormal_sigma"": 1.0, ""manual_repair_fail_prob"": 0.9, ""manual_repair_time"": 2880.0, ""max_replications"": 1000, ""num_replications"": 30, ""preemption_wait_time"": 20.0, ""prob_auto_to_manual"": 0.8, ""rack_size"": 8, ""random_failure_rate"": 1.388888888888889e-05, ""recovery_time"": 60.0, ""relative_accuracy"": 0.05, ""seed"": 42, ""spare_pool_size"": 200, ""systematic_failure_fraction"": 0.08, ""systematic_failure_rate_multiplier"": 20.0, ""warm_standbys"": 16, ""weibull_shape"": 1.0, ""working_pool_size"": 4600}"
da28d045aeb687e2f7991924bb1c67e7501cd076,2d_heatmap_sweep.py,FewestFailuresFirst+NeverRemove,FewestFailuresFirst(),NeverRemove(),45,3,2207.300000000001,0.15222217188420264,1871,1145,726,1871,1479,319,1552,134,620,1117,0,0,0,6,0,0,365,272.2554347826087,225,136.79076086956522,368,1.65,"{""adaptive_replications"": false, ""auto_repair_fail_prob"": 0.6, ""auto_repair_time"": 120.0, ""bad_server_regen_interval"": 43200, ""bad_server_regeneration"": false, ""confidence_level"": 0.95, ""diagnosis_probability"": 1.0, ""diagnosis_uncertainty"": 0.0, ""enable_topology"": false, ""failure_distribution"": ""exponential"", ""host_selection_time"": 3.0, ""job_length"": 20160, ""job_size"": 4096, ""lognormal_sigma"": 1.0, ""manual_repair_fail_prob"": 0.9, ""manual_repair_time"": 2880.0, ""max_replications"": 1000, ""num_replications"": 30, ""preemption_wait_time"": 20.0, ""prob_auto_to_manual"": 0.8, ""rack_size"": 8, ""random_failure_rate"": 1.388888888888889e-05, ""recovery_time"": 60.0, ""relative_accuracy"": 0.05, ""seed"": 42, ""spare_pool_size"": 200, ""systematic_failure_fraction"": 0.08, ""systematic_failure_rate_multiplier"": 20.0, ""warm_standbys"": 16, ""weibull_shape"": 1.0, ""working_pool_size"": 4600}"
da28d045aeb687e2f7991924bb1c67e7501cd076,2d_heatmap_sweep.py,FewestFailuresFirst+NeverRemove,FewestFailuresFirst(),NeverRemove(),46,4,2285.3999999999996,0.14702021527960069,1949,1214,735,1949,1589,270,1679,108,658,1183,0,0,0,8,0,0,367,295.68766404199476,250,144.04199475065616,381,1.67,"{""adaptive_replications"": false, ""auto_repair_fail_prob"": 0.6, ""auto_repair_time"": 120.0, ""bad_server_regen_interval"": 43200, ""bad_server_regeneration"": false, ""confidence_level"": 0.95, ""diagnosis_probability"": 1.0, ""diagnosis_uncertainty"": 0.0, ""enable_topology"": false, ""failure_distribution"": ""exponential"", ""host_selection_time"": 3.0, ""job_length"": 20160, ""job_size"": 4096, ""lognormal_sigma"": 1.0, ""manual_repair_fail_prob"": 0.9, ""manual_repair_time"": 2880.0, ""max_replications"": 1000, ""num_replications"": 30, ""preemption_wait_time"": 20.0, ""prob_auto_to_manual"": 0.8, ""rack_size"": 8, ""random_failure_rate"": 1.388888888888889e-05, ""recovery_time"": 60.0, ""relative_accuracy"": 0.05, ""seed"": 42, ""spare_pool_size"": 200, ""systematic_failure_fraction"": 0.08, ""systematic_failure_rate_multiplier"": 20.0, ""warm_standbys"": 16, ""weibull_shape"": 1.0, ""working_pool_size"": 4600}"
da28d045aeb687e2f7991924bb1c67e7501cd076,2d_heatmap_sweep.py,FewestFailuresFirst+NeverRemove,FewestFailuresFirst(),NeverRemove(),47,5,2181.3000000000015,0.1540365836886262,1845,1136,709,1845,1465,282,1563,127,615,1103,0,0,0,6,0,0,364,283.1401098901099,233,136.82417582417582,364,1.61,"{""adaptive_replications"": false, ""auto_repair_fail_prob"": 0.6, ""auto_repair_time"": 120.0, ""bad_server_regen_interval"": 43200, ""bad_server_regeneration"": false, ""confidence_level"": 0.95, ""diagnosis_probability"": 1.0, ""diagnosis_uncertainty"": 0.0, ""enable_topology"": false, ""failure_distribution"": ""exponential"", ""host_selection_time"": 3.0, ""job_length"": 20160, ""job_size"": 4096, ""lognormal_sigma"": 1.0, ""manual_repair_fail_prob"": 0.9, ""manual_repair_time"": 2880.0, ""max_replications"": 1000, ""num_replications"": 30, ""preemption_wait_time"": 20.0, ""prob_auto_to_manual"": 0.8, ""rack_size"": 8, ""random_failure_rate"": 1.388888888888889e-05, ""recovery_time"": 60.0, ""relative_accuracy"": 0.05, ""seed"": 42, ""spare_pool_size"": 200, ""systematic_failure_fraction"": 0.08, ""systematic_failure_rate_multiplier"": 20.0, ""warm_standbys"": 16, ""weibull_shape"": 1.0, ""working_pool_size"": 4600}"
da28d045aeb687e2f7991924bb1c67e7501cd076,2d_heatmap_sweep.py,FewestFailuresFirst+NeverRemove,FewestFailuresFirst(),NeverRemove(),48,6,2299.2499999999986,0.14613460911166698,1963,1170,793,1963,1574,331,1632,142,689,1132,0,0,0,5,0,0,365,272.2526041666667,217,149.6015625,384,1.69,"{""adaptive_replications"": false, ""auto_repair_fail_prob"": 0.6, ""auto_repair_time"": 120.0, ""bad_server_regen_interval"": 43200, ""bad_server_regeneration"": false, ""confidence_level"": 0.95, ""diagnosis_probability"": 1.0, ""diagnosis_uncertainty"": 0.0, ""enable_topology"": false, ""failure_distribution"": ""exponential"", ""host_selection_time"": 3.0, ""job_length"": 20160, ""job_size"": 4096, ""lognormal_sigma"": 1.0, ""manual_repair_fail_prob"": 0.9, ""manual_repair_time"": 2880.0, ""max_replications"": 1000, ""num_replications"": 30, ""preemption_wait_time"": 20.0, ""prob_auto_to_manual"": 0.8, ""rack_size"": 8, ""random_failure_rate"": 1.388888888888889e-05, ""recovery_time"": 60.0, ""relative_accuracy"": 0.05, ""seed"": 42, ""spare_pool_size"": 200, ""systematic_failure_fraction"": 0.08, ""systematic_failure_rate_multiplier"": 20.0, ""warm_standbys"": 16, ""weibull_shape"": 1.0, ""working_pool_size"": 4600}"
da28d045aeb687e2f7991924bb1c67e7501cd076,2d_heatmap_sweep.py,FewestFailuresFirst+NeverRemove,FewestFailuresFirst(),NeverRemove(),49,7,2139.3499999999954,0.1570570500385636,1803,1095,708,1803,1432,312,1491,133,610,1060,0,0,0,7,0,0,369,281.1624649859944,229,134.26330532212884,357,1.53,"{""adaptive_replications"": false, ""auto_repair_fail_prob"": 0.6, ""auto_repair_time"": 120.0, ""bad_server_regen_interval"": 43200, ""bad_server_regeneration"": false, ""confidence_level"": 0.95, ""diagnosis_probability"": 1.0, ""diagnosis_uncertainty"": 0.0, ""enable_topology"": false, ""failure_distribution"": ""exponential"", ""host_selection_time"": 3.0, ""job_length"": 20160, ""job_size"": 4096, ""lognormal_sigma"": 1.0, ""manual_repair_fail_prob"": 0.9, ""manual_repair_time"": 2880.0, ""max_replications"": 1000, ""num_replications"": 30, ""preemption_wait_time"": 20.0, ""prob_auto_to_manual"": 0.8, ""rack_size"": 8, ""random_failure_rate"": 1.388888888888889e-05, ""recovery_time"": 60.0, ""relative_accuracy"": 0.05, ""seed"": 42, ""spare_pool_size"": 200, ""systematic_failure_fraction"": 0.08, ""systematic_failure_rate_multiplier"": 20.0, ""warm_standbys"": 16, ""weibull_shape"": 1.0, ""working_pool_size"": 4600}"
da28d045aeb687e2f7991924bb1c67e7501cd076,2d_heatmap_sweep.py,FewestFailuresFirst+NeverRemove,FewestFailuresFirst(),NeverRemove(),50,8,2234.349999999998,0.15037930494327242,1898,1187,711,1898,1529,319,1579,130,624,1144,0,0,0,7,0,0,369,278.6300268096515,232,139.83109919571046,373,1.6,"{""adaptive_replications"": false, ""auto_repair_fail_prob"": 0.6, ""auto_repair_time"": 120.0, ""bad_server_regen_interval"": 43200, ""bad_server_regeneration"": false, ""confidence_level"": 0.95, ""diagnosis_probability"": 1.0, ""diagnosis_uncertainty"": 0.0, ""enable_topology"": false, ""failure_distribution"": ""exponential"", ""host_selection_time"": 3.0, ""job_length"": 20160, ""job_size"": 4096, ""lognormal_sigma"": 1.0, ""manual_repair_fail_prob"": 0.9, ""manual_repair_time"": 2880.0, ""max_replications"": 1000, ""num_replications"": 30, ""preemption_wait_time"": 20.0, ""prob_auto_to_manual"": 0.8, ""rack_size"": 8, ""random_failure_rate"": 1.388888888888889e-05, ""recovery_time"": 60.0, ""relative_accuracy"": 0.05, ""seed"": 42, ""spare_pool_size"": 200, ""systematic_failure_fraction"": 0.08, ""systematic_failure_rate_multiplier"": 20.0, ""warm_standbys"": 16, ""weibull_shape"": 1.0, ""working_pool_size"": 4600}"
da28d045aeb687e2f7991924bb1c67e7501cd076,2d_heatmap_sweep.py,FewestFailuresFirst+NeverRemove,FewestFailuresFirst(),NeverRemove(),51,9,2251.349999999998,0.14924378706109737,1915,1184,731,1915,1514,287,1628,129,638,1148,0,0,0,7,0,0,367,275.2739361702128,236,143.63563829787233,376,1.61,"{""adaptive_replications"": false, ""auto_repair_fail_prob"": 0.6, ""auto_repair_time"": 120.0, ""bad_server_regen_interval"": 43200, ""bad_server_regeneration"": false, ""confidence_level"": 0.95, ""diagnosis_probability"": 1.0, ""diagnosis_uncertainty"": 0.0, ""enable_topology"": false, ""failure_distribution"": ""exponential"", ""host_selection_time"": 3.0, ""job_length"": 20160, ""job_size"": 4096, ""lognormal_sigma"": 1.0, ""manual_repair_fail_prob"": 0.9, ""manual_repair_time"": 2880.0, ""max_replications"": 1000, ""num_replications"": 30, ""preemption_wait_time"": 20.0, ""prob_auto_to_manual"": 0.8, ""rack_size"": 8, ""random_failure_rate"": 1.388888888888889e-05, ""recovery_time"": 60.0, ""relative_accuracy"": 0.05, ""seed"": 42, ""spare_pool_size"": 200, ""systematic_failure_fraction"": 0.08, ""systematic_failure_rate_multiplier"": 20.0, ""warm_standbys"": 16, ""weibull_shape"": 1.0, ""working_pool_size"": 4600}"
da28d045aeb687e2f7991924bb1c67e7501cd076,2d_heatmap_sweep.py,Random+NeverRemove,DefaultHostSelection(),NeverRemove(),42,0,1948.449999999998,0.17244476378660017,1612,1127,485,1612,1292,1146,466,361,149,1102,0,0,0,9,0,0,369,114.22153846153846,8,97.32307692307693,325,1.31,"{""adaptive_replications"": false, ""auto_repair_fail_prob"": 0.6, ""auto_repair_time"": 120.0, ""bad_server_regen_interval"": 43200, ""bad_server_regeneration"": false, ""confidence_level"": 0.95, ""diagnosis_probability"": 1.0, ""diagnosis_uncertainty"": 0.0, ""enable_topology"": false, ""failure_distribution"": ""exponential"", ""host_selection_time"": 3.0, ""job_length"": 20160, ""job_size"": 4096, ""lognormal_sigma"": 1.0, ""manual_repair_fail_prob"": 0.2, ""manual_repair_time"": 2880.0, ""max_replications"": 1000, ""num_replications"": 30, ""preemption_wait_time"": 20.0, ""prob_auto_to_manual"": 0.8, ""rack_size"": 8, ""random_failure_rate"": 1.388888888888889e-05, ""recovery_time"": 60.0, ""relative_accuracy"": 0.05, ""seed"": 42, ""spare_pool_size"": 200, ""systematic_failure_fraction"": 0.08, ""systematic_failure_rate_multiplier"": 25.0, ""warm_standbys"": 16, ""weibull_shape"": 1.0, ""working_pool_size"": 4600}"
da28d045aeb687e2f7991924bb1c67e7501cd076,2d_heatmap_sweep.py,Random+NeverRemove,DefaultHostSelection(),NeverRemove(),43,1,1901.350000000002,0.17671654350855934,1565,1076,489,1565,1268,1147,418,365,138,1062,0,0,0,7,0,0,370,108.09463722397476,5,90.41640378548895,317,1.29,"{""adaptive_replications"": false, ""auto_repair_fail_prob"": 0.6, ""auto_repair_time"": 120.0, ""bad_server_regen_interval"": 43200, ""bad_server_regeneration"": false, ""confidence_level"": 0.95, ""diagnosis_probability"": 1.0, ""diagnosis_uncertainty"": 0.0, ""enable_topology"": false, ""failure_distribution"": ""exponential"", ""host_selection_time"": 3.0, ""job_length"": 20160, ""job_size"": 4096, ""lognormal_sigma"": 1.0, ""manual_repair_fail_prob"": 0.2, ""manual_repair_time"": 2880.0, ""max_replications"": 1000, ""num_replications"": 30, ""preemption_wait_time"": 20.0, ""prob_auto_to_manual"": 0.8, ""rack_size"": 8, ""random_failure_rate"": 1.388888888888889e-05, ""recovery_time"": 60.0, ""relative_accuracy"": 0.05, ""seed"": 42, ""spare_pool_size"": 200, ""systematic_failure_fraction"": 0.08, ""systematic_failure_rate_multiplier"": 25.0, ""warm_standbys"": 16, ""weibull_shape"": 1.0, ""working_pool_size"": 4600}"
da28d045aeb687e2f7991924bb1c67e7501cd076,2d_heatmap_sweep.py,Random+NeverRemove,DefaultHostSelection(),NeverRemove(),44,2,1912.2999999999993,0.17570464885216697,1576,1087,489,1576,1234,1151,425,360,149,1067,0,0,0,6,0,0,366,113.53291536050156,6,98.51724137931035,319,1.32,"{""adaptive_replications"": false, ""auto_repair_fail_prob"": 0.6, ""auto_repair_time"": 120.0, ""bad_server_regen_interval"": 43200, ""bad_server_regeneration"": false, ""confidence_level"": 0.95, ""diagnosis_probability"": 1.0, ""diagnosis_uncertainty"": 0.0, ""enable_topology"": false, ""failure_distribution"": ""exponential"", ""host_selection_time"": 3.0, ""job_length"": 20160, ""job_size"": 4096, ""lognormal_sigma"": 1.0, ""manual_repair_fail_prob"": 0.2, ""manual_repair_time"": 2880.0, ""max_replications"": 1000, ""num_replications"": 30, ""preemption_wait_time"": 20.0, ""prob_auto_to_manual"": 0.8, ""rack_size"": 8, ""random_failure_rate"": 1.388888888888889e-05, ""recovery_time"": 60.0, ""relative_accuracy"": 0.05, ""seed"": 42, ""spare_pool_size"": 200, ""systematic_failure_fraction"": 0.08, ""systematic_failure_rate_multiplier"": 25.0, ""warm_standbys"": 16, ""weibull_shape"": 1.0, ""working_pool_size"": 4600}"
da28d045aeb687e2f7991924bb1c67e7501cd076,2d_heatmap_sweep.py,Random+NeverRemove,DefaultHostSelection(),NeverRemove(),45,3,2031.1999999999996,0.16541945647892847,1695,1214,481,1695,1380,1225,470,358,144,1193,0,0,0,4,0,0,365,104.28908554572271,7,88.43362831858407,339,1.39,"{""adaptive_replications"": false, ""auto_repair_fail_prob"": 0.6, ""auto_repair_time"": 120.0, ""bad_server_regen_interval"": 43200, ""bad_server_regeneration"": false, ""confidence_level"": 0.95, ""diagnosis_probability"": 1.0, ""diagnosis_uncertainty"": 0.0, ""enable_topology"": false, ""failure_distribution"": ""exponential"", ""host_selection_time"": 3.0, ""job_length"": 20160, ""job_size"": 4096, ""lognormal_sigma"": 1.0, ""manual_repair_fail_prob"": 0.2, ""manual_repair_time"": 2880.0, ""max_replications"": 1000, ""num_replications"": 30, ""preemption_wait_time"": 20.0, ""prob_auto_to_manual"": 0.8, ""rack_size"": 8, ""random_failure_rate"": 1.388888888888889e-05, ""recovery_time"": 60.0, ""relative_accuracy"": 0.05, ""seed"": 42, ""spare_pool_size"": 200, ""systematic_failure_fraction"": 0.08, ""systematic_failure_rate_multiplier"": 25.0, ""warm_standbys"": 16, ""weibull_shape"": 1.0, ""working_pool_size"": 4600}"
da28d045aeb687e2f7991924bb1c67e7501cd076,2d_heatmap_sweep.py,Random+NeverRemove,DefaultHostSelection(),NeverRemove(),46,4,1987.2499999999998,0.16907787143036884,1651,1184,467,1651,1324,1163,488,355,139,1157,0,0,0,5,0,0,367,103.42469879518072,12,85.15361445783132,332,1.36,"{""adaptive_replications"": false, ""auto_repair_fail_prob"": 0.6, ""auto_repair_time"": 120.0, ""bad_server_regen_interval"": 43200, ""bad_server_regeneration"": false, ""confidence_level"": 0.95, ""diagnosis_probability"": 1.0, ""diagnosis_uncertainty"": 0.0, ""enable_topology"": false, ""failure_distribution"": ""exponential"", ""host_selection_time"": 3.0, ""job_length"": 20160, ""job_size"": 4096, ""lognormal_sigma"": 1.0, ""manual_repair_fail_prob"": 0.2, ""manual_repair_time"": 2880.0, ""max_replications"": 1000, ""num_replications"": 30, ""preemption_wait_time"": 20.0, ""prob_auto_to_manual"": 0.8, ""rack_size"": 8, ""random_failure_rate"": 1.388888888888889e-05, ""recovery_time"": 60.0, ""relative_accuracy"": 0.05, ""seed"": 42, ""spare_pool_size"": 200, ""systematic_failure_fraction"": 0.08, ""systematic_failure_rate_multiplier"": 25.0, ""warm_standbys"": 16, ""weibull_shape"": 1.0, ""working_pool_size"": 4600}"
da28d045aeb687e2f7991924bb1c67e7501cd076,2d_heatmap_sweep.py,Random+NeverRemove,DefaultHostSelection(),NeverRemove(),47,5,1980.3000000000031,0.16967126193001034,1644,1165,479,1644,1314,1190,454,360,133,1151,0,0,0,6,0,0,364,96.7703927492447,4,82.98489425981873,331,1.34,"{""adaptive_replications"": false, ""auto_repair_fail_prob"": 0.6, ""auto_repair_time"": 120.0, ""bad_server_regen_interval"": 43200, ""bad_server_regeneration"": false, ""confidence_level"": 0.95, ""diagnosis_probability"": 1.0, ""diagnosis_uncertainty"": 0.0, ""enable_topology"": false, ""failure_distribution"": ""exponential"", ""host_selection_time"": 3.0, ""job_length"": 20160, ""job_size"": 4096, ""lognormal_sigma"": 1.0, ""manual_repair_fail_prob"": 0.2, ""manual_repair_time"": 2880.0, ""max_replications"": 1000, ""num_replications"": 30, ""preemption_wait_time"": 20.0, ""prob_auto_to_manual"": 0.8, ""rack_size"": 8, ""random_failure_rate"": 1.388888888888889e-05, ""recovery_time"": 60.0, ""relative_accuracy"": 0.05, ""seed"": 42, ""spare_pool_size"": 200, ""systematic_failure_fraction"": 0.08, ""systematic_failure_rate_multiplier"": 25.0, ""warm_standbys"": 16, ""weibull_shape"": 1.0, ""working_pool_size"": 4600}"
da28d045aeb687e2f7991924bb1c67e7501cd076,2d_heatmap_sweep.py,Random+NeverRemove,DefaultHostSelection(),NeverRemove(),48,6,1966.2499999999993,0.17088366179275322,1630,1161,469,1630,1281,1164,466,359,130,1141,0,0,0,5,0,0,365,113.94817073170732,5,94.4939024390244,328,1.34,"{""adaptive_replications"": false, ""auto_repair_fail_prob"": 0.6, ""auto_repair_time"": 120.0, ""bad_server_regen_interval"": 43200, ""bad_server_regeneration"": false, ""confidence_level"": 0.95, ""diagnosis_probability"": 1.0, ""diagnosis_uncertainty"": 0.0, ""enable_topology"": false, ""failure_distribution"": ""exponential"", ""host_selection_time"": 3.0, ""job_length"": 20160, ""job_size"": 4096, ""lognormal_sigma"": 1.0, ""manual_repair_fail_prob"": 0.2, ""manual_repair_time"": 2880.0, ""max_replications"": 1000, ""num_replications"": 30, ""preemption_wait_time"": 20.0, ""prob_auto_to_manual"": 0.8, ""rack_size"": 8, ""random_failure_rate"": 1.388888888888889e-05, ""recovery_time"": 60.0, ""relative_accuracy"": 0.05, ""seed"": 42, ""spare_pool_size"": 200, ""systematic_failure_fraction"": 0.08, ""systematic_failure_rate_multiplier"": 25.0, ""warm_standbys"": 16, ""weibull_shape"": 1.0, ""working_pool_size"": 4600}"
da28d045aeb687e2f7991924bb1c67e7501cd076,2d_heatmap_sweep.py,Random+NeverRemove,DefaultHostSelection(),NeverRemove(),49,7,1993.3999999999974,0.16855623557740543,1657,1184,473,1657,1323,1199,458,364,125,1168,0,0,0,8,0,0,369,103.81381381381381,5,87.78678678678679,333,1.36,"{""adaptive_replications"": false, ""auto_repair_fail_prob"": 0.6, ""auto_repair_time"": 120.0, ""bad_server_regen_interval"": 43200, ""bad_server_regeneration"": false, ""confidence_level"": 0.95, ""diagnosis_probability"": 1.0, ""diagnosis_uncertainty"": 0.0, ""enable_topology"": false, ""failure_distribution"": ""exponential"", ""host_selection_time"": 3.0, ""job_length"": 20160, ""job_size"": 4096, ""lognormal_sigma"": 1.0, ""manual_repair_fail_prob"": 0.2, ""manual_repair_time"": 2880.0, ""max_replications"": 1000, ""num_replications"": 30, ""preemption_wait_time"": 20.0, ""prob_auto_to_manual"": 0.8, ""rack_size"": 8, ""random_failure_rate"": 1.388888888888889e-05, ""recovery_time"": 60.0, ""relative_accuracy"": 0.05, ""seed"": 42, ""spare_pool_size"": 200, ""systematic_failure_fraction"": 0.08, ""systematic_failure_rate_multiplier"": 25.0, ""warm_standbys"": 16, ""weibull_shape"": 1.0, ""working_pool_size"": 4600}"
da28d045aeb687e2f7991924bb1c67e7501cd076,2d_heatmap_sweep.py,Random+NeverRemove,DefaultHostSelection(),NeverRemove(),50,8,1929.3499999999974,0.17415191644854522,1593,1099,494,1593,1278,1149,444,362,143,1088,0,0,0,7,0,0,369,107.96273291925466,7,91.2360248447205,322,1.34,"{""adaptive_replications"": false, ""auto_repair_fail_prob"": 0.6, ""auto_repair_time"": 120.0, ""bad_server_regen_interval"": 43200, ""bad_server_regeneration"": false, ""confidence_level"": 0.95, ""diagnosis_probability"": 1.0, ""diagnosis_uncertainty"": 0.0, ""enable_topology"": false, ""failure_distribution"": ""exponential"", ""host_selection_time"": 3.0, ""job_length"": 20160, ""job_size"": 4096, ""lognormal_sigma"": 1.0, ""manual_repair_fail_prob"": 0.2, ""manual_repair_time"": 2880.0, ""max_replications"": 1000, ""num_replications"": 30, ""preemption_wait_time"": 20.0, ""prob_auto_to_manual"": 0.8, ""rack_size"": 8, ""random_failure_rate"": 1.388888888888889e-05, ""recovery_time"": 60.0, ""relative_accuracy"": 0.05, ""seed"": 42, ""spare_pool_size"": 200, ""systematic_failure_fraction"": 0.08, ""systematic_failure_rate_multiplier"": 25.0, ""warm_standbys"": 16, ""weibull_shape"": 1.0, ""working_pool_size"": 4600}"
da28d045aeb687e2f7991924bb1c67e7501cd076,2d_heatmap_sweep.py,Random+NeverRemove,DefaultHostSelection(),NeverRemove(),51,9,1911.3000000000038,0.17579657824517333,1575,1104,471,1575,1257,1143,432,358,130,1087,0,0,0,6,0,0,367,103.60501567398119,8,86.65830721003135,319,1.31,"{""adaptive_replications"": false, ""auto_repair_fail_prob"": 0.6, ""auto_repair_time"": 120.0, ""bad_server_regen_interval"": 43200, ""bad_server_regeneration"": false, ""confidence_level"": 0.95, ""diagnosis_probability"": 1.0, ""diagnosis_uncertainty"": 0.0, ""enable_topology"": false, ""failure_distribution"": ""exponential"", ""host_selection_time"": 3.0, ""job_length"": 20160, ""job_size"": 4096, ""lognormal_sigma"": 1.0, ""manual_repair_fail_prob"": 0.2, ""manual_repair_time"": 2880.0, ""max_replications"": 1000, ""num_replications"": 30, ""preemption_wait_time"": 20.0, ""prob_auto_to_manual"": 0.8, ""rack_size"": 8, ""random_failure_rate"": 1.388888888888889e-05, ""recovery_time"": 60.0, ""relative_accuracy"": 0.05, ""seed"": 42, ""spare_pool_size"": 200, ""systematic_failure_fraction"": 0.08, ""systematic_failure_rate_multiplier"": 25.0, ""warm_standbys"": 16, ""weibull_shape"": 1.0, ""working_pool_size"": 4600}"
da28d045aeb687e2f7991924bb1c67e7501cd076,2d_heatmap_sweep.py,Random+ScoredRemoval(SC_fast),DefaultHostSelection(),"ScoredRemoval(initial_score=100.0, failure_penalty=60.0, success_increment=5.0, time_period=1440, retirement_threshold=0.0)",42,0,1930.1499999999985,0.1740797347356421,1593,1135,458,1593,1282,1158,435,338,141,1114,0,276,0,23,0,0,369,104.58695652173913,2,92.17080745341615,322,1.75,"{""adaptive_replications"": false, ""auto_repair_fail_prob"": 0.6, ""auto_repair_time"": 120.0, ""bad_server_regen_interval"": 43200, ""bad_server_regeneration"": false, ""confidence_level"": 0.95, ""diagnosis_probability"": 1.0, ""diagnosis_uncertainty"": 0.0, ""enable_topology"": false, ""failure_distribution"": ""exponential"", ""host_selection_time"": 3.0, ""job_length"": 20160, ""job_size"": 4096, ""lognormal_sigma"": 1.0, ""manual_repair_fail_prob"": 0.2, ""manual_repair_time"": 2880.0, ""max_replications"": 1000, ""num_replications"": 30, ""preemption_wait_time"": 20.0, ""prob_auto_to_manual"": 0.8, ""rack_size"": 8, ""random_failure_rate"": 1.388888888888889e-05, ""recovery_time"": 60.0, ""relative_accuracy"": 0.05, ""seed"": 42, ""spare_pool_size"": 200, ""systematic_failure_fraction"": 0.08, ""systematic_failure_rate_multiplier"": 25.0, ""warm_standbys"": 16, ""weibull_shape"": 1.0, ""working_pool_size"": 4600}"
da28d045aeb687e2f7991924bb1c67e7501cd076,2d_heatmap_sweep.py,Random+ScoredRemoval(SC_fast),DefaultHostSelection(),"ScoredRemoval(initial_score=100.0, failure_penalty=60.0, success_increment=5.0, time_period=1440, retirement_threshold=0.0)",43,1,1960.999999999997,0.17134115247322804,1624,1162,462,1624,1293,1125,499,334,145,1145,0,268,0,20,0,0,370,99.565749235474,3,88.22935779816514,327,2.03,"{""adaptive_replications"": false, ""auto_repair_fail_prob"": 0.6, ""auto_repair_time"": 120.0, ""bad_server_regen_interval"": 43200, ""bad_server_regeneration"": false, ""confidence_level"": 0.95, ""diagnosis_probability"": 1.0, ""diagnosis_uncertainty"": 0.0, ""enable_topology"": false, ""failure_distribution"": ""exponential"", ""host_selection_time"": 3.0, ""job_length"": 20160, ""job_size"": 4096, ""lognormal_sigma"": 1.0, ""manual_repair_fail_prob"": 0.2, ""manual_repair_time"": 2880.0, ""max_replications"": 1000, ""num_replications"": 30, ""preemption_wait_time"": 20.0, ""prob_auto_to_manual"": 0.8, ""rack_size"": 8, ""random_failure_rate"": 1.388888888888889e-05, ""recovery_time"": 60.0, ""relative_accuracy"": 0.05, ""seed"": 42, ""spare_pool_size"": 200, ""systematic_failure_fraction"": 0.08, ""systematic_failure_rate_multiplier"": 25.0, ""warm_standbys"": 16, ""weibull_shape"": 1.0, ""working_pool_size"": 4600}"
da28d045aeb687e2f7991924bb1c67e7501cd076,2d_heatmap_sweep.py,Random+ScoredRemoval(SC_fast),DefaultHostSelection(),"ScoredRemoval(initial_score=100.0, failure_penalty=60.0, success_increment=5.0, time_period=1440, retirement_threshold=0.0)",44,2,1930.9999999999975,0.17400310719834294,1594,1133,461,1594,1276,1151,443,340,136,1118,0,266,0,20,0,0,366,100.31055900621118,0,90.49068322981367,322,1.97,"{""adaptive_replications"": false, ""auto_repair_fail_prob"": 0.6, ""auto_repair_time"": 120.0, ""bad_server_regen_interval"": 43200, ""bad_server_regeneration"": false, ""confidence_level"": 0.95, ""diagnosis_probability"": 1.0, ""diagnosis_uncertainty"": 0.0, ""enable_topology"": false, ""failure_distribution"": ""exponential"", ""host_selection_time"": 3.0, ""job_length"": 20160, ""job_size"": 4096, ""lognormal_sigma"": 1.0, ""manual_repair_fail_prob"": 0.2, ""manual_repair_time"": 2880.0, ""max_replications"": 1000, ""num_replications"": 30, ""preemption_wait_time"": 20.0, ""prob_auto_to_manual"": 0.8, ""rack_size"": 8, ""random_failure_rate"": 1.388888888888889e-05, ""recovery_time"": 60.0, ""relative_accuracy"": 0.05, ""seed"": 42, ""spare_pool_size"": 200, ""systematic_failure_fraction"": 0.08, ""systematic_failure_rate_multiplier"": 25.0, ""warm_standbys"": 16, ""weibull_shape"": 1.0, ""working_pool_size"": 4600}"
da28d045aeb687e2f7991924bb1c67e7501cd076,2d_heatmap_sweep.py,Random+ScoredRemoval(SC_fast),DefaultHostSelection(),"ScoredRemoval(initial_score=100.0, failure_penalty=60.0, success_increment=5.0, time_period=1440, retirement_threshold=0.0)",45,3,1961.0500000000009,0.1713367838657862,1624,1185,439,1624,1305,1180,444,331,134,1159,0,276,0,21,0,0,365,95.12538226299694,1,84.14067278287462,327,2.01,"{""adaptive_replications"": false, ""auto_repair_fail_prob"": 0.6, ""auto_repair_time"": 120.0, ""bad_server_regen_interval"": 43200, ""bad_server_regeneration"": false, ""confidence_level"": 0.95, ""diagnosis_probability"": 1.0, ""diagnosis_uncertainty"": 0.0, ""enable_topology"": false, ""failure_distribution"": ""exponential"", ""host_selection_time"": 3.0, ""job_length"": 20160, ""job_size"": 4096, ""lognormal_sigma"": 1.0, ""manual_repair_fail_prob"": 0.2, ""manual_repair_time"": 2880.0, ""max_replications"": 1000, ""num_replications"": 30, ""preemption_wait_time"": 20.0, ""prob_auto_to_manual"": 0.8, ""rack_size"": 8, ""random_failure_rate"": 1.388888888888889e-05, ""recovery_time"": 60.0, ""relative_accuracy"": 0.05, ""seed"": 42, ""spare_pool_size"": 200, ""systematic_failure_fraction"": 0.08, ""systematic_failure_rate_multiplier"": 25.0, ""warm_standbys"": 16, ""weibull_shape"": 1.0, ""working_pool_size"": 4600}"
da28d045aeb687e2f7991924bb1c67e7501cd076,2d_heatmap_sweep.py,Random+ScoredRemoval(SC_fast),DefaultHostSelection(),"ScoredRemoval(initial_score=100.0, failure_penalty=60.0, success_increment=5.0, time_period=1440, retirement_threshold=0.0)",46,4,1933.0500000000006,0.1738185768604019,1596,1151,445,1596,1281,1146,450,340,122,1134,0,274,0,21,0,0,367,94.9969040247678,0,84.57275541795666,323,2.02,"{""adaptive_replications"": false, ""auto_repair_fail_prob"": 0.6, ""auto_repair_time"": 120.0, ""bad_server_regen_interval"": 43200, ""bad_server_regeneration"": false, ""confidence_level"": 0.95, ""diagnosis_probability"": 1.0, ""diagnosis_uncertainty"": 0.0, ""enable_topology"": false, ""failure_distribution"": ""exponential"", ""host_selection_time"": 3.0, ""job_length"": 20160, ""job_size"": 4096, ""lognormal_sigma"": 1.0, ""manual_repair_fail_prob"": 0.2, ""manual_repair_time"": 2880.0, ""max_replications"": 1000, ""num_replications"": 30, ""preemption_wait_time"": 20.0, ""prob_auto_to_manual"": 0.8, ""rack_size"": 8, ""random_failure_rate"": 1.388888888888889e-05, ""recovery_time"": 60.0, ""relative_accuracy"": 0.05, ""seed"": 42, ""spare_pool_size"": 200, ""systematic_failure_fraction"": 0.08, ""systematic_failure_rate_multiplier"": 25.0, ""warm_standbys"": 16, ""weibull_shape"": 1.0, ""working_pool_size"": 4600}"
da28d045aeb687e2f7991924bb1c67e7501cd076,2d_heatmap_sweep.py,Random+ScoredRemoval(SC_fast),DefaultHostSelection(),"ScoredRemoval(initial_score=100.0, failure_penalty=60.0, success_increment=5.0, time_period=1440, retirement_threshold=0.0)",47,5,1908.0500000000034,0.17609601425539192,1571,1120,451,1571,1258,1150,421,334,130,1107,0,252,0,21,0,0,364,98.84326018808777,1,87.47335423197492,319,2.02,"{""adaptive_replications"": false, ""auto_repair_fail_prob"": 0.6, ""auto_repair_time"": 120.0, ""bad_server_regen_interval"": 43200, ""bad_server_regeneration"": false, ""confidence_level"": 0.95, ""diagnosis_probability"": 1.0, ""diagnosis_uncertainty"": 0.0, ""enable_topology"": false, ""failure_distribution"": ""exponential"", ""host_selection_time"": 3.0, ""job_length"": 20160, ""job_size"": 4096, ""lognormal_sigma"": 1.0, ""manual_repair_fail_prob"": 0.2, ""manual_repair_time"": 2880.0, ""max_replications"": 1000, ""num_replications"": 30, ""preemption_wait_time"": 20.0, ""prob_auto_to_manual"": 0.8, ""rack_size"": 8, ""random_failure_rate"": 1.388888888888889e-05, ""recovery_time"": 60.0, ""relative_accuracy"": 0.05, ""seed"": 42, ""spare_pool_size"": 200, ""systematic_failure_fraction"": 0.08, ""systematic_failure_rate_multiplier"": 25.0, ""warm_standbys"": 16, ""weibull_shape"": 1.0, ""working_pool_size"": 4600}"
da28d045aeb687e2f7991924bb1c67e7501cd076,2d_heatmap_sweep.py,Random+ScoredRemoval(SC_fast),DefaultHostSelection(),"ScoredRemoval(initial_score=100.0, failure_penalty=60.0, success_increment=5.0, time_period=1440, retirement_threshold=0.0)",48,6,1928.0499999999988,0.1742693394880838,1591,1150,441,1591,1259,1155,436,336,119,1136,0,255,0,21,0,0,365,95.44409937888199,3,83.40062111801242,322,1.99,"{""adaptive_replications"": false, ""auto_repair_fail_prob"": 0.6, ""auto_repair_time"": 120.0, ""bad_server_regen_interval"": 43200, ""bad_server_regeneration"": false, ""confidence_level"": 0.95, ""diagnosis_probability"": 1.0, ""diagnosis_uncertainty"": 0.0, ""enable_topology"": false, ""failure_distribution"": ""exponential"", ""host_selection_time"": 3.0, ""job_length"": 20160, ""job_size"": 4096, ""lognormal_sigma"": 1.0, ""manual_repair_fail_prob"": 0.2, ""manual_repair_time"": 2880.0, ""max_replications"": 1000, ""num_replications"": 30, ""preemption_wait_time"": 20.0, ""prob_auto_to_manual"": 0.8, ""rack_size"": 8, ""random_failure_rate"": 1.388888888888889e-05, ""recovery_time"": 60.0, ""relative_accuracy"": 0.05, ""seed"": 42, ""spare_pool_size"": 200, ""systematic_failure_fraction"": 0.08, ""systematic_failure_rate_multiplier"": 25.0, ""warm_standbys"": 16, ""weibull_shape"": 1.0, ""working_pool_size"": 4600}"
da28d045aeb687e2f7991924bb1c67e7501cd076,2d_heatmap_sweep.py,Random+ScoredRemoval(SC_fast),DefaultHostSelection(),"ScoredRemoval(initial_score=100.0, failure_penalty=60.0, success_increment=5.0, time_period=1440, retirement_threshold=0.0)",49,7,1937.9499999999966,0.17337908614773376,1601,1148,453,1601,1287,1131,470,340,130,1131,0,252,0,19,0,0,369,102.56965944272446,0,92.3405572755418,323,2.02,"{""adaptive_replications"": false, ""auto_repair_fail_prob"": 0.6, ""auto_repair_time"": 120.0, ""bad_server_regen_interval"": 43200, ""bad_server_regeneration"": false, ""confidence_level"": 0.95, ""diagnosis_probability"": 1.0, ""diagnosis_uncertainty"": 0.0, ""enable_topology"": false, ""failure_distribution"": ""exponential"", ""host_selection_time"": 3.0, ""job_length"": 20160, ""job_size"": 4096, ""lognormal_sigma"": 1.0, ""manual_repair_fail_prob"": 0.2, ""manual_repair_time"": 2880.0, ""max_replications"": 1000, ""num_replications"": 30, ""preemption_wait_time"": 20.0, ""prob_auto_to_manual"": 0.8, ""rack_size"": 8, ""random_failure_rate"": 1.388888888888889e-05, ""recovery_time"": 60.0, ""relative_accuracy"": 0.05, ""seed"": 42, ""spare_pool_size"": 200, ""systematic_failure_fraction"": 0.08, ""systematic_failure_rate_multiplier"": 25.0, ""warm_standbys"": 16, ""weibull_shape"": 1.0, ""working_pool_size"": 4600}"
da28d045aeb687e2f7991924bb1c67e7501cd076,2d_heatmap_sweep.py,Random+ScoredRemoval(SC_fast),DefaultHostSelection(),"ScoredRemoval(initial_score=100.0, failure_penalty=60.0, success_increment=5.0, time_period=1440, retirement_threshold=0.0)",50,8,1974.0999999999988,0.1702041436604026,1637,1172,465,1637,1303,1144,493,324,159,1154,0,274,0,22,0,0,369,104.26060606060607,1,90.82424242424243,330,2.07,"{""adaptive_replications"": false, ""auto_repair_fail_prob"": 0.6, ""auto_repair_time"": 120.0, ""bad_server_regen_interval"": 43200, ""bad_server_regeneration"": false, ""confidence_level"": 0.95, ""diagnosis_probability"": 1.0, ""diagnosis_uncertainty"": 0.0, ""enable_topology"": false, ""failure_distribution"": ""exponential"", ""host_selection_time"": 3.0, ""job_length"": 20160, ""job_size"": 4096, ""lognormal_sigma"": 1.0, ""manual_repair_fail_prob"": 0.2, ""manual_repair_time"": 2880.0, ""max_replications"": 1000, ""num_replications"": 30, ""preemption_wait_time"": 20.0, ""prob_auto_to_manual"": 0.8, ""rack_size"": 8, ""random_failure_rate"": 1.388888888888889e-05, ""recovery_time"": 60.0, ""relative_accuracy"": 0.05, ""seed"": 42, ""spare_pool_size"": 200, ""systematic_failure_fraction"": 0.08, ""systematic_failure_rate_multiplier"": 25.0, ""warm_standbys"": 16, ""weibull_shape"": 1.0, ""working_pool_size"": 4600}"
da28d045aeb687e2f7991924bb1c67e7501cd076,2d_heatmap_sweep.py,Random+ScoredRemoval(SC_fast),DefaultHostSelection(),"ScoredRemoval(initial_score=100.0, failure_penalty=60.0, success_increment=5.0, time_period=1440, retirement_threshold=0.0)",51,9,1923.9999999999961,0.17463617463617528,1587,1125,462,1587,1249,1109,478,329,150,1108,0,269,0,20,0,0,367,98.9190031152648,4,88.20560747663552,321,1.98,"{""adaptive_replications"": false, ""auto_repair_fail_prob"": 0.6, ""auto_repair_time"": 120.0, ""bad_server_regen_interval"": 43200, ""bad_server_regeneration"": false, ""confidence_level"": 0.95, ""diagnosis_probability"": 1.0, ""diagnosis_uncertainty"": 0.0, ""enable_topology"": false, ""failure_distribution"": ""exponential"", ""host_selection_time"": 3.0, ""job_length"": 20160, ""job_size"": 4096, ""lognormal_sigma"": 1.0, ""manual_repair_fail_prob"": 0.2, ""manual_repair_time"": 2880.0, ""max_replications"": 1000, ""num_replications"": 30, ""preemption_wait_time"": 20.0, ""prob_auto_to_manual"": 0.8, ""rack_size"": 8, ""random_failure_rate"": 1.388888888888889e-05, ""recovery_time"": 60.0, ""relative_accuracy"": 0.05, ""seed"": 42, ""spare_pool_size"": 200, ""systematic_failure_fraction"": 0.08, ""systematic_failure_rate_multiplier"": 25.0, ""warm_standbys"": 16, ""weibull_shape"": 1.0, ""working_pool_size"": 4600}"
da28d045aeb687e2f7991924bb1c67e7501cd076,2d_heatmap_sweep.py,FewestFailuresFirst+NeverRemove,FewestFailuresFirst(),NeverRemove(),42,0,1974.300000000002,0.1701869016866737,1638,1172,466,1638,1299,1186,452,346,145,1147,0,0,0,6,0,0,369,123.32121212121213,23,86.85454545454546,330,1.26,"{""adaptive_replications"": false, ""auto_repair_fail_prob"": 0.6, ""auto_repair_time"": 120.0, ""bad_server_regen_interval"": 43200, ""bad_server_regeneration"": false, ""confidence_level"": 0.95, ""diagnosis_probability"": 1.0, ""diagnosis_uncertainty"": 0.0, ""enable_topology"": false, ""failure_distribution"": ""exponential"", ""host_selection_time"": 3.0, ""job_length"": 20160, ""job_size"": 4096, ""lognormal_sigma"": 1.0, ""manual_repair_fail_prob"": 0.2, ""manual_repair_time"": 2880.0, ""max_replications"": 1000, ""num_replications"": 30, ""preemption_wait_time"": 20.0, ""prob_auto_to_manual"": 0.8, ""rack_size"": 8, ""random_failure_rate"": 1.388888888888889e-05, ""recovery_time"": 60.0, ""relative_accuracy"": 0.05, ""seed"": 42, ""spare_pool_size"": 200, ""systematic_failure_fraction"": 0.08, ""systematic_failure_rate_multiplier"": 25.0, ""warm_standbys"": 16, ""weibull_shape"": 1.0, ""working_pool_size"": 4600}"
da28d045aeb687e2f7991924bb1c67e7501cd076,2d_heatmap_sweep.py,FewestFailuresFirst+NeverRemove,FewestFailuresFirst(),NeverRemove(),43,1,1829.2000000000007,0.18368685764268539,1493,1081,412,1493,1186,1106,387,322,104,1067,0,0,0,4,0,0,370,129.42295081967214,48,83.59016393442623,305,1.26,"{""adaptive_replications"": false, ""auto_repair_fail_prob"": 0.6, ""auto_repair_time"": 120.0, ""bad_server_regen_interval"": 43200, ""bad_server_regeneration"": false, ""confidence_level"": 0.95, ""diagnosis_probability"": 1.0, ""diagnosis_uncertainty"": 0.0, ""enable_topology"": false, ""failure_distribution"": ""exponential"", ""host_selection_time"": 3.0, ""job_length"": 20160, ""job_size"": 4096, ""lognormal_sigma"": 1.0, ""manual_repair_fail_prob"": 0.2, ""manual_repair_time"": 2880.0, ""max_replications"": 1000, ""num_replications"": 30, ""preemption_wait_time"": 20.0, ""prob_auto_to_manual"": 0.8, ""rack_size"": 8, ""random_failure_rate"": 1.388888888888889e-05, ""recovery_time"": 60.0, ""relative_accuracy"": 0.05, ""seed"": 42, ""spare_pool_size"": 200, ""systematic_failure_fraction"": 0.08, ""systematic_failure_rate_multiplier"": 25.0, ""warm_standbys"": 16, ""weibull_shape"": 1.0, ""working_pool_size"": 4600}"
da28d045aeb687e2f7991924bb1c67e7501cd076,2d_heatmap_sweep.py,FewestFailuresFirst+NeverRemove,FewestFailuresFirst(),NeverRemove(),44,2,1935.3999999999987,0.17360752299266372,1599,1152,447,1599,1279,1163,436,333,130,1136,0,0,0,8,0,0,366,130.22600619195046,32,86.13003095975232,323,1.38,"{""adaptive_replications"": false, ""auto_repair_fail_prob"": 0.6, ""auto_repair_time"": 120.0, ""bad_server_regen_interval"": 43200, ""bad_server_regeneration"": false, ""confidence_level"": 0.95, ""diagnosis_probability"": 1.0, ""diagnosis_uncertainty"": 0.0, ""enable_topology"": false, ""failure_distribution"": ""exponential"", ""host_selection_time"": 3.0, ""job_length"": 20160, ""job_size"": 4096, ""lognormal_sigma"": 1.0, ""manual_repair_fail_prob"": 0.2, ""manual_repair_time"": 2880.0, ""max_replications"": 1000, ""num_replications"": 30, ""preemption_wait_time"": 20.0, ""prob_auto_to_manual"": 0.8, ""rack_size"": 8, ""random_failure_rate"": 1.388888888888889e-05, ""recovery_time"": 60.0, ""relative_accuracy"": 0.05, ""seed"": 42, ""spare_pool_size"": 200, ""systematic_failure_fraction"": 0.08, ""systematic_failure_rate_multiplier"": 25.0, ""warm_standbys"": 16, ""weibull_shape"": 1.0, ""working_pool_size"": 4600}"
da28d045aeb687e2f7991924bb1c67e7501cd076,2d_heatmap_sweep.py,FewestFailuresFirst+NeverRemove,FewestFailuresFirst(),NeverRemove(),45,3,1908.2999999999972,0.17607294450558075,1572,1109,463,1572,1250,1109,463,340,145,1087,0,0,0,6,0,0,365,122.858934169279,25,94.23824451410658,319,1.33,"{""adaptive_replications"": false, ""auto_repair_fail_prob"": 0.6, ""auto_repair_time"": 120.0, ""bad_server_regen_interval"": 43200, ""bad_server_regeneration"": false, ""confidence_level"": 0.95, ""diagnosis_probability"": 1.0, ""diagnosis_uncertainty"": 0.0, ""enable_topology"": false, ""failure_distribution"": ""exponential"", ""host_selection_time"": 3.0, ""job_length"": 20160, ""job_size"": 4096, ""lognormal_sigma"": 1.0, ""manual_repair_fail_prob"": 0.2, ""manual_repair_time"": 2880.0, ""max_replications"": 1000, ""num_replications"": 30, ""preemption_wait_time"": 20.0, ""prob_auto_to_manual"": 0.8, ""rack_size"": 8, ""random_failure_rate"": 1.388888888888889e-05, ""recovery_time"": 60.0, ""relative_accuracy"": 0.05, ""seed"": 42, ""spare_pool_size"": 200, ""systematic_failure_fraction"": 0.08, ""systematic_failure_rate_multiplier"": 25.0, ""warm_standbys"": 16, ""weibull_shape"": 1.0, ""working_pool_size"": 4600}"
da28d045aeb687e2f7991924bb1c67e7501cd076,2d_heatmap_sweep.py,FewestFailuresFirst+NeverRemove,FewestFailuresFirst(),NeverRemove(),46,4,1908.2999999999956,0.1760729445055812,1572,1136,436,1572,1273,1176,396,353,99,1120,0,0,0,6,0,0,367,111.91536050156739,14,84.13479623824452,319,1.33,"{""adaptive_replications"": false, ""auto_repair_fail_prob"": 0.6, ""auto_repair_time"": 120.0, ""bad_server_regen_interval"": 43200, ""bad_server_regeneration"": false, ""confidence_level"": 0.95, ""diagnosis_probability"": 1.0, ""diagnosis_uncertainty"": 0.0, ""enable_topology"": false, ""failure_distribution"": ""exponential"", ""host_selection_time"": 3.0, ""job_length"": 20160, ""job_size"": 4096, ""lognormal_sigma"": 1.0, ""manual_repair_fail_prob"": 0.2, ""manual_repair_time"": 2880.0, ""max_replications"": 1000, ""num_replications"": 30, ""preemption_wait_time"": 20.0, ""prob_auto_to_manual"": 0.8, ""rack_size"": 8, ""random_failure_rate"": 1.388888888888889e-05, ""recovery_time"": 60.0, ""relative_accuracy"": 0.05, ""seed"": 42, ""spare_pool_size"": 200, ""systematic_failure_fraction"": 0.08, ""systematic_failure_rate_multiplier"": 25.0, ""warm_standbys"": 16, ""weibull_shape"": 1.0, ""working_pool_size"": 4600}"
da28d045aeb687e2f7991924bb1c67e7501cd076,2d_heatmap_sweep.py,FewestFailuresFirst+NeverRemove,FewestFailuresFirst(),NeverRemove(),47,5,1894.300000000003,0.17737422794699878,1558,1125,433,1558,1254,1137,421,329,120,1109,0,0,0,6,0,0,364,124.0632911392405,35,81.56645569620254,316,1.3,"{""adaptive_replications"": false, ""auto_repair_fail_prob"": 0.6, ""auto_repair_time"": 120.0, ""bad_server_regen_interval"": 43200, ""bad_server_regeneration"": false, ""confidence_level"": 0.95, ""diagnosis_probability"": 1.0, ""diagnosis_uncertainty"": 0.0, ""enable_topology"": false, ""failure_distribution"": ""exponential"", ""host_selection_time"": 3.0, ""job_length"": 20160, ""job_size"": 4096, ""lognormal_sigma"": 1.0, ""manual_repair_fail_prob"": 0.2, ""manual_repair_time"": 2880.0, ""max_replications"": 1000, ""num_replications"": 30, ""preemption_wait_time"": 20.0, ""prob_auto_to_manual"": 0.8, ""rack_size"": 8, ""random_failure_rate"": 1.388888888888889e-05, ""recovery_time"": 60.0, ""relative_accuracy"": 0.05, ""seed"": 42, ""spare_pool_size"": 200, ""systematic_failure_fraction"": 0.08, ""systematic_failure_rate_multiplier"": 25.0, ""warm_standbys"": 16, ""weibull_shape"": 1.0, ""working_pool_size"": 4600}"
da28d045aeb687e2f7991924bb1c67e7501cd076,2d_heatmap_sweep.py,FewestFailuresFirst+NeverRemove,FewestFailuresFirst(),NeverRemove(),48,6,1901.2499999999993,0.17672583826430005,1565,1112,453,1565,1254,1141,424,324,140,1101,0,0,0,5,0,0,365,132.93375394321765,41,87.71608832807571,317,1.31,"{""adaptive_replications"": false, ""auto_repair_fail_prob"": 0.6, ""auto_repair_time"": 120.0, ""bad_server_regen_interval"": 43200, ""bad_server_regeneration"": false, ""confidence_level"": 0.95, ""diagnosis_probability"": 1.0, ""diagnosis_uncertainty"": 0.0, ""enable_topology"": false, ""failure_distribution"": ""exponential"", ""host_selection_time"": 3.0, ""job_length"": 20160, ""job_size"": 4096, ""lognormal_sigma"": 1.0, ""manual_repair_fail_prob"": 0.2, ""manual_repair_time"": 2880.0, ""max_replications"": 1000, ""num_replications"": 30, ""preemption_wait_time"": 20.0, ""prob_auto_to_manual"": 0.8, ""rack_size"": 8, ""random_failure_rate"": 1.388888888888889e-05, ""recovery_time"": 60.0, ""relative_accuracy"": 0.05, ""seed"": 42, ""spare_pool_size"": 200, ""systematic_failure_fraction"": 0.08, ""systematic_failure_rate_multiplier"": 25.0, ""warm_standbys"": 16, ""weibull_shape"": 1.0, ""working_pool_size"": 4600}"
da28d045aeb687e2f7991924bb1c67e7501cd076,2d_heatmap_sweep.py,FewestFailuresFirst+NeverRemove,FewestFailuresFirst(),NeverRemove(),49,7,1931.299999999997,0.17397607828923561,1595,1144,451,1595,1277,1156,439,346,122,1127,0,0,0,6,0,0,369,120.57453416149069,23,87.37577639751552,322,1.34,"{""adaptive_replications"": false, ""auto_repair_fail_prob"": 0.6, ""auto_repair_time"": 120.0, ""bad_server_regen_interval"": 43200, ""bad_server_regeneration"": false, ""confidence_level"": 0.95, ""diagnosis_probability"": 1.0, ""diagnosis_uncertainty"": 0.0, ""enable_topology"": false, ""failure_distribution"": ""exponential"", ""host_selection_time"": 3.0, ""job_length"": 20160, ""job_size"": 4096, ""lognormal_sigma"": 1.0, ""manual_repair_fail_prob"": 0.2, ""manual_repair_time"": 2880.0, ""max_replications"": 1000, ""num_replications"": 30, ""preemption_wait_time"": 20.0, ""prob_auto_to_manual"": 0.8, ""rack_size"": 8, ""random_failure_rate"": 1.388888888888889e-05, ""recovery_time"": 60.0, ""relative_accuracy"": 0.05, ""seed"": 42, ""spare_pool_size"": 200, ""systematic_failure_fraction"": 0.08, ""systematic_failure_rate_multiplier"": 25.0, ""warm_standbys"": 16, ""weibull_shape"": 1.0, ""working_pool_size"": 4600}"
da28d045aeb687e2f7991924bb1c67e7501cd076,2d_heatmap_sweep.py,FewestFailuresFirst+NeverRemove,FewestFailuresFirst(),NeverRemove(),50,8,1951.250000000002,0.1721973094170401,1615,1166,449,1615,1287,1164,451,335,130,1150,0,0,0,5,0,0,369,122.18098159509202,34,88.62269938650307,326,1.36,"{""adaptive_replications"": false, ""auto_repair_fail_prob"": 0.6, ""auto_repair_time"": 120.0, ""bad_server_regen_interval"": 43200, ""bad_server_regeneration"": false, ""confidence_level"": 0.95, ""diagnosis_probability"": 1.0, ""diagnosis_uncertainty"": 0.0, ""enable_topology"": false, ""failure_distribution"": ""exponential"", ""host_selection_time"": 3.0, ""job_length"": 20160, ""job_size"": 4096, ""lognormal_sigma"": 1.0, ""manual_repair_fail_prob"": 0.2, ""manual_repair_time"": 2880.0, ""max_replications"": 1000, ""num_replications"": 30, ""preemption_wait_time"": 20.0, ""prob_auto_to_manual"": 0.8, ""rack_size"": 8, ""random_failure_rate"": 1.388888888888889e-05, ""recovery_time"": 60.0, ""relative_accuracy"": 0.05, ""seed"": 42, ""spare_pool_size"": 200, ""systematic_failure_fraction"": 0.08, ""systematic_failure_rate_multiplier"": 25.0, ""warm_standbys"": 16, ""weibull_shape"": 1.0, ""working_pool_size"": 4600}"
da28d045aeb687e2f7991924bb1c67e7501cd076,2d_heatmap_sweep.py,FewestFailuresFirst+NeverRemove,FewestFailuresFirst(),NeverRemove(),51,9,1974.3499999999979,0.1701825917390536,1638,1161,477,1638,1331,1153,485,336,153,1149,0,0,0,7,0,0,367,136.0818181818182,31,91.24848484848485,330,1.38,"{""adaptive_replications"": false, ""auto_repair_fail_prob"": 0.6, ""auto_repair_time"": 120.0, ""bad_server_regen_interval"": 43200, ""bad_server_regeneration"": false, ""confidence_level"": 0.95, ""diagnosis_probability"": 1.0, ""diagnosis_uncertainty"": 0.0, ""enable_topology"": false, ""failure_distribution"": ""exponential"", ""host_selection_time"": 3.0, ""job_length"": 20160, ""job_size"": 4096, ""lognormal_sigma"": 1.0, ""manual_repair_fail_prob"": 0.2, ""manual_repair_time"": 2880.0, ""max_replications"": 1000, ""num_replications"": 30, ""preemption_wait_time"": 20.0, ""prob_auto_to_manual"": 0.8, ""rack_size"": 8, ""random_failure_rate"": 1.388888888888889e-05, ""recovery_time"": 60.0, ""relative_accuracy"": 0.05, ""seed"": 42, ""spare_pool_size"": 200, ""systematic_failure_fraction"": 0.08, ""systematic_failure_rate_multiplier"": 25.0, ""warm_standbys"": 16, ""weibull_shape"": 1.0, ""working_pool_size"": 4600}"
da28d045aeb687e2f7991924bb1c67e7501cd076,2d_heatmap_sweep.py,Random+NeverRemove,DefaultHostSelection(),NeverRemove(),42,0,2142.2999999999997,0.15684077860243678,1806,1180,626,1806,1458,1017,789,353,295,1158,0,0,0,6,0,0,369,129.4832402234637,16,108.74301675977654,358,1.42,"{""adaptive_replications"": false, ""auto_repair_fail_prob"": 0.6, ""auto_repair_time"": 120.0, ""bad_server_regen_interval"": 43200, ""bad_server_regeneration"": false, ""confidence_level"": 0.95, ""diagnosis_probability"": 1.0, ""diagnosis_uncertainty"": 0.0, ""enable_topology"": false, ""failure_distribution"": ""exponential"", ""host_selection_time"": 3.0, ""job_length"": 20160, ""job_size"": 4096, ""lognormal_sigma"": 1.0, ""manual_repair_fail_prob"": 0.4, ""manual_repair_time"": 2880.0, ""max_replications"": 1000, ""num_replications"": 30, ""preemption_wait_time"": 20.0, ""prob_auto_to_manual"": 0.8, ""rack_size"": 8, ""random_failure_rate"": 1.388888888888889e-05, ""recovery_time"": 60.0, ""relative_accuracy"": 0.05, ""seed"": 42, ""spare_pool_size"": 200, ""systematic_failure_fraction"": 0.08, ""systematic_failure_rate_multiplier"": 25.0, ""warm_standbys"": 16, ""weibull_shape"": 1.0, ""working_pool_size"": 4600}"
da28d045aeb687e2f7991924bb1c67e7501cd076,2d_heatmap_sweep.py,Random+NeverRemove,DefaultHostSelection(),NeverRemove(),43,1,2066.2500000000014,0.16261343012704185,1730,1139,591,1730,1372,994,736,351,268,1111,0,0,0,5,0,0,370,126.37391304347825,18,106.26086956521739,345,1.43,"{""adaptive_replications"": false, ""auto_repair_fail_prob"": 0.6, ""auto_repair_time"": 120.0, ""bad_server_regen_interval"": 43200, ""bad_server_regeneration"": false, ""confidence_level"": 0.95, ""diagnosis_probability"": 1.0, ""diagnosis_uncertainty"": 0.0, ""enable_topology"": false, ""failure_distribution"": ""exponential"", ""host_selection_time"": 3.0, ""job_length"": 20160, ""job_size"": 4096, ""lognormal_sigma"": 1.0, ""manual_repair_fail_prob"": 0.4, ""manual_repair_time"": 2880.0, ""max_replications"": 1000, ""num_replications"": 30, ""preemption_wait_time"": 20.0, ""prob_auto_to_manual"": 0.8, ""rack_size"": 8, ""random_failure_rate"": 1.388888888888889e-05, ""recovery_time"": 60.0, ""relative_accuracy"": 0.05, ""seed"": 42, ""spare_pool_size"": 200, ""systematic_failure_fraction"": 0.08, ""systematic_failure_rate_multiplier"": 25.0, ""warm_standbys"": 16, ""weibull_shape"": 1.0, ""working_pool_size"": 4600}"
da28d045aeb687e2f7991924bb1c67e7501cd076,2d_heatmap_sweep.py,Random+NeverRemove,DefaultHostSelection(),NeverRemove(),44,2,2058.399999999997,0.16323357947920725,1722,1117,605,1722,1361,961,761,347,282,1093,0,0,0,8,0,0,366,130.75290697674419,17,108.94476744186046,344,1.43,"{""adaptive_replications"": false, ""auto_repair_fail_prob"": 0.6, ""auto_repair_time"": 120.0, ""bad_server_regen_interval"": 43200, ""bad_server_regeneration"": false, ""confidence_level"": 0.95, ""diagnosis_probability"": 1.0, ""diagnosis_uncertainty"": 0.0, ""enable_topology"": false, ""failure_distribution"": ""exponential"", ""host_selection_time"": 3.0, ""job_length"": 20160, ""job_size"": 4096, ""lognormal_sigma"": 1.0, ""manual_repair_fail_prob"": 0.4, ""manual_repair_time"": 2880.0, ""max_replications"": 1000, ""num_replications"": 30, ""preemption_wait_time"": 20.0, ""prob_auto_to_manual"": 0.8, ""rack_size"": 8, ""random_failure_rate"": 1.388888888888889e-05, ""recovery_time"": 60.0, ""relative_accuracy"": 0.05, ""seed"": 42, ""spare_pool_size"": 200, ""systematic_failure_fraction"": 0.08, ""systematic_failure_rate_multiplier"": 25.0, ""warm_standbys"": 16, ""weibull_shape"": 1.0, ""working_pool_size"": 4600}"
da28d045aeb687e2f7991924bb1c67e7501cd076,2d_heatmap_sweep.py,Random+NeverRemove,DefaultHostSelection(),NeverRemove(),45,3,2057.249999999999,0.16332482683193605,1721,1128,593,1721,1361,985,736,333,285,1103,0,0,0,5,0,0,365,137.32944606413994,31,109.1865889212828,343,1.49,"{""adaptive_replications"": false, ""auto_repair_fail_prob"": 0.6, ""auto_repair_time"": 120.0, ""bad_server_regen_interval"": 43200, ""bad_server_regeneration"": false, ""confidence_level"": 0.95, ""diagnosis_probability"": 1.0, ""diagnosis_uncertainty"": 0.0, ""enable_topology"": false, ""failure_distribution"": ""exponential"", ""host_selection_time"": 3.0, ""job_length"": 20160, ""job_size"": 4096, ""lognormal_sigma"": 1.0, ""manual_repair_fail_prob"": 0.4, ""manual_repair_time"": 2880.0, ""max_replications"": 1000, ""num_replications"": 30, ""preemption_wait_time"": 20.0, ""prob_auto_to_manual"": 0.8, ""rack_size"": 8, ""random_failure_rate"": 1.388888888888889e-05, ""recovery_time"": 60.0, ""relative_accuracy"": 0.05, ""seed"": 42, ""spare_pool_size"": 200, ""systematic_failure_fraction"": 0.08, ""systematic_failure_rate_multiplier"": 25.0, ""warm_standbys"": 16, ""weibull_shape"": 1.0, ""working_pool_size"": 4600}"
da28d045aeb687e2f7991924bb1c67e7501cd076,2d_heatmap_sweep.py,Random+NeverRemove,DefaultHostSelection(),NeverRemove(),46,4,2117.45,0.15868143285555736,1781,1140,641,1781,1448,953,828,352,315,1114,0,0,0,9,0,0,367,128.3512747875354,16,108.28328611898017,353,1.54,"{""adaptive_replications"": false, ""auto_repair_fail_prob"": 0.6, ""auto_repair_time"": 120.0, ""bad_server_regen_interval"": 43200, ""bad_server_regeneration"": false, ""confidence_level"": 0.95, ""diagnosis_probability"": 1.0, ""diagnosis_uncertainty"": 0.0, ""enable_topology"": false, ""failure_distribution"": ""exponential"", ""host_selection_time"": 3.0, ""job_length"": 20160, ""job_size"": 4096, ""lognormal_sigma"": 1.0, ""manual_repair_fail_prob"": 0.4, ""manual_repair_time"": 2880.0, ""max_replications"": 1000, ""num_replications"": 30, ""preemption_wait_time"": 20.0, ""prob_auto_to_manual"": 0.8, ""rack_size"": 8, ""random_failure_rate"": 1.388888888888889e-05, ""recovery_time"": 60.0, ""relative_accuracy"": 0.05, ""seed"": 42, ""spare_pool_size"": 200, ""systematic_failure_fraction"": 0.08, ""systematic_failure_rate_multiplier"": 25.0, ""warm_standbys"": 16, ""weibull_shape"": 1.0, ""working_pool_size"": 4600}"
da28d045aeb687e2f7991924bb1c67e7501cd076,2d_heatmap_sweep.py,Random+NeverRemove,DefaultHostSelection(),NeverRemove(),47,5,2074.3500000000035,0.16197845108106115,1738,1136,602,1738,1378,969,769,342,283,1113,0,0,0,7,0,0,364,129.10404624277456,20,107.90173410404624,346,1.51,"{""adaptive_replications"": false, ""auto_repair_fail_prob"": 0.6, ""auto_repair_time"": 120.0, ""bad_server_regen_interval"": 43200, ""bad_server_regeneration"": false, ""confidence_level"": 0.95, ""diagnosis_probability"": 1.0, ""diagnosis_uncertainty"": 0.0, ""enable_topology"": false, ""failure_distribution"": ""exponential"", ""host_selection_time"": 3.0, ""job_length"": 20160, ""job_size"": 4096, ""lognormal_sigma"": 1.0, ""manual_repair_fail_prob"": 0.4, ""manual_repair_time"": 2880.0, ""max_replications"": 1000, ""num_replications"": 30, ""preemption_wait_time"": 20.0, ""prob_auto_to_manual"": 0.8, ""rack_size"": 8, ""random_failure_rate"": 1.388888888888889e-05, ""recovery_time"": 60.0, ""relative_accuracy"": 0.05, ""seed"": 42, ""spare_pool_size"": 200, ""systematic_failure_fraction"": 0.08, ""systematic_failure_rate_multiplier"": 25.0, ""warm_standbys"": 16, ""weibull_shape"": 1.0, ""working_pool_size"": 4600}"
da28d045aeb687e2f7991924bb1c67e7501cd076,2d_heatmap_sweep.py,Random+NeverRemove,DefaultHostSelection(),NeverRemove(),48,6,2082.349999999998,0.16135616010757067,1746,1133,613,1746,1394,951,795,351,288,1107,0,0,0,7,0,0,365,124.54597701149426,13,106.5,348,1.5,"{""adaptive_replications"": false, ""auto_repair_fail_prob"": 0.6, ""auto_repair_time"": 120.0, ""bad_server_regen_interval"": 43200, ""bad_server_regeneration"": false, ""confidence_level"": 0.95, ""diagnosis_probability"": 1.0, ""diagnosis_uncertainty"": 0.0, ""enable_topology"": false, ""failure_distribution"": ""exponential"", ""host_selection_time"": 3.0, ""job_length"": 20160, ""job_size"": 4096, ""lognormal_sigma"": 1.0, ""manual_repair_fail_prob"": 0.4, ""manual_repair_time"": 2880.0, ""max_replications"": 1000, ""num_replications"": 30, ""preemption_wait_time"": 20.0, ""prob_auto_to_manual"": 0.8, ""rack_size"": 8, ""random_failure_rate"": 1.388888888888889e-05, ""recovery_time"": 60.0, ""relative_accuracy"": 0.05, ""seed"": 42, ""spare_pool_size"": 200, ""systematic_failure_fraction"": 0.08, ""systematic_failure_rate_multiplier"": 25.0, ""warm_standbys"": 16, ""weibull_shape"": 1.0, ""working_pool_size"": 4600}"
da28d045aeb687e2f7991924bb1c67e7501cd076,2d_heatmap_sweep.py,Random+NeverRemove,DefaultHostSelection(),NeverRemove(),49,7,2080.3999999999974,0.16150740242261133,1744,1158,586,1744,1380,976,768,351,263,1130,0,0,0,8,0,0,369,127.84438040345822,16,108.95100864553314,347,1.45,"{""adaptive_replications"": false, ""auto_repair_fail_prob"": 0.6, ""auto_repair_time"": 120.0, ""bad_server_regen_interval"": 43200, ""bad_server_regeneration"": false, ""confidence_level"": 0.95, ""diagnosis_probability"": 1.0, ""diagnosis_uncertainty"": 0.0, ""enable_topology"": false, ""failure_distribution"": ""exponential"", ""host_selection_time"": 3.0, ""job_length"": 20160, ""job_size"": 4096, ""lognormal_sigma"": 1.0, ""manual_repair_fail_prob"": 0.4, ""manual_repair_time"": 2880.0, ""max_replications"": 1000, ""num_replications"": 30, ""preemption_wait_time"": 20.0, ""prob_auto_to_manual"": 0.8, ""rack_size"": 8, ""random_failure_rate"": 1.388888888888889e-05, ""recovery_time"": 60.0, ""relative_accuracy"": 0.05, ""seed"": 42, ""spare_pool_size"": 200, ""systematic_failure_fraction"": 0.08, ""systematic_failure_rate_multiplier"": 25.0, ""warm_standbys"": 16, ""weibull_shape"": 1.0, ""working_pool_size"": 4600}"
da28d045aeb687e2f7991924bb1c67e7501cd076,2d_heatmap_sweep.py,Random+NeverRemove,DefaultHostSelection(),NeverRemove(),50,8,2037.2999999999988,0.16492416433514973,1701,1097,604,1701,1378,949,752,347,280,1074,0,0,0,6,0,0,369,133.66470588235293,18,110.3970588235294,340,1.43,"{""adaptive_replications"": false, ""auto_repair_fail_prob"": 0.6, ""auto_repair_time"": 120.0, ""bad_server_regen_interval"": 43200, ""bad_server_regeneration"": false, ""confidence_level"": 0.95, ""diagnosis_probability"": 1.0, ""diagnosis_uncertainty"": 0.0, ""enable_topology"": false, ""failure_distribution"": ""exponential"", ""host_selection_time"": 3.0, ""job_length"": 20160, ""job_size"": 4096, ""lognormal_sigma"": 1.0, ""manual_repair_fail_prob"": 0.4, ""manual_repair_time"": 2880.0, ""max_replications"": 1000, ""num_replications"": 30, ""preemption_wait_time"": 20.0, ""prob_auto_to_manual"": 0.8, ""rack_size"": 8, ""random_failure_rate"": 1.388888888888889e-05, ""recovery_time"": 60.0, ""relative_accuracy"": 0.05, ""seed"": 42, ""spare_pool_size"": 200, ""systematic_failure_fraction"": 0.08, ""systematic_failure_rate_multiplier"": 25.0, ""warm_standbys"": 16, ""weibull_shape"": 1.0, ""working_pool_size"": 4600}"
da28d045aeb687e2f7991924bb1c67e7501cd076,2d_heatmap_sweep.py,Random+NeverRemove,DefaultHostSelection(),NeverRemove(),51,9,2108.300000000001,0.15937010861831824,1772,1163,609,1772,1422,976,796,348,277,1147,0,0,0,6,0,0,367,134.60795454545453,19,110.8465909090909,352,1.49,"{""adaptive_replications"": false, ""auto_repair_fail_prob"": 0.6, ""auto_repair_time"": 120.0, ""bad_server_regen_interval"": 43200, ""bad_server_regeneration"": false, ""confidence_level"": 0.95, ""diagnosis_probability"": 1.0, ""diagnosis_uncertainty"": 0.0, ""enable_topology"": false, ""failure_distribution"": ""exponential"", ""host_selection_time"": 3.0, ""job_length"": 20160, ""job_size"": 4096, ""lognormal_sigma"": 1.0, ""manual_repair_fail_prob"": 0.4, ""manual_repair_time"": 2880.0, ""max_replications"": 1000, ""num_replications"": 30, ""preemption_wait_time"": 20.0, ""prob_auto_to_manual"": 0.8, ""rack_size"": 8, ""random_failure_rate"": 1.388888888888889e-05, ""recovery_time"": 60.0, ""relative_accuracy"": 0.05, ""seed"": 42, ""spare_pool_size"": 200, ""systematic_failure_fraction"": 0.08, ""systematic_failure_rate_multiplier"": 25.0, ""warm_standbys"": 16, ""weibull_shape"": 1.0, ""working_pool_size"": 4600}"
da28d045aeb687e2f7991924bb1c67e7501cd076,2d_heatmap_sweep.py,Random+ScoredRemoval(SC_fast),DefaultHostSelection(),"ScoredRemoval(initial_score=100.0, failure_penalty=60.0, success_increment=5.0, time_period=1440, retirement_threshold=0.0)",42,0,1946.1500000000021,0.17264856254656655,1609,1097,512,1609,1289,894,715,304,225,1080,0,292,0,23,0,0,369,109.31384615384616,2,96.78153846153846,325,1.75,"{""adaptive_replications"": false, ""auto_repair_fail_prob"": 0.6, ""auto_repair_time"": 120.0, ""bad_server_regen_interval"": 43200, ""bad_server_regeneration"": false, ""confidence_level"": 0.95, ""diagnosis_probability"": 1.0, ""diagnosis_uncertainty"": 0.0, ""enable_topology"": false, ""failure_distribution"": ""exponential"", ""host_selection_time"": 3.0, ""job_length"": 20160, ""job_size"": 4096, ""lognormal_sigma"": 1.0, ""manual_repair_fail_prob"": 0.4, ""manual_repair_time"": 2880.0, ""max_replications"": 1000, ""num_replications"": 30, ""preemption_wait_time"": 20.0, ""prob_auto_to_manual"": 0.8, ""rack_size"": 8, ""random_failure_rate"": 1.388888888888889e-05, ""recovery_time"": 60.0, ""relative_accuracy"": 0.05, ""seed"": 42, ""spare_pool_size"": 200, ""systematic_failure_fraction"": 0.08, ""systematic_failure_rate_multiplier"": 25.0, ""warm_standbys"": 16, ""weibull_shape"": 1.0, ""working_pool_size"": 4600}"
da28d045aeb687e2f7991924bb1c67e7501cd076,2d_heatmap_sweep.py,Random+ScoredRemoval(SC_fast),DefaultHostSelection(),"ScoredRemoval(initial_score=100.0, failure_penalty=60.0, success_increment=5.0, time_period=1440, retirement_threshold=0.0)",43,1,2039.2000000000007,0.16477049823460166,1702,1182,520,1702,1366,892,810,291,254,1157,0,336,0,24,0,0,370,110.60882352941177,0,99.26764705882353,340,2.16,"{""adaptive_replications"": false, ""auto_repair_fail_prob"": 0.6, ""auto_repair_time"": 120.0, ""bad_server_regen_interval"": 43200, ""bad_server_regeneration"": false, ""confidence_level"": 0.95, ""diagnosis_probability"": 1.0, ""diagnosis_uncertainty"": 0.0, ""enable_topology"": false, ""failure_distribution"": ""exponential"", ""host_selection_time"": 3.0, ""job_length"": 20160, ""job_size"": 4096, ""lognormal_sigma"": 1.0, ""manual_repair_fail_prob"": 0.4, ""manual_repair_time"": 2880.0, ""max_replications"": 1000, ""num_replications"": 30, ""preemption_wait_time"": 20.0, ""prob_auto_to_manual"": 0.8, ""rack_size"": 8, ""random_failure_rate"": 1.388888888888889e-05, ""recovery_time"": 60.0, ""relative_accuracy"": 0.05, ""seed"": 42, ""spare_pool_size"": 200, ""systematic_failure_fraction"": 0.08, ""systematic_failure_rate_multiplier"": 25.0, ""warm_standbys"": 16, ""weibull_shape"": 1.0, ""working_pool_size"": 4600}"
da28d045aeb687e2f7991924bb1c67e7501cd076,2d_heatmap_sweep.py,Random+ScoredRemoval(SC_fast),DefaultHostSelection(),"ScoredRemoval(initial_score=100.0, failure_penalty=60.0, success_increment=5.0, time_period=1440, retirement_threshold=0.0)",44,2,1935.1000000000017,0.17363443749677024,1598,1095,503,1598,1273,921,677,305,217,1076,0,291,0,22,0,0,366,111.21052631578948,4,99.16718266253869,323,1.97,"{""adaptive_replications"": false, ""auto_repair_fail_prob"": 0.6, ""auto_repair_time"": 120.0, ""bad_server_regen_interval"": 43200, ""bad_server_regeneration"": false, ""confidence_level"": 0.95, ""diagnosis_probability"": 1.0, ""diagnosis_uncertainty"": 0.0, ""enable_topology"": false, ""failure_distribution"": ""exponential"", ""host_selection_time"": 3.0, ""job_length"": 20160, ""job_size"": 4096, ""lognormal_sigma"": 1.0, ""manual_repair_fail_prob"": 0.4, ""manual_repair_time"": 2880.0, ""max_replications"": 1000, ""num_replications"": 30, ""preemption_wait_time"": 20.0, ""prob_auto_to_manual"": 0.8, ""rack_size"": 8, ""random_failure_rate"": 1.388888888888889e-05, ""recovery_time"": 60.0, ""relative_accuracy"": 0.05, ""seed"": 42, ""spare_pool_size"": 200, ""systematic_failure_fraction"": 0.08, ""systematic_failure_rate_multiplier"": 25.0, ""warm_standbys"": 16, ""weibull_shape"": 1.0, ""working_pool_size"": 4600}"
da28d045aeb687e2f7991924bb1c67e7501cd076,2d_heatmap_sweep.py,Random+ScoredRemoval(SC_fast),DefaultHostSelection(),"ScoredRemoval(initial_score=100.0, failure_penalty=60.0, success_increment=5.0, time_period=1440, retirement_threshold=0.0)",45,3,2010.2499999999961,0.16714339012560644,1673,1157,516,1673,1338,919,754,283,256,1134,0,340,0,25,0,0,365,114.41369047619048,2,102.26190476190476,336,2.08,"{""adaptive_replications"": false, ""auto_repair_fail_prob"": 0.6, ""auto_repair_time"": 120.0, ""bad_server_regen_interval"": 43200, ""bad_server_regeneration"": false, ""confidence_level"": 0.95, ""diagnosis_probability"": 1.0, ""diagnosis_uncertainty"": 0.0, ""enable_topology"": false, ""failure_distribution"": ""exponential"", ""host_selection_time"": 3.0, ""job_length"": 20160, ""job_size"": 4096, ""lognormal_sigma"": 1.0, ""manual_repair_fail_prob"": 0.4, ""manual_repair_time"": 2880.0, ""max_replications"": 1000, ""num_replications"": 30, ""preemption_wait_time"": 20.0, ""prob_auto_to_manual"": 0.8, ""rack_size"": 8, ""random_failure_rate"": 1.388888888888889e-05, ""recovery_time"": 60.0, ""relative_accuracy"": 0.05, ""seed"": 42, ""spare_pool_size"": 200, ""systematic_failure_fraction"": 0.08, ""systematic_failure_rate_multiplier"": 25.0, ""warm_standbys"": 16, ""weibull_shape"": 1.0, ""working_pool_size"": 4600}"
da28d045aeb687e2f7991924bb1c67e7501cd076,2d_heatmap_sweep.py,Random+ScoredRemoval(SC_fast),DefaultHostSelection(),"ScoredRemoval(initial_score=100.0, failure_penalty=60.0, success_increment=5.0, time_period=1440, retirement_threshold=0.0)",46,4,2039.2999999999997,0.16476241847692827,1702,1179,523,1702,1337,953,749,295,247,1160,0,342,0,26,0,0,367,111.75588235294117,2,99.50882352941177,340,2.13,"{""adaptive_replications"": false, ""auto_repair_fail_prob"": 0.6, ""auto_repair_time"": 120.0, ""bad_server_regen_interval"": 43200, ""bad_server_regeneration"": false, ""confidence_level"": 0.95, ""diagnosis_probability"": 1.0, ""diagnosis_uncertainty"": 0.0, ""enable_topology"": false, ""failure_distribution"": ""exponential"", ""host_selection_time"": 3.0, ""job_length"": 20160, ""job_size"": 4096, ""lognormal_sigma"": 1.0, ""manual_repair_fail_prob"": 0.4, ""manual_repair_time"": 2880.0, ""max_replications"": 1000, ""num_replications"": 30, ""preemption_wait_time"": 20.0, ""prob_auto_to_manual"": 0.8, ""rack_size"": 8, ""random_failure_rate"": 1.388888888888889e-05, ""recovery_time"": 60.0, ""relative_accuracy"": 0.05, ""seed"": 42, ""spare_pool_size"": 200, ""systematic_failure_fraction"": 0.08, ""systematic_failure_rate_multiplier"": 25.0, ""warm_standbys"": 16, ""weibull_shape"": 1.0, ""working_pool_size"": 4600}"
da28d045aeb687e2f7991924bb1c67e7501cd076,2d_heatmap_sweep.py,Random+ScoredRemoval(SC_fast),DefaultHostSelection(),"ScoredRemoval(initial_score=100.0, failure_penalty=60.0, success_increment=5.0, time_period=1440, retirement_threshold=0.0)",47,5,2040.1499999999983,0.1646937725167265,1703,1194,509,1703,1355,934,769,292,235,1176,0,325,0,23,0,0,364,106.17302052785924,0,95.08504398826979,341,2.09,"{""adaptive_replications"": false, ""auto_repair_fail_prob"": 0.6, ""auto_repair_time"": 120.0, ""bad_server_regen_interval"": 43200, ""bad_server_regeneration"": false, ""confidence_level"": 0.95, ""diagnosis_probability"": 1.0, ""diagnosis_uncertainty"": 0.0, ""enable_topology"": false, ""failure_distribution"": ""exponential"", ""host_selection_time"": 3.0, ""job_length"": 20160, ""job_size"": 4096, ""lognormal_sigma"": 1.0, ""manual_repair_fail_prob"": 0.4, ""manual_repair_time"": 2880.0, ""max_replications"": 1000, ""num_replications"": 30, ""preemption_wait_time"": 20.0, ""prob_auto_to_manual"": 0.8, ""rack_size"": 8, ""random_failure_rate"": 1.388888888888889e-05, ""recovery_time"": 60.0, ""relative_accuracy"": 0.05, ""seed"": 42, ""spare_pool_size"": 200, ""systematic_failure_fraction"": 0.08, ""systematic_failure_rate_multiplier"": 25.0, ""warm_standbys"": 16, ""weibull_shape"": 1.0, ""working_pool_size"": 4600}"
da28d045aeb687e2f7991924bb1c67e7501cd076,2d_heatmap_sweep.py,Random+ScoredRemoval(SC_fast),DefaultHostSelection(),"ScoredRemoval(initial_score=100.0, failure_penalty=60.0, success_increment=5.0, time_period=1440, retirement_threshold=0.0)",48,6,1988.1499999999985,0.1690013328974169,1651,1158,493,1651,1315,940,711,303,209,1139,0,301,0,23,0,0,365,106.5210843373494,2,94.81927710843374,332,2.14,"{""adaptive_replications"": false, ""auto_repair_fail_prob"": 0.6, ""auto_repair_time"": 120.0, ""bad_server_regen_interval"": 43200, ""bad_server_regeneration"": false, ""confidence_level"": 0.95, ""diagnosis_probability"": 1.0, ""diagnosis_uncertainty"": 0.0, ""enable_topology"": false, ""failure_distribution"": ""exponential"", ""host_selection_time"": 3.0, ""job_length"": 20160, ""job_size"": 4096, ""lognormal_sigma"": 1.0, ""manual_repair_fail_prob"": 0.4, ""manual_repair_time"": 2880.0, ""max_replications"": 1000, ""num_replications"": 30, ""preemption_wait_time"": 20.0, ""prob_auto_to_manual"": 0.8, ""rack_size"": 8, ""random_failure_rate"": 1.388888888888889e-05, ""recovery_time"": 60.0, ""relative_accuracy"": 0.05, ""seed"": 42, ""spare_pool_size"": 200, ""systematic_failure_fraction"": 0.08, ""systematic_failure_rate_multiplier"": 25.0, ""warm_standbys"": 16, ""weibull_shape"": 1.0, ""working_pool_size"": 4600}"
da28d045aeb687e2f7991924bb1c67e7501cd076,2d_heatmap_sweep.py,Random+ScoredRemoval(SC_fast),DefaultHostSelection(),"ScoredRemoval(initial_score=100.0, failure_penalty=60.0, success_increment=5.0, time_period=1440, retirement_threshold=0.0)",49,7,1978.1999999999991,0.16985138004246286,1641,1126,515,1641,1313,907,734,297,238,1106,0,315,0,24,0,0,369,111.98484848484848,2,100.93939393939394,330,2.12,"{""adaptive_replications"": false, ""auto_repair_fail_prob"": 0.6, ""auto_repair_time"": 120.0, ""bad_server_regen_interval"": 43200, ""bad_server_regeneration"": false, ""confidence_level"": 0.95, ""diagnosis_probability"": 1.0, ""diagnosis_uncertainty"": 0.0, ""enable_topology"": false, ""failure_distribution"": ""exponential"", ""host_selection_time"": 3.0, ""job_length"": 20160, ""job_size"": 4096, ""lognormal_sigma"": 1.0, ""manual_repair_fail_prob"": 0.4, ""manual_repair_time"": 2880.0, ""max_replications"": 1000, ""num_replications"": 30, ""preemption_wait_time"": 20.0, ""prob_auto_to_manual"": 0.8, ""rack_size"": 8, ""random_failure_rate"": 1.388888888888889e-05, ""recovery_time"": 60.0, ""relative_accuracy"": 0.05, ""seed"": 42, ""spare_pool_size"": 200, ""systematic_failure_fraction"": 0.08, ""systematic_failure_rate_multiplier"": 25.0, ""warm_standbys"": 16, ""weibull_shape"": 1.0, ""working_pool_size"": 4600}"
da28d045aeb687e2f7991924bb1c67e7501cd076,2d_heatmap_sweep.py,Random+ScoredRemoval(SC_fast),DefaultHostSelection(),"ScoredRemoval(initial_score=100.0, failure_penalty=60.0, success_increment=5.0, time_period=1440, retirement_threshold=0.0)",50,8,2004.2500000000005,0.16764375701634038,1667,1146,521,1667,1327,938,729,295,246,1126,0,326,0,25,0,0,369,105.97313432835821,1,95.14029850746269,335,2.13,"{""adaptive_replications"": false, ""auto_repair_fail_prob"": 0.6, ""auto_repair_time"": 120.0, ""bad_server_regen_interval"": 43200, ""bad_server_regeneration"": false, ""confidence_level"": 0.95, ""diagnosis_probability"": 1.0, ""diagnosis_uncertainty"": 0.0, ""enable_topology"": false, ""failure_distribution"": ""exponential"", ""host_selection_time"": 3.0, ""job_length"": 20160, ""job_size"": 4096, ""lognormal_sigma"": 1.0, ""manual_repair_fail_prob"": 0.4, ""manual_repair_time"": 2880.0, ""max_replications"": 1000, ""num_replications"": 30, ""preemption_wait_time"": 20.0, ""prob_auto_to_manual"": 0.8, ""rack_size"": 8, ""random_failure_rate"": 1.388888888888889e-05, ""recovery_time"": 60.0, ""relative_accuracy"": 0.05, ""seed"": 42, ""spare_pool_size"": 200, ""systematic_failure_fraction"": 0.08, ""systematic_failure_rate_multiplier"": 25.0, ""warm_standbys"": 16, ""weibull_shape"": 1.0, ""working_pool_size"": 4600}"
da28d045aeb687e2f7991924bb1c67e7501cd076,2d_heatmap_sweep.py,Random+ScoredRemoval(SC_fast),DefaultHostSelection(),"ScoredRemoval(initial_score=100.0, failure_penalty=60.0, success_increment=5.0, time_period=1440, retirement_threshold=0.0)",51,9,2027.2999999999972,0.16573768065900452,1690,1183,507,1690,1318,952,738,300,233,1157,0,329,0,26,0,0,367,111.73668639053254,0,98.92603550295858,338,2.15,"{""adaptive_replications"": false, ""auto_repair_fail_prob"": 0.6, ""auto_repair_time"": 120.0, ""bad_server_regen_interval"": 43200, ""bad_server_regeneration"": false, ""confidence_level"": 0.95, ""diagnosis_probability"": 1.0, ""diagnosis_uncertainty"": 0.0, ""enable_topology"": false, ""failure_distribution"": ""exponential"", ""host_selection_time"": 3.0, ""job_length"": 20160, ""job_size"": 4096, ""lognormal_sigma"": 1.0, ""manual_repair_fail_prob"": 0.4, ""manual_repair_time"": 2880.0, ""max_replications"": 1000, ""num_replications"": 30, ""preemption_wait_time"": 20.0, ""prob_auto_to_manual"": 0.8, ""rack_size"": 8, ""random_failure_rate"": 1.388888888888889e-05, ""recovery_time"": 60.0, ""relative_accuracy"": 0.05, ""seed"": 42, ""spare_pool_size"": 200, ""systematic_failure_fraction"": 0.08, ""systematic_failure_rate_multiplier"": 25.0, ""warm_standbys"": 16, ""weibull_shape"": 1.0, ""working_pool_size"": 4600}"
da28d045aeb687e2f7991924bb1c67e7501cd076,2d_heatmap_sweep.py,FewestFailuresFirst+NeverRemove,FewestFailuresFirst(),NeverRemove(),42,0,1945.3499999999983,0.1727195620325395,1609,1099,510,1609,1285,893,716,305,235,1069,0,0,0,7,0,0,369,160.74769230769232,62,94.90461538461538,325,1.28,"{""adaptive_replications"": false, ""auto_repair_fail_prob"": 0.6, ""auto_repair_time"": 120.0, ""bad_server_regen_interval"": 43200, ""bad_server_regeneration"": false, ""confidence_level"": 0.95, ""diagnosis_probability"": 1.0, ""diagnosis_uncertainty"": 0.0, ""enable_topology"": false, ""failure_distribution"": ""exponential"", ""host_selection_time"": 3.0, ""job_length"": 20160, ""job_size"": 4096, ""lognormal_sigma"": 1.0, ""manual_repair_fail_prob"": 0.4, ""manual_repair_time"": 2880.0, ""max_replications"": 1000, ""num_replications"": 30, ""preemption_wait_time"": 20.0, ""prob_auto_to_manual"": 0.8, ""rack_size"": 8, ""random_failure_rate"": 1.388888888888889e-05, ""recovery_time"": 60.0, ""relative_accuracy"": 0.05, ""seed"": 42, ""spare_pool_size"": 200, ""systematic_failure_fraction"": 0.08, ""systematic_failure_rate_multiplier"": 25.0, ""warm_standbys"": 16, ""weibull_shape"": 1.0, ""working_pool_size"": 4600}"
da28d045aeb687e2f7991924bb1c67e7501cd076,2d_heatmap_sweep.py,FewestFailuresFirst+NeverRemove,FewestFailuresFirst(),NeverRemove(),43,1,2051.3500000000017,0.16379457430472558,1715,1187,528,1715,1375,964,751,317,224,1174,0,0,0,7,0,0,370,147.92690058479533,52,96.79824561403508,342,1.44,"{""adaptive_replications"": false, ""auto_repair_fail_prob"": 0.6, ""auto_repair_time"": 120.0, ""bad_server_regen_interval"": 43200, ""bad_server_regeneration"": false, ""confidence_level"": 0.95, ""diagnosis_probability"": 1.0, ""diagnosis_uncertainty"": 0.0, ""enable_topology"": false, ""failure_distribution"": ""exponential"", ""host_selection_time"": 3.0, ""job_length"": 20160, ""job_size"": 4096, ""lognormal_sigma"": 1.0, ""manual_repair_fail_prob"": 0.4, ""manual_repair_time"": 2880.0, ""max_replications"": 1000, ""num_replications"": 30, ""preemption_wait_time"": 20.0, ""prob_auto_to_manual"": 0.8, ""rack_size"": 8, ""random_failure_rate"": 1.388888888888889e-05, ""recovery_time"": 60.0, ""relative_accuracy"": 0.05, ""seed"": 42, ""spare_pool_size"": 200, ""systematic_failure_fraction"": 0.08, ""systematic_failure_rate_multiplier"": 25.0, ""warm_standbys"": 16, ""weibull_shape"": 1.0, ""working_pool_size"": 4600}"
da28d045aeb687e2f7991924bb1c67e7501cd076,2d_heatmap_sweep.py,FewestFailuresFirst+NeverRemove,FewestFailuresFirst(),NeverRemove(),44,2,1978.3000000000043,0.16984279431835383,1642,1128,514,1642,1291,915,727,300,227,1115,0,0,0,6,0,0,366,159.16666666666666,65,93.5878787878788,330,1.36,"{""adaptive_replications"": false, ""auto_repair_fail_prob"": 0.6, ""auto_repair_time"": 120.0, ""bad_server_regen_interval"": 43200, ""bad_server_regeneration"": false, ""confidence_level"": 0.95, ""diagnosis_probability"": 1.0, ""diagnosis_uncertainty"": 0.0, ""enable_topology"": false, ""failure_distribution"": ""exponential"", ""host_selection_time"": 3.0, ""job_length"": 20160, ""job_size"": 4096, ""lognormal_sigma"": 1.0, ""manual_repair_fail_prob"": 0.4, ""manual_repair_time"": 2880.0, ""max_replications"": 1000, ""num_replications"": 30, ""preemption_wait_time"": 20.0, ""prob_auto_to_manual"": 0.8, ""rack_size"": 8, ""random_failure_rate"": 1.388888888888889e-05, ""recovery_time"": 60.0, ""relative_accuracy"": 0.05, ""seed"": 42, ""spare_pool_size"": 200, ""systematic_failure_fraction"": 0.08, ""systematic_failure_rate_multiplier"": 25.0, ""warm_standbys"": 16, ""weibull_shape"": 1.0, ""working_pool_size"": 4600}"
da28d045aeb687e2f7991924bb1c67e7501cd076,2d_heatmap_sweep.py,FewestFailuresFirst+NeverRemove,FewestFailuresFirst(),NeverRemove(),45,3,2002.200000000001,0.16781540305663786,1666,1128,538,1666,1327,930,736,300,251,1115,0,0,0,4,0,0,365,153.32335329341316,65,97.47904191616766,334,1.38,"{""adaptive_replications"": false, ""auto_repair_fail_prob"": 0.6, ""auto_repair_time"": 120.0, ""bad_server_regen_interval"": 43200, ""bad_server_regeneration"": false, ""confidence_level"": 0.95, ""diagnosis_probability"": 1.0, ""diagnosis_uncertainty"": 0.0, ""enable_topology"": false, ""failure_distribution"": ""exponential"", ""host_selection_time"": 3.0, ""job_length"": 20160, ""job_size"": 4096, ""lognormal_sigma"": 1.0, ""manual_repair_fail_prob"": 0.4, ""manual_repair_time"": 2880.0, ""max_replications"": 1000, ""num_replications"": 30, ""preemption_wait_time"": 20.0, ""prob_auto_to_manual"": 0.8, ""rack_size"": 8, ""random_failure_rate"": 1.388888888888889e-05, ""recovery_time"": 60.0, ""relative_accuracy"": 0.05, ""seed"": 42, ""spare_pool_size"": 200, ""systematic_failure_fraction"": 0.08, ""systematic_failure_rate_multiplier"": 25.0, ""warm_standbys"": 16, ""weibull_shape"": 1.0, ""working_pool_size"": 4600}"
da28d045aeb687e2f7991924bb1c67e7501cd076,2d_heatmap_sweep.py,FewestFailuresFirst+NeverRemove,FewestFailuresFirst(),NeverRemove(),46,4,2018.4000000000044,0.16646848989298443,1682,1149,533,1682,1353,948,734,324,233,1125,0,0,0,8,0,0,367,138.69139465875372,43,96.3026706231454,337,1.38,"{""adaptive_replications"": false, ""auto_repair_fail_prob"": 0.6, ""auto_repair_time"": 120.0, ""bad_server_regen_interval"": 43200, ""bad_server_regeneration"": false, ""confidence_level"": 0.95, ""diagnosis_probability"": 1.0, ""diagnosis_uncertainty"": 0.0, ""enable_topology"": false, ""failure_distribution"": ""exponential"", ""host_selection_time"": 3.0, ""job_length"": 20160, ""job_size"": 4096, ""lognormal_sigma"": 1.0, ""manual_repair_fail_prob"": 0.4, ""manual_repair_time"": 2880.0, ""max_replications"": 1000, ""num_replications"": 30, ""preemption_wait_time"": 20.0, ""prob_auto_to_manual"": 0.8, ""rack_size"": 8, ""random_failure_rate"": 1.388888888888889e-05, ""recovery_time"": 60.0, ""relative_accuracy"": 0.05, ""seed"": 42, ""spare_pool_size"": 200, ""systematic_failure_fraction"": 0.08, ""systematic_failure_rate_multiplier"": 25.0, ""warm_standbys"": 16, ""weibull_shape"": 1.0, ""working_pool_size"": 4600}"
da28d045aeb687e2f7991924bb1c67e7501cd076,2d_heatmap_sweep.py,FewestFailuresFirst+NeverRemove,FewestFailuresFirst(),NeverRemove(),47,5,1958.300000000003,0.1715773885512945,1622,1120,502,1622,1298,930,692,306,213,1103,0,0,0,6,0,0,364,153.54434250764527,56,90.45565749235475,327,1.32,"{""adaptive_replications"": false, ""auto_repair_fail_prob"": 0.6, ""auto_repair_time"": 120.0, ""bad_server_regen_interval"": 43200, ""bad_server_regeneration"": false, ""confidence_level"": 0.95, ""diagnosis_probability"": 1.0, ""diagnosis_uncertainty"": 0.0, ""enable_topology"": false, ""failure_distribution"": ""exponential"", ""host_selection_time"": 3.0, ""job_length"": 20160, ""job_size"": 4096, ""lognormal_sigma"": 1.0, ""manual_repair_fail_prob"": 0.4, ""manual_repair_time"": 2880.0, ""max_replications"": 1000, ""num_replications"": 30, ""preemption_wait_time"": 20.0, ""prob_auto_to_manual"": 0.8, ""rack_size"": 8, ""random_failure_rate"": 1.388888888888889e-05, ""recovery_time"": 60.0, ""relative_accuracy"": 0.05, ""seed"": 42, ""spare_pool_size"": 200, ""systematic_failure_fraction"": 0.08, ""systematic_failure_rate_multiplier"": 25.0, ""warm_standbys"": 16, ""weibull_shape"": 1.0, ""working_pool_size"": 4600}"
da28d045aeb687e2f7991924bb1c67e7501cd076,2d_heatmap_sweep.py,FewestFailuresFirst+NeverRemove,FewestFailuresFirst(),NeverRemove(),48,6,2018.3500000000006,0.16647261376867292,1682,1164,518,1682,1348,915,767,300,238,1144,0,0,0,7,0,0,365,151.2225519287834,64,93.73590504451039,337,1.39,"{""adaptive_replications"": false, ""auto_repair_fail_prob"": 0.6, ""auto_repair_time"": 120.0, ""bad_server_regen_interval"": 43200, ""bad_server_regeneration"": false, ""confidence_level"": 0.95, ""diagnosis_probability"": 1.0, ""diagnosis_uncertainty"": 0.0, ""enable_topology"": false, ""failure_distribution"": ""exponential"", ""host_selection_time"": 3.0, ""job_length"": 20160, ""job_size"": 4096, ""lognormal_sigma"": 1.0, ""manual_repair_fail_prob"": 0.4, ""manual_repair_time"": 2880.0, ""max_replications"": 1000, ""num_replications"": 30, ""preemption_wait_time"": 20.0, ""prob_auto_to_manual"": 0.8, ""rack_size"": 8, ""random_failure_rate"": 1.388888888888889e-05, ""recovery_time"": 60.0, ""relative_accuracy"": 0.05, ""seed"": 42, ""spare_pool_size"": 200, ""systematic_failure_fraction"": 0.08, ""systematic_failure_rate_multiplier"": 25.0, ""warm_standbys"": 16, ""weibull_shape"": 1.0, ""working_pool_size"": 4600}"
da28d045aeb687e2f7991924bb1c67e7501cd076,2d_heatmap_sweep.py,FewestFailuresFirst+NeverRemove,FewestFailuresFirst(),NeverRemove(),49,7,2033.3499999999983,0.1652445471758431,1697,1179,518,1697,1350,952,745,311,230,1156,0,0,0,7,0,0,369,146.72861356932154,57,97.47787610619469,339,1.41,"{""adaptive_replications"": false, ""auto_repair_fail_prob"": 0.6, ""auto_repair_time"": 120.0, ""bad_server_regen_interval"": 43200, ""bad_server_regeneration"": false, ""confidence_level"": 0.95, ""diagnosis_probability"": 1.0, ""diagnosis_uncertainty"": 0.0, ""enable_topology"": false, ""failure_distribution"": ""exponential"", ""host_selection_time"": 3.0, ""job_length"": 20160, ""job_size"": 4096, ""lognormal_sigma"": 1.0, ""manual_repair_fail_prob"": 0.4, ""manual_repair_time"": 2880.0, ""max_replications"": 1000, ""num_replications"": 30, ""preemption_wait_time"": 20.0, ""prob_auto_to_manual"": 0.8, ""rack_size"": 8, ""random_failure_rate"": 1.388888888888889e-05, ""recovery_time"": 60.0, ""relative_accuracy"": 0.05, ""seed"": 42, ""spare_pool_size"": 200, ""systematic_failure_fraction"": 0.08, ""systematic_failure_rate_multiplier"": 25.0, ""warm_standbys"": 16, ""weibull_shape"": 1.0, ""working_pool_size"": 4600}"
da28d045aeb687e2f7991924bb1c67e7501cd076,2d_heatmap_sweep.py,FewestFailuresFirst+NeverRemove,FewestFailuresFirst(),NeverRemove(),50,8,2062.300000000002,0.1629248896862721,1726,1194,532,1726,1396,932,794,293,262,1171,0,0,0,6,0,0,369,172.0872093023256,73,96.20058139534883,344,1.44,"{""adaptive_replications"": false, ""auto_repair_fail_prob"": 0.6, ""auto_repair_time"": 120.0, ""bad_server_regen_interval"": 43200, ""bad_server_regeneration"": false, ""confidence_level"": 0.95, ""diagnosis_probability"": 1.0, ""diagnosis_uncertainty"": 0.0, ""enable_topology"": false, ""failure_distribution"": ""exponential"", ""host_selection_time"": 3.0, ""job_length"": 20160, ""job_size"": 4096, ""lognormal_sigma"": 1.0, ""manual_repair_fail_prob"": 0.4, ""manual_repair_time"": 2880.0, ""max_replications"": 1000, ""num_replications"": 30, ""preemption_wait_time"": 20.0, ""prob_auto_to_manual"": 0.8, ""rack_size"": 8, ""random_failure_rate"": 1.388888888888889e-05, ""recovery_time"": 60.0, ""relative_accuracy"": 0.05, ""seed"": 42, ""spare_pool_size"": 200, ""systematic_failure_fraction"": 0.08, ""systematic_failure_rate_multiplier"": 25.0, ""warm_standbys"": 16, ""weibull_shape"": 1.0, ""working_pool_size"": 4600}"
da28d045aeb687e2f7991924bb1c67e7501cd076,2d_heatmap_sweep.py,FewestFailuresFirst+NeverRemove,FewestFailuresFirst(),NeverRemove(),51,9,2043.3,0.16443987667009285,1707,1179,528,1707,1360,967,740,313,237,1157,0,0,0,6,0,0,367,147.42815249266863,52,92.80058651026393,341,1.41,"{""adaptive_replications"": false, ""auto_repair_fail_prob"": 0.6, ""auto_repair_time"": 120.0, ""bad_server_regen_interval"": 43200, ""bad_server_regeneration"": false, ""confidence_level"": 0.95, ""diagnosis_probability"": 1.0, ""diagnosis_uncertainty"": 0.0, ""enable_topology"": false, ""failure_distribution"": ""exponential"", ""host_selection_time"": 3.0, ""job_length"": 20160, ""job_size"": 4096, ""lognormal_sigma"": 1.0, ""manual_repair_fail_prob"": 0.4, ""manual_repair_time"": 2880.0, ""max_replications"": 1000, ""num_replications"": 30, ""preemption_wait_time"": 20.0, ""prob_auto_to_manual"": 0.8, ""rack_size"": 8, ""random_failure_rate"": 1.388888888888889e-05, ""recovery_time"": 60.0, ""relative_accuracy"": 0.05, ""seed"": 42, ""spare_pool_size"": 200, ""systematic_failure_fraction"": 0.08, ""systematic_failure_rate_multiplier"": 25.0, ""warm_standbys"": 16, ""weibull_shape"": 1.0, ""working_pool_size"": 4600}"
da28d045aeb687e2f7991924bb1c67e7501cd076,2d_heatmap_sweep.py,Random+NeverRemove,DefaultHostSelection(),NeverRemove(),42,0,2269.299999999999,0.1480632794253739,1933,1098,835,1933,1554,791,1142,335,528,1070,0,0,0,6,0,0,369,160.31134564643799,29,138.85224274406332,379,1.55,"{""adaptive_replications"": false, ""auto_repair_fail_prob"": 0.6, ""auto_repair_time"": 120.0, ""bad_server_regen_interval"": 43200, ""bad_server_regeneration"": false, ""confidence_level"": 0.95, ""diagnosis_probability"": 1.0, ""diagnosis_uncertainty"": 0.0, ""enable_topology"": false, ""failure_distribution"": ""exponential"", ""host_selection_time"": 3.0, ""job_length"": 20160, ""job_size"": 4096, ""lognormal_sigma"": 1.0, ""manual_repair_fail_prob"": 0.6, ""manual_repair_time"": 2880.0, ""max_replications"": 1000, ""num_replications"": 30, ""preemption_wait_time"": 20.0, ""prob_auto_to_manual"": 0.8, ""rack_size"": 8, ""random_failure_rate"": 1.388888888888889e-05, ""recovery_time"": 60.0, ""relative_accuracy"": 0.05, ""seed"": 42, ""spare_pool_size"": 200, ""systematic_failure_fraction"": 0.08, ""systematic_failure_rate_multiplier"": 25.0, ""warm_standbys"": 16, ""weibull_shape"": 1.0, ""working_pool_size"": 4600}"
da28d045aeb687e2f7991924bb1c67e7501cd076,2d_heatmap_sweep.py,Random+NeverRemove,DefaultHostSelection(),NeverRemove(),43,1,2258.3999999999965,0.14877789585547294,1922,1156,766,1922,1530,810,1112,339,460,1123,0,0,0,8,0,0,370,152.40583554376659,30,127.63395225464191,377,1.61,"{""adaptive_replications"": false, ""auto_repair_fail_prob"": 0.6, ""auto_repair_time"": 120.0, ""bad_server_regen_interval"": 43200, ""bad_server_regeneration"": false, ""confidence_level"": 0.95, ""diagnosis_probability"": 1.0, ""diagnosis_uncertainty"": 0.0, ""enable_topology"": false, ""failure_distribution"": ""exponential"", ""host_selection_time"": 3.0, ""job_length"": 20160, ""job_size"": 4096, ""lognormal_sigma"": 1.0, ""manual_repair_fail_prob"": 0.6, ""manual_repair_time"": 2880.0, ""max_replications"": 1000, ""num_replications"": 30, ""preemption_wait_time"": 20.0, ""prob_auto_to_manual"": 0.8, ""rack_size"": 8, ""random_failure_rate"": 1.388888888888889e-05, ""recovery_time"": 60.0, ""relative_accuracy"": 0.05, ""seed"": 42, ""spare_pool_size"": 200, ""systematic_failure_fraction"": 0.08, ""systematic_failure_rate_multiplier"": 25.0, ""warm_standbys"": 16, ""weibull_shape"": 1.0, ""working_pool_size"": 4600}"
da28d045aeb687e2f7991924bb1c67e7501cd076,2d_heatmap_sweep.py,Random+NeverRemove,DefaultHostSelection(),NeverRemove(),44,2,2267.450000000001,0.14818408344175166,1931,1151,780,1931,1507,774,1157,326,487,1118,0,0,0,9,0,0,366,155.04497354497354,36,133.484126984127,378,1.64,"{""adaptive_replications"": false, ""auto_repair_fail_prob"": 0.6, ""auto_repair_time"": 120.0, ""bad_server_regen_interval"": 43200, ""bad_server_regeneration"": false, ""confidence_level"": 0.95, ""diagnosis_probability"": 1.0, ""diagnosis_uncertainty"": 0.0, ""enable_topology"": false, ""failure_distribution"": ""exponential"", ""host_selection_time"": 3.0, ""job_length"": 20160, ""job_size"": 4096, ""lognormal_sigma"": 1.0, ""manual_repair_fail_prob"": 0.6, ""manual_repair_time"": 2880.0, ""max_replications"": 1000, ""num_replications"": 30, ""preemption_wait_time"": 20.0, ""prob_auto_to_manual"": 0.8, ""rack_size"": 8, ""random_failure_rate"": 1.388888888888889e-05, ""recovery_time"": 60.0, ""relative_accuracy"": 0.05, ""seed"": 42, ""spare_pool_size"": 200, ""systematic_failure_fraction"": 0.08, ""systematic_failure_rate_multiplier"": 25.0, ""warm_standbys"": 16, ""weibull_shape"": 1.0, ""working_pool_size"": 4600}"
da28d045aeb687e2f7991924bb1c67e7501cd076,2d_heatmap_sweep.py,Random+NeverRemove,DefaultHostSelection(),NeverRemove(),45,3,2264.350000000001,0.1483869543135996,1928,1138,790,1928,1519,765,1163,327,500,1101,0,0,0,7,0,0,365,155.8968253968254,34,133.25925925925927,378,1.62,"{""adaptive_replications"": false, ""auto_repair_fail_prob"": 0.6, ""auto_repair_time"": 120.0, ""bad_server_regen_interval"": 43200, ""bad_server_regeneration"": false, ""confidence_level"": 0.95, ""diagnosis_probability"": 1.0, ""diagnosis_uncertainty"": 0.0, ""enable_topology"": false, ""failure_distribution"": ""exponential"", ""host_selection_time"": 3.0, ""job_length"": 20160, ""job_size"": 4096, ""lognormal_sigma"": 1.0, ""manual_repair_fail_prob"": 0.6, ""manual_repair_time"": 2880.0, ""max_replications"": 1000, ""num_replications"": 30, ""preemption_wait_time"": 20.0, ""prob_auto_to_manual"": 0.8, ""rack_size"": 8, ""random_failure_rate"": 1.388888888888889e-05, ""recovery_time"": 60.0, ""relative_accuracy"": 0.05, ""seed"": 42, ""spare_pool_size"": 200, ""systematic_failure_fraction"": 0.08, ""systematic_failure_rate_multiplier"": 25.0, ""warm_standbys"": 16, ""weibull_shape"": 1.0, ""working_pool_size"": 4600}"
da28d045aeb687e2f7991924bb1c67e7501cd076,2d_heatmap_sweep.py,Random+NeverRemove,DefaultHostSelection(),NeverRemove(),46,4,2295.35,0.14638290456793085,1959,1166,793,1959,1581,781,1178,326,509,1124,0,0,0,7,0,0,367,160.38120104438642,41,132.01044386422976,383,1.63,"{""adaptive_replications"": false, ""auto_repair_fail_prob"": 0.6, ""auto_repair_time"": 120.0, ""bad_server_regen_interval"": 43200, ""bad_server_regeneration"": false, ""confidence_level"": 0.95, ""diagnosis_probability"": 1.0, ""diagnosis_uncertainty"": 0.0, ""enable_topology"": false, ""failure_distribution"": ""exponential"", ""host_selection_time"": 3.0, ""job_length"": 20160, ""job_size"": 4096, ""lognormal_sigma"": 1.0, ""manual_repair_fail_prob"": 0.6, ""manual_repair_time"": 2880.0, ""max_replications"": 1000, ""num_replications"": 30, ""preemption_wait_time"": 20.0, ""prob_auto_to_manual"": 0.8, ""rack_size"": 8, ""random_failure_rate"": 1.388888888888889e-05, ""recovery_time"": 60.0, ""relative_accuracy"": 0.05, ""seed"": 42, ""spare_pool_size"": 200, ""systematic_failure_fraction"": 0.08, ""systematic_failure_rate_multiplier"": 25.0, ""warm_standbys"": 16, ""weibull_shape"": 1.0, ""working_pool_size"": 4600}"
da28d045aeb687e2f7991924bb1c67e7501cd076,2d_heatmap_sweep.py,Random+NeverRemove,DefaultHostSelection(),NeverRemove(),47,5,2319.4,0.14486505130637223,1983,1224,759,1983,1563,812,1171,326,470,1187,0,0,0,8,0,0,364,151.55297157622738,33,127.69509043927648,387,1.7,"{""adaptive_replications"": false, ""auto_repair_fail_prob"": 0.6, ""auto_repair_time"": 120.0, ""bad_server_regen_interval"": 43200, ""bad_server_regeneration"": false, ""confidence_level"": 0.95, ""diagnosis_probability"": 1.0, ""diagnosis_uncertainty"": 0.0, ""enable_topology"": false, ""failure_distribution"": ""exponential"", ""host_selection_time"": 3.0, ""job_length"": 20160, ""job_size"": 4096, ""lognormal_sigma"": 1.0, ""manual_repair_fail_prob"": 0.6, ""manual_repair_time"": 2880.0, ""max_replications"": 1000, ""num_replications"": 30, ""preemption_wait_time"": 20.0, ""prob_auto_to_manual"": 0.8, ""rack_size"": 8, ""random_failure_rate"": 1.388888888888889e-05, ""recovery_time"": 60.0, ""relative_accuracy"": 0.05, ""seed"": 42, ""spare_pool_size"": 200, ""systematic_failure_fraction"": 0.08, ""systematic_failure_rate_multiplier"": 25.0, ""warm_standbys"": 16, ""weibull_shape"": 1.0, ""working_pool_size"": 4600}"
da28d045aeb687e2f7991924bb1c67e7501cd076,2d_heatmap_sweep.py,Random+NeverRemove,DefaultHostSelection(),NeverRemove(),48,6,2252.349999999996,0.14917752569538514,1916,1144,772,1916,1544,734,1182,317,486,1113,0,0,0,7,0,0,365,161.01861702127658,43,129.0159574468085,376,1.61,"{""adaptive_replications"": false, ""auto_repair_fail_prob"": 0.6, ""auto_repair_time"": 120.0, ""bad_server_regen_interval"": 43200, ""bad_server_regeneration"": false, ""confidence_level"": 0.95, ""diagnosis_probability"": 1.0, ""diagnosis_uncertainty"": 0.0, ""enable_topology"": false, ""failure_distribution"": ""exponential"", ""host_selection_time"": 3.0, ""job_length"": 20160, ""job_size"": 4096, ""lognormal_sigma"": 1.0, ""manual_repair_fail_prob"": 0.6, ""manual_repair_time"": 2880.0, ""max_replications"": 1000, ""num_replications"": 30, ""preemption_wait_time"": 20.0, ""prob_auto_to_manual"": 0.8, ""rack_size"": 8, ""random_failure_rate"": 1.388888888888889e-05, ""recovery_time"": 60.0, ""relative_accuracy"": 0.05, ""seed"": 42, ""spare_pool_size"": 200, ""systematic_failure_fraction"": 0.08, ""systematic_failure_rate_multiplier"": 25.0, ""warm_standbys"": 16, ""weibull_shape"": 1.0, ""working_pool_size"": 4600}"
da28d045aeb687e2f7991924bb1c67e7501cd076,2d_heatmap_sweep.py,Random+NeverRemove,DefaultHostSelection(),NeverRemove(),49,7,2318.3500000000045,0.14493066189315607,1982,1135,847,1982,1591,766,1216,322,563,1097,0,0,0,7,0,0,369,159.61757105943153,41,132.58656330749355,387,1.66,"{""adaptive_replications"": false, ""auto_repair_fail_prob"": 0.6, ""auto_repair_time"": 120.0, ""bad_server_regen_interval"": 43200, ""bad_server_regeneration"": false, ""confidence_level"": 0.95, ""diagnosis_probability"": 1.0, ""diagnosis_uncertainty"": 0.0, ""enable_topology"": false, ""failure_distribution"": ""exponential"", ""host_selection_time"": 3.0, ""job_length"": 20160, ""job_size"": 4096, ""lognormal_sigma"": 1.0, ""manual_repair_fail_prob"": 0.6, ""manual_repair_time"": 2880.0, ""max_replications"": 1000, ""num_replications"": 30, ""preemption_wait_time"": 20.0, ""prob_auto_to_manual"": 0.8, ""rack_size"": 8, ""random_failure_rate"": 1.388888888888889e-05, ""recovery_time"": 60.0, ""relative_accuracy"": 0.05, ""seed"": 42, ""spare_pool_size"": 200, ""systematic_failure_fraction"": 0.08, ""systematic_failure_rate_multiplier"": 25.0, ""warm_standbys"": 16, ""weibull_shape"": 1.0, ""working_pool_size"": 4600}"
da28d045aeb687e2f7991924bb1c67e7501cd076,2d_heatmap_sweep.py,Random+NeverRemove,DefaultHostSelection(),NeverRemove(),50,8,2234.3500000000013,0.15037930494327187,1898,1123,775,1898,1509,773,1125,325,473,1100,0,0,0,7,0,0,369,152.86058981233245,42,131.7426273458445,373,1.58,"{""adaptive_replications"": false, ""auto_repair_fail_prob"": 0.6, ""auto_repair_time"": 120.0, ""bad_server_regen_interval"": 43200, ""bad_server_regeneration"": false, ""confidence_level"": 0.95, ""diagnosis_probability"": 1.0, ""diagnosis_uncertainty"": 0.0, ""enable_topology"": false, ""failure_distribution"": ""exponential"", ""host_selection_time"": 3.0, ""job_length"": 20160, ""job_size"": 4096, ""lognormal_sigma"": 1.0, ""manual_repair_fail_prob"": 0.6, ""manual_repair_time"": 2880.0, ""max_replications"": 1000, ""num_replications"": 30, ""preemption_wait_time"": 20.0, ""prob_auto_to_manual"": 0.8, ""rack_size"": 8, ""random_failure_rate"": 1.388888888888889e-05, ""recovery_time"": 60.0, ""relative_accuracy"": 0.05, ""seed"": 42, ""spare_pool_size"": 200, ""systematic_failure_fraction"": 0.08, ""systematic_failure_rate_multiplier"": 25.0, ""warm_standbys"": 16, ""weibull_shape"": 1.0, ""working_pool_size"": 4600}"
da28d045aeb687e2f7991924bb1c67e7501cd076,2d_heatmap_sweep.py,Random+NeverRemove,DefaultHostSelection(),NeverRemove(),51,9,2303.449999999998,0.1458681542903041,1967,1207,760,1967,1585,771,1196,335,463,1169,0,0,0,9,0,0,367,151.17447916666666,28,129.453125,384,1.64,"{""adaptive_replications"": false, ""auto_repair_fail_prob"": 0.6, ""auto_repair_time"": 120.0, ""bad_server_regen_interval"": 43200, ""bad_server_regeneration"": false, ""confidence_level"": 0.95, ""diagnosis_probability"": 1.0, ""diagnosis_uncertainty"": 0.0, ""enable_topology"": false, ""failure_distribution"": ""exponential"", ""host_selection_time"": 3.0, ""job_length"": 20160, ""job_size"": 4096, ""lognormal_sigma"": 1.0, ""manual_repair_fail_prob"": 0.6, ""manual_repair_time"": 2880.0, ""max_replications"": 1000, ""num_replications"": 30, ""preemption_wait_time"": 20.0, ""prob_auto_to_manual"": 0.8, ""rack_size"": 8, ""random_failure_rate"": 1.388888888888889e-05, ""recovery_time"": 60.0, ""relative_accuracy"": 0.05, ""seed"": 42, ""spare_pool_size"": 200, ""systematic_failure_fraction"": 0.08, ""systematic_failure_rate_multiplier"": 25.0, ""warm_standbys"": 16, ""weibull_shape"": 1.0, ""working_pool_size"": 4600}"
da28d045aeb687e2f7991924bb1c67e7501cd076,2d_heatmap_sweep.py,Random+ScoredRemoval(SC_fast),DefaultHostSelection(),"ScoredRemoval(initial_score=100.0, failure_penalty=60.0, success_increment=5.0, time_period=1440, retirement_threshold=0.0)",42,0,2049.349999999998,0.16395442457364529,1712,1137,575,1712,1377,655,1057,232,359,1121,0,379,0,27,0,0,369,118.51754385964912,2,106.24269005847954,342,1.88,"{""adaptive_replications"": false, ""auto_repair_fail_prob"": 0.6, ""auto_repair_time"": 120.0, ""bad_server_regen_interval"": 43200, ""bad_server_regeneration"": false, ""confidence_level"": 0.95, ""diagnosis_probability"": 1.0, ""diagnosis_uncertainty"": 0.0, ""enable_topology"": false, ""failure_distribution"": ""exponential"", ""host_selection_time"": 3.0, ""job_length"": 20160, ""job_size"": 4096, ""lognormal_sigma"": 1.0, ""manual_repair_fail_prob"": 0.6, ""manual_repair_time"": 2880.0, ""max_replications"": 1000, ""num_replications"": 30, ""preemption_wait_time"": 20.0, ""prob_auto_to_manual"": 0.8, ""rack_size"": 8, ""random_failure_rate"": 1.388888888888889e-05, ""recovery_time"": 60.0, ""relative_accuracy"": 0.05, ""seed"": 42, ""spare_pool_size"": 200, ""systematic_failure_fraction"": 0.08, ""systematic_failure_rate_multiplier"": 25.0, ""warm_standbys"": 16, ""weibull_shape"": 1.0, ""working_pool_size"": 4600}"
da28d045aeb687e2f7991924bb1c67e7501cd076,2d_heatmap_sweep.py,Random+ScoredRemoval(SC_fast),DefaultHostSelection(),"ScoredRemoval(initial_score=100.0, failure_penalty=60.0, success_increment=5.0, time_period=1440, retirement_threshold=0.0)",43,1,2046.3499999999992,0.1641947858381999,1709,1146,563,1709,1353,692,1017,235,346,1128,0,373,0,27,0,0,370,118.48830409356725,0,106.07309941520468,342,2.15,"{""adaptive_replications"": false, ""auto_repair_fail_prob"": 0.6, ""auto_repair_time"": 120.0, ""bad_server_regen_interval"": 43200, ""bad_server_regeneration"": false, ""confidence_level"": 0.95, ""diagnosis_probability"": 1.0, ""diagnosis_uncertainty"": 0.0, ""enable_topology"": false, ""failure_distribution"": ""exponential"", ""host_selection_time"": 3.0, ""job_length"": 20160, ""job_size"": 4096, ""lognormal_sigma"": 1.0, ""manual_repair_fail_prob"": 0.6, ""manual_repair_time"": 2880.0, ""max_replications"": 1000, ""num_replications"": 30, ""preemption_wait_time"": 20.0, ""prob_auto_to_manual"": 0.8, ""rack_size"": 8, ""random_failure_rate"": 1.388888888888889e-05, ""recovery_time"": 60.0, ""relative_accuracy"": 0.05, ""seed"": 42, ""spare_pool_size"": 200, ""systematic_failure_fraction"": 0.08, ""systematic_failure_rate_multiplier"": 25.0, ""warm_standbys"": 16, ""weibull_shape"": 1.0, ""working_pool_size"": 4600}"
da28d045aeb687e2f7991924bb1c67e7501cd076,2d_heatmap_sweep.py,Random+ScoredRemoval(SC_fast),DefaultHostSelection(),"ScoredRemoval(initial_score=100.0, failure_penalty=60.0, success_increment=5.0, time_period=1440, retirement_threshold=0.0)",44,2,2100.4499999999966,0.15996572163107922,1763,1198,565,1763,1410,657,1106,227,365,1171,0,375,0,29,0,0,366,120.55555555555556,3,108.66666666666667,351,2.21,"{""adaptive_replications"": false, ""auto_repair_fail_prob"": 0.6, ""auto_repair_time"": 120.0, ""bad_server_regen_interval"": 43200, ""bad_server_regeneration"": false, ""confidence_level"": 0.95, ""diagnosis_probability"": 1.0, ""diagnosis_uncertainty"": 0.0, ""enable_topology"": false, ""failure_distribution"": ""exponential"", ""host_selection_time"": 3.0, ""job_length"": 20160, ""job_size"": 4096, ""lognormal_sigma"": 1.0, ""manual_repair_fail_prob"": 0.6, ""manual_repair_time"": 2880.0, ""max_replications"": 1000, ""num_replications"": 30, ""preemption_wait_time"": 20.0, ""prob_auto_to_manual"": 0.8, ""rack_size"": 8, ""random_failure_rate"": 1.388888888888889e-05, ""recovery_time"": 60.0, ""relative_accuracy"": 0.05, ""seed"": 42, ""spare_pool_size"": 200, ""systematic_failure_fraction"": 0.08, ""systematic_failure_rate_multiplier"": 25.0, ""warm_standbys"": 16, ""weibull_shape"": 1.0, ""working_pool_size"": 4600}"
da28d045aeb687e2f7991924bb1c67e7501cd076,2d_heatmap_sweep.py,Random+ScoredRemoval(SC_fast),DefaultHostSelection(),"ScoredRemoval(initial_score=100.0, failure_penalty=60.0, success_increment=5.0, time_period=1440, retirement_threshold=0.0)",45,3,2029.3499999999997,0.16557025648606657,1692,1139,553,1692,1349,668,1024,232,350,1110,0,365,0,27,0,0,365,111.28908554572271,1,100.86430678466077,339,2.11,"{""adaptive_replications"": false, ""auto_repair_fail_prob"": 0.6, ""auto_repair_time"": 120.0, ""bad_server_regen_interval"": 43200, ""bad_server_regeneration"": false, ""confidence_level"": 0.95, ""diagnosis_probability"": 1.0, ""diagnosis_uncertainty"": 0.0, ""enable_topology"": false, ""failure_distribution"": ""exponential"", ""host_selection_time"": 3.0, ""job_length"": 20160, ""job_size"": 4096, ""lognormal_sigma"": 1.0, ""manual_repair_fail_prob"": 0.6, ""manual_repair_time"": 2880.0, ""max_replications"": 1000, ""num_replications"": 30, ""preemption_wait_time"": 20.0, ""prob_auto_to_manual"": 0.8, ""rack_size"": 8, ""random_failure_rate"": 1.388888888888889e-05, ""recovery_time"": 60.0, ""relative_accuracy"": 0.05, ""seed"": 42, ""spare_pool_size"": 200, ""systematic_failure_fraction"": 0.08, ""systematic_failure_rate_multiplier"": 25.0, ""warm_standbys"": 16, ""weibull_shape"": 1.0, ""working_pool_size"": 4600}"
da28d045aeb687e2f7991924bb1c67e7501cd076,2d_heatmap_sweep.py,Random+ScoredRemoval(SC_fast),DefaultHostSelection(),"ScoredRemoval(initial_score=100.0, failure_penalty=60.0, success_increment=5.0, time_period=1440, retirement_threshold=0.0)",46,4,2018.2500000000039,0.166480862133036,1681,1105,576,1681,1351,673,1008,225,376,1080,0,356,0,25,0,0,367,123.70029673590504,1,110.28189910979229,337,2.17,"{""adaptive_replications"": false, ""auto_repair_fail_prob"": 0.6, ""auto_repair_time"": 120.0, ""bad_server_regen_interval"": 43200, ""bad_server_regeneration"": false, ""confidence_level"": 0.95, ""diagnosis_probability"": 1.0, ""diagnosis_uncertainty"": 0.0, ""enable_topology"": false, ""failure_distribution"": ""exponential"", ""host_selection_time"": 3.0, ""job_length"": 20160, ""job_size"": 4096, ""lognormal_sigma"": 1.0, ""manual_repair_fail_prob"": 0.6, ""manual_repair_time"": 2880.0, ""max_replications"": 1000, ""num_replications"": 30, ""preemption_wait_time"": 20.0, ""prob_auto_to_manual"": 0.8, ""rack_size"": 8, ""random_failure_rate"": 1.388888888888889e-05, ""recovery_time"": 60.0, ""relative_accuracy"": 0.05, ""seed"": 42, ""spare_pool_size"": 200, ""systematic_failure_fraction"": 0.08, ""systematic_failure_rate_multiplier"": 25.0, ""warm_standbys"": 16, ""weibull_shape"": 1.0, ""working_pool_size"": 4600}"
da28d045aeb687e2f7991924bb1c67e7501cd076,2d_heatmap_sweep.py,Random+ScoredRemoval(SC_fast),DefaultHostSelection(),"ScoredRemoval(initial_score=100.0, failure_penalty=60.0, success_increment=5.0, time_period=1440, retirement_threshold=0.0)",47,5,2110.4000000000024,0.15921152388172843,1773,1203,570,1773,1411,716,1057,215,383,1175,0,385,0,28,0,0,364,118.2215909090909,2,105.88920454545455,352,2.27,"{""adaptive_replications"": false, ""auto_repair_fail_prob"": 0.6, ""auto_repair_time"": 120.0, ""bad_server_regen_interval"": 43200, ""bad_server_regeneration"": false, ""confidence_level"": 0.95, ""diagnosis_probability"": 1.0, ""diagnosis_uncertainty"": 0.0, ""enable_topology"": false, ""failure_distribution"": ""exponential"", ""host_selection_time"": 3.0, ""job_length"": 20160, ""job_size"": 4096, ""lognormal_sigma"": 1.0, ""manual_repair_fail_prob"": 0.6, ""manual_repair_time"": 2880.0, ""max_replications"": 1000, ""num_replications"": 30, ""preemption_wait_time"": 20.0, ""prob_auto_to_manual"": 0.8, ""rack_size"": 8, ""random_failure_rate"": 1.388888888888889e-05, ""recovery_time"": 60.0, ""relative_accuracy"": 0.05, ""seed"": 42, ""spare_pool_size"": 200, ""systematic_failure_fraction"": 0.08, ""systematic_failure_rate_multiplier"": 25.0, ""warm_standbys"": 16, ""weibull_shape"": 1.0, ""working_pool_size"": 4600}"
da28d045aeb687e2f7991924bb1c67e7501cd076,2d_heatmap_sweep.py,Random+ScoredRemoval(SC_fast),DefaultHostSelection(),"ScoredRemoval(initial_score=100.0, failure_penalty=60.0, success_increment=5.0, time_period=1440, retirement_threshold=0.0)",48,6,2094.400000000002,0.16042780748663077,1757,1199,558,1757,1388,726,1031,247,330,1180,0,375,0,28,0,0,365,124.58571428571429,0,110.14,350,2.21,"{""adaptive_replications"": false, ""auto_repair_fail_prob"": 0.6, ""auto_repair_time"": 120.0, ""bad_server_regen_interval"": 43200, ""bad_server_regeneration"": false, ""confidence_level"": 0.95, ""diagnosis_probability"": 1.0, ""diagnosis_uncertainty"": 0.0, ""enable_topology"": false, ""failure_distribution"": ""exponential"", ""host_selection_time"": 3.0, ""job_length"": 20160, ""job_size"": 4096, ""lognormal_sigma"": 1.0, ""manual_repair_fail_prob"": 0.6, ""manual_repair_time"": 2880.0, ""max_replications"": 1000, ""num_replications"": 30, ""preemption_wait_time"": 20.0, ""prob_auto_to_manual"": 0.8, ""rack_size"": 8, ""random_failure_rate"": 1.388888888888889e-05, ""recovery_time"": 60.0, ""relative_accuracy"": 0.05, ""seed"": 42, ""spare_pool_size"": 200, ""systematic_failure_fraction"": 0.08, ""systematic_failure_rate_multiplier"": 25.0, ""warm_standbys"": 16, ""weibull_shape"": 1.0, ""working_pool_size"": 4600}"
da28d045aeb687e2f7991924bb1c67e7501cd076,2d_heatmap_sweep.py,Random+ScoredRemoval(SC_fast),DefaultHostSelection(),"ScoredRemoval(initial_score=100.0, failure_penalty=60.0, success_increment=5.0, time_period=1440, retirement_threshold=0.0)",49,7,2113.3500000000013,0.15898928241890842,1776,1206,570,1776,1408,682,1094,218,370,1188,0,375,0,27,0,0,369,117.98300283286119,4,106.02832861189802,353,2.2,"{""adaptive_replications"": false, ""auto_repair_fail_prob"": 0.6, ""auto_repair_time"": 120.0, ""bad_server_regen_interval"": 43200, ""bad_server_regeneration"": false, ""confidence_level"": 0.95, ""diagnosis_probability"": 1.0, ""diagnosis_uncertainty"": 0.0, ""enable_topology"": false, ""failure_distribution"": ""exponential"", ""host_selection_time"": 3.0, ""job_length"": 20160, ""job_size"": 4096, ""lognormal_sigma"": 1.0, ""manual_repair_fail_prob"": 0.6, ""manual_repair_time"": 2880.0, ""max_replications"": 1000, ""num_replications"": 30, ""preemption_wait_time"": 20.0, ""prob_auto_to_manual"": 0.8, ""rack_size"": 8, ""random_failure_rate"": 1.388888888888889e-05, ""recovery_time"": 60.0, ""relative_accuracy"": 0.05, ""seed"": 42, ""spare_pool_size"": 200, ""systematic_failure_fraction"": 0.08, ""systematic_failure_rate_multiplier"": 25.0, ""warm_standbys"": 16, ""weibull_shape"": 1.0, ""working_pool_size"": 4600}"
da28d045aeb687e2f7991924bb1c67e7501cd076,2d_heatmap_sweep.py,Random+ScoredRemoval(SC_fast),DefaultHostSelection(),"ScoredRemoval(initial_score=100.0, failure_penalty=60.0, success_increment=5.0, time_period=1440, retirement_threshold=0.0)",50,8,2037.349999999995,0.16492011681841645,1700,1119,581,1700,1360,668,1032,223,388,1089,0,361,0,27,0,0,369,122.97058823529412,1,109.8529411764706,340,2.12,"{""adaptive_replications"": false, ""auto_repair_fail_prob"": 0.6, ""auto_repair_time"": 120.0, ""bad_server_regen_interval"": 43200, ""bad_server_regeneration"": false, ""confidence_level"": 0.95, ""diagnosis_probability"": 1.0, ""diagnosis_uncertainty"": 0.0, ""enable_topology"": false, ""failure_distribution"": ""exponential"", ""host_selection_time"": 3.0, ""job_length"": 20160, ""job_size"": 4096, ""lognormal_sigma"": 1.0, ""manual_repair_fail_prob"": 0.6, ""manual_repair_time"": 2880.0, ""max_replications"": 1000, ""num_replications"": 30, ""preemption_wait_time"": 20.0, ""prob_auto_to_manual"": 0.8, ""rack_size"": 8, ""random_failure_rate"": 1.388888888888889e-05, ""recovery_time"": 60.0, ""relative_accuracy"": 0.05, ""seed"": 42, ""spare_pool_size"": 200, ""systematic_failure_fraction"": 0.08, ""systematic_failure_rate_multiplier"": 25.0, ""warm_standbys"": 16, ""weibull_shape"": 1.0, ""working_pool_size"": 4600}"
da28d045aeb687e2f7991924bb1c67e7501cd076,2d_heatmap_sweep.py,Random+ScoredRemoval(SC_fast),DefaultHostSelection(),"ScoredRemoval(initial_score=100.0, failure_penalty=60.0, success_increment=5.0, time_period=1440, retirement_threshold=0.0)",51,9,2072.3500000000013,0.16213477453132902,1735,1164,571,1735,1379,712,1023,232,364,1139,0,380,0,27,0,0,367,121.76300578034682,2,108.66763005780346,346,2.16,"{""adaptive_replications"": false, ""auto_repair_fail_prob"": 0.6, ""auto_repair_time"": 120.0, ""bad_server_regen_interval"": 43200, ""bad_server_regeneration"": false, ""confidence_level"": 0.95, ""diagnosis_probability"": 1.0, ""diagnosis_uncertainty"": 0.0, ""enable_topology"": false, ""failure_distribution"": ""exponential"", ""host_selection_time"": 3.0, ""job_length"": 20160, ""job_size"": 4096, ""lognormal_sigma"": 1.0, ""manual_repair_fail_prob"": 0.6, ""manual_repair_time"": 2880.0, ""max_replications"": 1000, ""num_replications"": 30, ""preemption_wait_time"": 20.0, ""prob_auto_to_manual"": 0.8, ""rack_size"": 8, ""random_failure_rate"": 1.388888888888889e-05, ""recovery_time"": 60.0, ""relative_accuracy"": 0.05, ""seed"": 42, ""spare_pool_size"": 200, ""systematic_failure_fraction"": 0.08, ""systematic_failure_rate_multiplier"": 25.0, ""warm_standbys"": 16, ""weibull_shape"": 1.0, ""working_pool_size"": 4600}"
da28d045aeb687e2f7991924bb1c67e7501cd076,2d_heatmap_sweep.py,FewestFailuresFirst+NeverRemove,FewestFailuresFirst(),NeverRemove(),42,0,2099.3999999999996,0.16004572735067205,1763,1146,617,1763,1380,686,1077,252,392,1119,0,0,0,8,0,0,369,203.13142857142856,114,108.60285714285715,350,1.4,"{""adaptive_replications"": false, ""auto_repair_fail_prob"": 0.6, ""auto_repair_time"": 120.0, ""bad_server_regen_interval"": 43200, ""bad_server_regeneration"": false, ""confidence_level"": 0.95, ""diagnosis_probability"": 1.0, ""diagnosis_uncertainty"": 0.0, ""enable_topology"": false, ""failure_distribution"": ""exponential"", ""host_selection_time"": 3.0, ""job_length"": 20160, ""job_size"": 4096, ""lognormal_sigma"": 1.0, ""manual_repair_fail_prob"": 0.6, ""manual_repair_time"": 2880.0, ""max_replications"": 1000, ""num_replications"": 30, ""preemption_wait_time"": 20.0, ""prob_auto_to_manual"": 0.8, ""rack_size"": 8, ""random_failure_rate"": 1.388888888888889e-05, ""recovery_time"": 60.0, ""relative_accuracy"": 0.05, ""seed"": 42, ""spare_pool_size"": 200, ""systematic_failure_fraction"": 0.08, ""systematic_failure_rate_multiplier"": 25.0, ""warm_standbys"": 16, ""weibull_shape"": 1.0, ""working_pool_size"": 4600}"
da28d045aeb687e2f7991924bb1c67e7501cd076,2d_heatmap_sweep.py,FewestFailuresFirst+NeverRemove,FewestFailuresFirst(),NeverRemove(),43,1,2120.2500000000005,0.15847187831623627,1784,1163,621,1784,1428,723,1061,262,382,1140,0,0,0,5,0,0,370,190.21751412429379,107,102.89830508474576,354,1.49,"{""adaptive_replications"": false, ""auto_repair_fail_prob"": 0.6, ""auto_repair_time"": 120.0, ""bad_server_regen_interval"": 43200, ""bad_server_regeneration"": false, ""confidence_level"": 0.95, ""diagnosis_probability"": 1.0, ""diagnosis_uncertainty"": 0.0, ""enable_topology"": false, ""failure_distribution"": ""exponential"", ""host_selection_time"": 3.0, ""job_length"": 20160, ""job_size"": 4096, ""lognormal_sigma"": 1.0, ""manual_repair_fail_prob"": 0.6, ""manual_repair_time"": 2880.0, ""max_replications"": 1000, ""num_replications"": 30, ""preemption_wait_time"": 20.0, ""prob_auto_to_manual"": 0.8, ""rack_size"": 8, ""random_failure_rate"": 1.388888888888889e-05, ""recovery_time"": 60.0, ""relative_accuracy"": 0.05, ""seed"": 42, ""spare_pool_size"": 200, ""systematic_failure_fraction"": 0.08, ""systematic_failure_rate_multiplier"": 25.0, ""warm_standbys"": 16, ""weibull_shape"": 1.0, ""working_pool_size"": 4600}"
da28d045aeb687e2f7991924bb1c67e7501cd076,2d_heatmap_sweep.py,FewestFailuresFirst+NeverRemove,FewestFailuresFirst(),NeverRemove(),44,2,2024.249999999999,0.1659874027417565,1688,1121,567,1688,1316,660,1028,248,340,1100,0,0,0,5,0,0,366,190.34023668639054,117,99.89940828402366,338,1.39,"{""adaptive_replications"": false, ""auto_repair_fail_prob"": 0.6, ""auto_repair_time"": 120.0, ""bad_server_regen_interval"": 43200, ""bad_server_regeneration"": false, ""confidence_level"": 0.95, ""diagnosis_probability"": 1.0, ""diagnosis_uncertainty"": 0.0, ""enable_topology"": false, ""failure_distribution"": ""exponential"", ""host_selection_time"": 3.0, ""job_length"": 20160, ""job_size"": 4096, ""lognormal_sigma"": 1.0, ""manual_repair_fail_prob"": 0.6, ""manual_repair_time"": 2880.0, ""max_replications"": 1000, ""num_replications"": 30, ""preemption_wait_time"": 20.0, ""prob_auto_to_manual"": 0.8, ""rack_size"": 8, ""random_failure_rate"": 1.388888888888889e-05, ""recovery_time"": 60.0, ""relative_accuracy"": 0.05, ""seed"": 42, ""spare_pool_size"": 200, ""systematic_failure_fraction"": 0.08, ""systematic_failure_rate_multiplier"": 25.0, ""warm_standbys"": 16, ""weibull_shape"": 1.0, ""working_pool_size"": 4600}"
da28d045aeb687e2f7991924bb1c67e7501cd076,2d_heatmap_sweep.py,FewestFailuresFirst+NeverRemove,FewestFailuresFirst(),NeverRemove(),45,3,2011.3000000000036,0.16705613284940118,1675,1119,556,1675,1357,702,973,243,331,1101,0,0,0,6,0,0,365,203.80059523809524,118,102.17261904761905,336,1.39,"{""adaptive_replications"": false, ""auto_repair_fail_prob"": 0.6, ""auto_repair_time"": 120.0, ""bad_server_regen_interval"": 43200, ""bad_server_regeneration"": false, ""confidence_level"": 0.95, ""diagnosis_probability"": 1.0, ""diagnosis_uncertainty"": 0.0, ""enable_topology"": false, ""failure_distribution"": ""exponential"", ""host_selection_time"": 3.0, ""job_length"": 20160, ""job_size"": 4096, ""lognormal_sigma"": 1.0, ""manual_repair_fail_prob"": 0.6, ""manual_repair_time"": 2880.0, ""max_replications"": 1000, ""num_replications"": 30, ""preemption_wait_time"": 20.0, ""prob_auto_to_manual"": 0.8, ""rack_size"": 8, ""random_failure_rate"": 1.388888888888889e-05, ""recovery_time"": 60.0, ""relative_accuracy"": 0.05, ""seed"": 42, ""spare_pool_size"": 200, ""systematic_failure_fraction"": 0.08, ""systematic_failure_rate_multiplier"": 25.0, ""warm_standbys"": 16, ""weibull_shape"": 1.0, ""working_pool_size"": 4600}"
da28d045aeb687e2f7991924bb1c67e7501cd076,2d_heatmap_sweep.py,FewestFailuresFirst+NeverRemove,FewestFailuresFirst(),NeverRemove(),46,4,2127.3500000000026,0.15794298070369242,1791,1150,641,1791,1450,663,1128,258,411,1122,0,0,0,7,0,0,367,202.86478873239437,104,104.31267605633803,355,1.52,"{""adaptive_replications"": false, ""auto_repair_fail_prob"": 0.6, ""auto_repair_time"": 120.0, ""bad_server_regen_interval"": 43200, ""bad_server_regeneration"": false, ""confidence_level"": 0.95, ""diagnosis_probability"": 1.0, ""diagnosis_uncertainty"": 0.0, ""enable_topology"": false, ""failure_distribution"": ""exponential"", ""host_selection_time"": 3.0, ""job_length"": 20160, ""job_size"": 4096, ""lognormal_sigma"": 1.0, ""manual_repair_fail_prob"": 0.6, ""manual_repair_time"": 2880.0, ""max_replications"": 1000, ""num_replications"": 30, ""preemption_wait_time"": 20.0, ""prob_auto_to_manual"": 0.8, ""rack_size"": 8, ""random_failure_rate"": 1.388888888888889e-05, ""recovery_time"": 60.0, ""relative_accuracy"": 0.05, ""seed"": 42, ""spare_pool_size"": 200, ""systematic_failure_fraction"": 0.08, ""systematic_failure_rate_multiplier"": 25.0, ""warm_standbys"": 16, ""weibull_shape"": 1.0, ""working_pool_size"": 4600}"
da28d045aeb687e2f7991924bb1c67e7501cd076,2d_heatmap_sweep.py,FewestFailuresFirst+NeverRemove,FewestFailuresFirst(),NeverRemove(),47,5,2085.299999999995,0.16112789526686827,1749,1150,599,1749,1379,712,1037,252,373,1124,0,0,0,6,0,0,364,199.617816091954,109,106.44827586206897,348,1.55,"{""adaptive_replications"": false, ""auto_repair_fail_prob"": 0.6, ""auto_repair_time"": 120.0, ""bad_server_regen_interval"": 43200, ""bad_server_regeneration"": false, ""confidence_level"": 0.95, ""diagnosis_probability"": 1.0, ""diagnosis_uncertainty"": 0.0, ""enable_topology"": false, ""failure_distribution"": ""exponential"", ""host_selection_time"": 3.0, ""job_length"": 20160, ""job_size"": 4096, ""lognormal_sigma"": 1.0, ""manual_repair_fail_prob"": 0.6, ""manual_repair_time"": 2880.0, ""max_replications"": 1000, ""num_replications"": 30, ""preemption_wait_time"": 20.0, ""prob_auto_to_manual"": 0.8, ""rack_size"": 8, ""random_failure_rate"": 1.388888888888889e-05, ""recovery_time"": 60.0, ""relative_accuracy"": 0.05, ""seed"": 42, ""spare_pool_size"": 200, ""systematic_failure_fraction"": 0.08, ""systematic_failure_rate_multiplier"": 25.0, ""warm_standbys"": 16, ""weibull_shape"": 1.0, ""working_pool_size"": 4600}"
da28d045aeb687e2f7991924bb1c67e7501cd076,2d_heatmap_sweep.py,FewestFailuresFirst+NeverRemove,FewestFailuresFirst(),NeverRemove(),48,6,2121.4500000000016,0.15838223856324657,1785,1182,603,1785,1430,719,1066,253,376,1156,0,0,0,9,0,0,365,192.61864406779662,110,98.88135593220339,354,1.61,"{""adaptive_replications"": false, ""auto_repair_fail_prob"": 0.6, ""auto_repair_time"": 120.0, ""bad_server_regen_interval"": 43200, ""bad_server_regeneration"": false, ""confidence_level"": 0.95, ""diagnosis_probability"": 1.0, ""diagnosis_uncertainty"": 0.0, ""enable_topology"": false, ""failure_distribution"": ""exponential"", ""host_selection_time"": 3.0, ""job_length"": 20160, ""job_size"": 4096, ""lognormal_sigma"": 1.0, ""manual_repair_fail_prob"": 0.6, ""manual_repair_time"": 2880.0, ""max_replications"": 1000, ""num_replications"": 30, ""preemption_wait_time"": 20.0, ""prob_auto_to_manual"": 0.8, ""rack_size"": 8, ""random_failure_rate"": 1.388888888888889e-05, ""recovery_time"": 60.0, ""relative_accuracy"": 0.05, ""seed"": 42, ""spare_pool_size"": 200, ""systematic_failure_fraction"": 0.08, ""systematic_failure_rate_multiplier"": 25.0, ""warm_standbys"": 16, ""weibull_shape"": 1.0, ""working_pool_size"": 4600}"
da28d045aeb687e2f7991924bb1c67e7501cd076,2d_heatmap_sweep.py,FewestFailuresFirst+NeverRemove,FewestFailuresFirst(),NeverRemove(),49,7,2131.2000000000003,0.15765765765765746,1795,1106,689,1795,1419,688,1107,302,410,1083,0,0,0,4,0,0,369,162.63202247191012,67,116.08426966292134,356,1.5,"{""adaptive_replications"": false, ""auto_repair_fail_prob"": 0.6, ""auto_repair_time"": 120.0, ""bad_server_regen_interval"": 43200, ""bad_server_regeneration"": false, ""confidence_level"": 0.95, ""diagnosis_probability"": 1.0, ""diagnosis_uncertainty"": 0.0, ""enable_topology"": false, ""failure_distribution"": ""exponential"", ""host_selection_time"": 3.0, ""job_length"": 20160, ""job_size"": 4096, ""lognormal_sigma"": 1.0, ""manual_repair_fail_prob"": 0.6, ""manual_repair_time"": 2880.0, ""max_replications"": 1000, ""num_replications"": 30, ""preemption_wait_time"": 20.0, ""prob_auto_to_manual"": 0.8, ""rack_size"": 8, ""random_failure_rate"": 1.388888888888889e-05, ""recovery_time"": 60.0, ""relative_accuracy"": 0.05, ""seed"": 42, ""spare_pool_size"": 200, ""systematic_failure_fraction"": 0.08, ""systematic_failure_rate_multiplier"": 25.0, ""warm_standbys"": 16, ""weibull_shape"": 1.0, ""working_pool_size"": 4600}"
da28d045aeb687e2f7991924bb1c67e7501cd076,2d_heatmap_sweep.py,FewestFailuresFirst+NeverRemove,FewestFailuresFirst(),NeverRemove(),50,8,2143.3499999999976,0.15676394429281285,1807,1198,609,1807,1475,710,1097,265,376,1166,0,0,0,7,0,0,369,193.6759776536313,101,102.91061452513966,358,1.5,"{""adaptive_replications"": false, ""auto_repair_fail_prob"": 0.6, ""auto_repair_time"": 120.0, ""bad_server_regen_interval"": 43200, ""bad_server_regeneration"": false, ""confidence_level"": 0.95, ""diagnosis_probability"": 1.0, ""diagnosis_uncertainty"": 0.0, ""enable_topology"": false, ""failure_distribution"": ""exponential"", ""host_selection_time"": 3.0, ""job_length"": 20160, ""job_size"": 4096, ""lognormal_sigma"": 1.0, ""manual_repair_fail_prob"": 0.6, ""manual_repair_time"": 2880.0, ""max_replications"": 1000, ""num_replications"": 30, ""preemption_wait_time"": 20.0, ""prob_auto_to_manual"": 0.8, ""rack_size"": 8, ""random_failure_rate"": 1.388888888888889e-05, ""recovery_time"": 60.0, ""relative_accuracy"": 0.05, ""seed"": 42, ""spare_pool_size"": 200, ""systematic_failure_fraction"": 0.08, ""systematic_failure_rate_multiplier"": 25.0, ""warm_standbys"": 16, ""weibull_shape"": 1.0, ""working_pool_size"": 4600}"
da28d045aeb687e2f7991924bb1c67e7501cd076,2d_heatmap_sweep.py,FewestFailuresFirst+NeverRemove,FewestFailuresFirst(),NeverRemove(),51,9,2079.299999999995,0.16159284374549152,1743,1140,603,1743,1372,711,1032,260,363,1120,0,0,0,6,0,0,367,184.89048991354466,105,111.76657060518733,347,1.48,"{""adaptive_replications"": false, ""auto_repair_fail_prob"": 0.6, ""auto_repair_time"": 120.0, ""bad_server_regen_interval"": 43200, ""bad_server_regeneration"": false, ""confidence_level"": 0.95, ""diagnosis_probability"": 1.0, ""diagnosis_uncertainty"": 0.0, ""enable_topology"": false, ""failure_distribution"": ""exponential"", ""host_selection_time"": 3.0, ""job_length"": 20160, ""job_size"": 4096, ""lognormal_sigma"": 1.0, ""manual_repair_fail_prob"": 0.6, ""manual_repair_time"": 2880.0, ""max_replications"": 1000, ""num_replications"": 30, ""preemption_wait_time"": 20.0, ""prob_auto_to_manual"": 0.8, ""rack_size"": 8, ""random_failure_rate"": 1.388888888888889e-05, ""recovery_time"": 60.0, ""relative_accuracy"": 0.05, ""seed"": 42, ""spare_pool_size"": 200, ""systematic_failure_fraction"": 0.08, ""systematic_failure_rate_multiplier"": 25.0, ""warm_standbys"": 16, ""weibull_shape"": 1.0, ""working_pool_size"": 4600}"
da28d045aeb687e2f7991924bb1c67e7501cd076,2d_heatmap_sweep.py,Random+NeverRemove,DefaultHostSelection(),NeverRemove(),42,0,2426.399999999999,0.13847675568743845,2090,1126,964,2090,1652,610,1480,300,699,1091,0,0,0,8,0,0,369,176.68641975308643,62,149.13827160493827,405,1.7,"{""adaptive_replications"": false, ""auto_repair_fail_prob"": 0.6, ""auto_repair_time"": 120.0, ""bad_server_regen_interval"": 43200, ""bad_server_regeneration"": false, ""confidence_level"": 0.95, ""diagnosis_probability"": 1.0, ""diagnosis_uncertainty"": 0.0, ""enable_topology"": false, ""failure_distribution"": ""exponential"", ""host_selection_time"": 3.0, ""job_length"": 20160, ""job_size"": 4096, ""lognormal_sigma"": 1.0, ""manual_repair_fail_prob"": 0.75, ""manual_repair_time"": 2880.0, ""max_replications"": 1000, ""num_replications"": 30, ""preemption_wait_time"": 20.0, ""prob_auto_to_manual"": 0.8, ""rack_size"": 8, ""random_failure_rate"": 1.388888888888889e-05, ""recovery_time"": 60.0, ""relative_accuracy"": 0.05, ""seed"": 42, ""spare_pool_size"": 200, ""systematic_failure_fraction"": 0.08, ""systematic_failure_rate_multiplier"": 25.0, ""warm_standbys"": 16, ""weibull_shape"": 1.0, ""working_pool_size"": 4600}"
da28d045aeb687e2f7991924bb1c67e7501cd076,2d_heatmap_sweep.py,Random+NeverRemove,DefaultHostSelection(),NeverRemove(),43,1,2420.3999999999946,0.1388200297471493,2084,1090,994,2084,1673,606,1478,302,738,1044,0,0,0,8,0,0,370,185.73019801980197,65,159.4480198019802,404,1.74,"{""adaptive_replications"": false, ""auto_repair_fail_prob"": 0.6, ""auto_repair_time"": 120.0, ""bad_server_regen_interval"": 43200, ""bad_server_regeneration"": false, ""confidence_level"": 0.95, ""diagnosis_probability"": 1.0, ""diagnosis_uncertainty"": 0.0, ""enable_topology"": false, ""failure_distribution"": ""exponential"", ""host_selection_time"": 3.0, ""job_length"": 20160, ""job_size"": 4096, ""lognormal_sigma"": 1.0, ""manual_repair_fail_prob"": 0.75, ""manual_repair_time"": 2880.0, ""max_replications"": 1000, ""num_replications"": 30, ""preemption_wait_time"": 20.0, ""prob_auto_to_manual"": 0.8, ""rack_size"": 8, ""random_failure_rate"": 1.388888888888889e-05, ""recovery_time"": 60.0, ""relative_accuracy"": 0.05, ""seed"": 42, ""spare_pool_size"": 200, ""systematic_failure_fraction"": 0.08, ""systematic_failure_rate_multiplier"": 25.0, ""warm_standbys"": 16, ""weibull_shape"": 1.0, ""working_pool_size"": 4600}"
da28d045aeb687e2f7991924bb1c67e7501cd076,2d_heatmap_sweep.py,Random+NeverRemove,DefaultHostSelection(),NeverRemove(),44,2,2451.3500000000017,0.13706733024659862,2115,1142,973,2115,1710,624,1491,279,721,1115,0,0,0,7,0,0,366,190.33007334963324,78,159.9755501222494,409,1.79,"{""adaptive_replications"": false, ""auto_repair_fail_prob"": 0.6, ""auto_repair_time"": 120.0, ""bad_server_regen_interval"": 43200, ""bad_server_regeneration"": false, ""confidence_level"": 0.95, ""diagnosis_probability"": 1.0, ""diagnosis_uncertainty"": 0.0, ""enable_topology"": false, ""failure_distribution"": ""exponential"", ""host_selection_time"": 3.0, ""job_length"": 20160, ""job_size"": 4096, ""lognormal_sigma"": 1.0, ""manual_repair_fail_prob"": 0.75, ""manual_repair_time"": 2880.0, ""max_replications"": 1000, ""num_replications"": 30, ""preemption_wait_time"": 20.0, ""prob_auto_to_manual"": 0.8, ""rack_size"": 8, ""random_failure_rate"": 1.388888888888889e-05, ""recovery_time"": 60.0, ""relative_accuracy"": 0.05, ""seed"": 42, ""spare_pool_size"": 200, ""systematic_failure_fraction"": 0.08, ""systematic_failure_rate_multiplier"": 25.0, ""warm_standbys"": 16, ""weibull_shape"": 1.0, ""working_pool_size"": 4600}"
da28d045aeb687e2f7991924bb1c67e7501cd076,2d_heatmap_sweep.py,Random+NeverRemove,DefaultHostSelection(),NeverRemove(),45,3,2421.349999999996,0.13876556466434023,2085,1119,966,2085,1689,616,1469,311,695,1079,0,0,0,7,0,0,365,169.77722772277227,51,144.16584158415841,404,1.73,"{""adaptive_replications"": false, ""auto_repair_fail_prob"": 0.6, ""auto_repair_time"": 120.0, ""bad_server_regen_interval"": 43200, ""bad_server_regeneration"": false, ""confidence_level"": 0.95, ""diagnosis_probability"": 1.0, ""diagnosis_uncertainty"": 0.0, ""enable_topology"": false, ""failure_distribution"": ""exponential"", ""host_selection_time"": 3.0, ""job_length"": 20160, ""job_size"": 4096, ""lognormal_sigma"": 1.0, ""manual_repair_fail_prob"": 0.75, ""manual_repair_time"": 2880.0, ""max_replications"": 1000, ""num_replications"": 30, ""preemption_wait_time"": 20.0, ""prob_auto_to_manual"": 0.8, ""rack_size"": 8, ""random_failure_rate"": 1.388888888888889e-05, ""recovery_time"": 60.0, ""relative_accuracy"": 0.05, ""seed"": 42, ""spare_pool_size"": 200, ""systematic_failure_fraction"": 0.08, ""systematic_failure_rate_multiplier"": 25.0, ""warm_standbys"": 16, ""weibull_shape"": 1.0, ""working_pool_size"": 4600}"
da28d045aeb687e2f7991924bb1c67e7501cd076,2d_heatmap_sweep.py,Random+NeverRemove,DefaultHostSelection(),NeverRemove(),46,4,2453.3500000000035,0.1369555913342981,2117,1127,990,2117,1702,595,1522,291,744,1082,0,0,0,7,0,0,367,187.88264058679707,71,159.1515892420538,409,1.82,"{""adaptive_replications"": false, ""auto_repair_fail_prob"": 0.6, ""auto_repair_time"": 120.0, ""bad_server_regen_interval"": 43200, ""bad_server_regeneration"": false, ""confidence_level"": 0.95, ""diagnosis_probability"": 1.0, ""diagnosis_uncertainty"": 0.0, ""enable_topology"": false, ""failure_distribution"": ""exponential"", ""host_selection_time"": 3.0, ""job_length"": 20160, ""job_size"": 4096, ""lognormal_sigma"": 1.0, ""manual_repair_fail_prob"": 0.75, ""manual_repair_time"": 2880.0, ""max_replications"": 1000, ""num_replications"": 30, ""preemption_wait_time"": 20.0, ""prob_auto_to_manual"": 0.8, ""rack_size"": 8, ""random_failure_rate"": 1.388888888888889e-05, ""recovery_time"": 60.0, ""relative_accuracy"": 0.05, ""seed"": 42, ""spare_pool_size"": 200, ""systematic_failure_fraction"": 0.08, ""systematic_failure_rate_multiplier"": 25.0, ""warm_standbys"": 16, ""weibull_shape"": 1.0, ""working_pool_size"": 4600}"
da28d045aeb687e2f7991924bb1c67e7501cd076,2d_heatmap_sweep.py,Random+NeverRemove,DefaultHostSelection(),NeverRemove(),47,5,2502.3999999999996,0.13427109974424553,2166,1165,1001,2166,1715,615,1551,293,752,1121,0,0,0,8,0,0,364,185.57894736842104,67,157.77033492822966,418,1.81,"{""adaptive_replications"": false, ""auto_repair_fail_prob"": 0.6, ""auto_repair_time"": 120.0, ""bad_server_regen_interval"": 43200, ""bad_server_regeneration"": false, ""confidence_level"": 0.95, ""diagnosis_probability"": 1.0, ""diagnosis_uncertainty"": 0.0, ""enable_topology"": false, ""failure_distribution"": ""exponential"", ""host_selection_time"": 3.0, ""job_length"": 20160, ""job_size"": 4096, ""lognormal_sigma"": 1.0, ""manual_repair_fail_prob"": 0.75, ""manual_repair_time"": 2880.0, ""max_replications"": 1000, ""num_replications"": 30, ""preemption_wait_time"": 20.0, ""prob_auto_to_manual"": 0.8, ""rack_size"": 8, ""random_failure_rate"": 1.388888888888889e-05, ""recovery_time"": 60.0, ""relative_accuracy"": 0.05, ""seed"": 42, ""spare_pool_size"": 200, ""systematic_failure_fraction"": 0.08, ""systematic_failure_rate_multiplier"": 25.0, ""warm_standbys"": 16, ""weibull_shape"": 1.0, ""working_pool_size"": 4600}"
da28d045aeb687e2f7991924bb1c67e7501cd076,2d_heatmap_sweep.py,Random+NeverRemove,DefaultHostSelection(),NeverRemove(),48,6,2519.3500000000004,0.1333677337408457,2183,1142,1041,2183,1743,598,1585,299,796,1088,0,0,0,7,0,0,365,188.27380952380952,63,158.2452380952381,420,1.86,"{""adaptive_replications"": false, ""auto_repair_fail_prob"": 0.6, ""auto_repair_time"": 120.0, ""bad_server_regen_interval"": 43200, ""bad_server_regeneration"": false, ""confidence_level"": 0.95, ""diagnosis_probability"": 1.0, ""diagnosis_uncertainty"": 0.0, ""enable_topology"": false, ""failure_distribution"": ""exponential"", ""host_selection_time"": 3.0, ""job_length"": 20160, ""job_size"": 4096, ""lognormal_sigma"": 1.0, ""manual_repair_fail_prob"": 0.75, ""manual_repair_time"": 2880.0, ""max_replications"": 1000, ""num_replications"": 30, ""preemption_wait_time"": 20.0, ""prob_auto_to_manual"": 0.8, ""rack_size"": 8, ""random_failure_rate"": 1.388888888888889e-05, ""recovery_time"": 60.0, ""relative_accuracy"": 0.05, ""seed"": 42, ""spare_pool_size"": 200, ""systematic_failure_fraction"": 0.08, ""systematic_failure_rate_multiplier"": 25.0, ""warm_standbys"": 16, ""weibull_shape"": 1.0, ""working_pool_size"": 4600}"
da28d045aeb687e2f7991924bb1c67e7501cd076,2d_heatmap_sweep.py,Random+NeverRemove,DefaultHostSelection(),NeverRemove(),49,7,2570.400000000002,0.1307189542483657,2234,1219,1015,2234,1802,630,1604,306,748,1180,0,0,0,8,0,0,369,185.46853146853147,57,157.45454545454547,429,1.94,"{""adaptive_replications"": false, ""auto_repair_fail_prob"": 0.6, ""auto_repair_time"": 120.0, ""bad_server_regen_interval"": 43200, ""bad_server_regeneration"": false, ""confidence_level"": 0.95, ""diagnosis_probability"": 1.0, ""diagnosis_uncertainty"": 0.0, ""enable_topology"": false, ""failure_distribution"": ""exponential"", ""host_selection_time"": 3.0, ""job_length"": 20160, ""job_size"": 4096, ""lognormal_sigma"": 1.0, ""manual_repair_fail_prob"": 0.75, ""manual_repair_time"": 2880.0, ""max_replications"": 1000, ""num_replications"": 30, ""preemption_wait_time"": 20.0, ""prob_auto_to_manual"": 0.8, ""rack_size"": 8, ""random_failure_rate"": 1.388888888888889e-05, ""recovery_time"": 60.0, ""relative_accuracy"": 0.05, ""seed"": 42, ""spare_pool_size"": 200, ""systematic_failure_fraction"": 0.08, ""systematic_failure_rate_multiplier"": 25.0, ""warm_standbys"": 16, ""weibull_shape"": 1.0, ""working_pool_size"": 4600}"
da28d045aeb687e2f7991924bb1c67e7501cd076,2d_heatmap_sweep.py,Random+NeverRemove,DefaultHostSelection(),NeverRemove(),50,8,2547.4000000000037,0.1318991913323387,2211,1145,1066,2211,1750,594,1617,294,817,1100,0,0,0,8,0,0,369,188.80705882352942,68,162.3694117647059,425,1.91,"{""adaptive_replications"": false, ""auto_repair_fail_prob"": 0.6, ""auto_repair_time"": 120.0, ""bad_server_regen_interval"": 43200, ""bad_server_regeneration"": false, ""confidence_level"": 0.95, ""diagnosis_probability"": 1.0, ""diagnosis_uncertainty"": 0.0, ""enable_topology"": false, ""failure_distribution"": ""exponential"", ""host_selection_time"": 3.0, ""job_length"": 20160, ""job_size"": 4096, ""lognormal_sigma"": 1.0, ""manual_repair_fail_prob"": 0.75, ""manual_repair_time"": 2880.0, ""max_replications"": 1000, ""num_replications"": 30, ""preemption_wait_time"": 20.0, ""prob_auto_to_manual"": 0.8, ""rack_size"": 8, ""random_failure_rate"": 1.388888888888889e-05, ""recovery_time"": 60.0, ""relative_accuracy"": 0.05, ""seed"": 42, ""spare_pool_size"": 200, ""systematic_failure_fraction"": 0.08, ""systematic_failure_rate_multiplier"": 25.0, ""warm_standbys"": 16, ""weibull_shape"": 1.0, ""working_pool_size"": 4600}"
da28d045aeb687e2f7991924bb1c67e7501cd076,2d_heatmap_sweep.py,Random+NeverRemove,DefaultHostSelection(),NeverRemove(),51,9,2500.3000000000025,0.13438387393512746,2164,1145,1019,2164,1693,620,1544,296,760,1108,0,0,0,6,0,0,367,189.3021582733813,67,161.17026378896884,417,1.87,"{""adaptive_replications"": false, ""auto_repair_fail_prob"": 0.6, ""auto_repair_time"": 120.0, ""bad_server_regen_interval"": 43200, ""bad_server_regeneration"": false, ""confidence_level"": 0.95, ""diagnosis_probability"": 1.0, ""diagnosis_uncertainty"": 0.0, ""enable_topology"": false, ""failure_distribution"": ""exponential"", ""host_selection_time"": 3.0, ""job_length"": 20160, ""job_size"": 4096, ""lognormal_sigma"": 1.0, ""manual_repair_fail_prob"": 0.75, ""manual_repair_time"": 2880.0, ""max_replications"": 1000, ""num_replications"": 30, ""preemption_wait_time"": 20.0, ""prob_auto_to_manual"": 0.8, ""rack_size"": 8, ""random_failure_rate"": 1.388888888888889e-05, ""recovery_time"": 60.0, ""relative_accuracy"": 0.05, ""seed"": 42, ""spare_pool_size"": 200, ""systematic_failure_fraction"": 0.08, ""systematic_failure_rate_multiplier"": 25.0, ""warm_standbys"": 16, ""weibull_shape"": 1.0, ""working_pool_size"": 4600}"
da28d045aeb687e2f7991924bb1c67e7501cd076,2d_heatmap_sweep.py,Random+ScoredRemoval(SC_fast),DefaultHostSelection(),"ScoredRemoval(initial_score=100.0, failure_penalty=60.0, success_increment=5.0, time_period=1440, retirement_threshold=0.0)",42,0,2132.500000000003,0.15756154747948378,1795,1181,614,1795,1412,502,1293,168,470,1157,0,412,0,30,0,0,369,123.46067415730337,2,112.09269662921348,356,2.0,"{""adaptive_replications"": false, ""auto_repair_fail_prob"": 0.6, ""auto_repair_time"": 120.0, ""bad_server_regen_interval"": 43200, ""bad_server_regeneration"": false, ""confidence_level"": 0.95, ""diagnosis_probability"": 1.0, ""diagnosis_uncertainty"": 0.0, ""enable_topology"": false, ""failure_distribution"": ""exponential"", ""host_selection_time"": 3.0, ""job_length"": 20160, ""job_size"": 4096, ""lognormal_sigma"": 1.0, ""manual_repair_fail_prob"": 0.75, ""manual_repair_time"": 2880.0, ""max_replications"": 1000, ""num_replications"": 30, ""preemption_wait_time"": 20.0, ""prob_auto_to_manual"": 0.8, ""rack_size"": 8, ""random_failure_rate"": 1.388888888888889e-05, ""recovery_time"": 60.0, ""relative_accuracy"": 0.05, ""seed"": 42, ""spare_pool_size"": 200, ""systematic_failure_fraction"": 0.08, ""systematic_failure_rate_multiplier"": 25.0, ""warm_standbys"": 16, ""weibull_shape"": 1.0, ""working_pool_size"": 4600}"
da28d045aeb687e2f7991924bb1c67e7501cd076,2d_heatmap_sweep.py,Random+ScoredRemoval(SC_fast),DefaultHostSelection(),"ScoredRemoval(initial_score=100.0, failure_penalty=60.0, success_increment=5.0, time_period=1440, retirement_threshold=0.0)",43,1,2083.350000000004,0.16127870977032116,1746,1133,613,1746,1417,489,1257,172,462,1112,0,390,0,27,0,0,370,128.1494252873563,3,116.24712643678161,348,2.23,"{""adaptive_replications"": false, ""auto_repair_fail_prob"": 0.6, ""auto_repair_time"": 120.0, ""bad_server_regen_interval"": 43200, ""bad_server_regeneration"": false, ""confidence_level"": 0.95, ""diagnosis_probability"": 1.0, ""diagnosis_uncertainty"": 0.0, ""enable_topology"": false, ""failure_distribution"": ""exponential"", ""host_selection_time"": 3.0, ""job_length"": 20160, ""job_size"": 4096, ""lognormal_sigma"": 1.0, ""manual_repair_fail_prob"": 0.75, ""manual_repair_time"": 2880.0, ""max_replications"": 1000, ""num_replications"": 30, ""preemption_wait_time"": 20.0, ""prob_auto_to_manual"": 0.8, ""rack_size"": 8, ""random_failure_rate"": 1.388888888888889e-05, ""recovery_time"": 60.0, ""relative_accuracy"": 0.05, ""seed"": 42, ""spare_pool_size"": 200, ""systematic_failure_fraction"": 0.08, ""systematic_failure_rate_multiplier"": 25.0, ""warm_standbys"": 16, ""weibull_shape"": 1.0, ""working_pool_size"": 4600}"
da28d045aeb687e2f7991924bb1c67e7501cd076,2d_heatmap_sweep.py,Random+ScoredRemoval(SC_fast),DefaultHostSelection(),"ScoredRemoval(initial_score=100.0, failure_penalty=60.0, success_increment=5.0, time_period=1440, retirement_threshold=0.0)",44,2,2119.449999999997,0.15853169454339516,1782,1188,594,1782,1444,513,1269,191,424,1167,0,409,0,29,0,0,366,124.21186440677967,2,111.55932203389831,354,2.36,"{""adaptive_replications"": false, ""auto_repair_fail_prob"": 0.6, ""auto_repair_time"": 120.0, ""bad_server_regen_interval"": 43200, ""bad_server_regeneration"": false, ""confidence_level"": 0.95, ""diagnosis_probability"": 1.0, ""diagnosis_uncertainty"": 0.0, ""enable_topology"": false, ""failure_distribution"": ""exponential"", ""host_selection_time"": 3.0, ""job_length"": 20160, ""job_size"": 4096, ""lognormal_sigma"": 1.0, ""manual_repair_fail_prob"": 0.75, ""manual_repair_time"": 2880.0, ""max_replications"": 1000, ""num_replications"": 30, ""preemption_wait_time"": 20.0, ""prob_auto_to_manual"": 0.8, ""rack_size"": 8, ""random_failure_rate"": 1.388888888888889e-05, ""recovery_time"": 60.0, ""relative_accuracy"": 0.05, ""seed"": 42, ""spare_pool_size"": 200, ""systematic_failure_fraction"": 0.08, ""systematic_failure_rate_multiplier"": 25.0, ""warm_standbys"": 16, ""weibull_shape"": 1.0, ""working_pool_size"": 4600}"
da28d045aeb687e2f7991924bb1c67e7501cd076,2d_heatmap_sweep.py,Random+ScoredRemoval(SC_fast),DefaultHostSelection(),"ScoredRemoval(initial_score=100.0, failure_penalty=60.0, success_increment=5.0, time_period=1440, retirement_threshold=0.0)",45,3,2114.500000000004,0.15890281390399594,1777,1185,592,1777,1419,532,1245,190,427,1160,0,410,0,30,0,0,365,121.0028328611898,4,108.39660056657223,353,2.29,"{""adaptive_replications"": false, ""auto_repair_fail_prob"": 0.6, ""auto_repair_time"": 120.0, ""bad_server_regen_interval"": 43200, ""bad_server_regeneration"": false, ""confidence_level"": 0.95, ""diagnosis_probability"": 1.0, ""diagnosis_uncertainty"": 0.0, ""enable_topology"": false, ""failure_distribution"": ""exponential"", ""host_selection_time"": 3.0, ""job_length"": 20160, ""job_size"": 4096, ""lognormal_sigma"": 1.0, ""manual_repair_fail_prob"": 0.75, ""manual_repair_time"": 2880.0, ""max_replications"": 1000, ""num_replications"": 30, ""preemption_wait_time"": 20.0, ""prob_auto_to_manual"": 0.8, ""rack_size"": 8, ""random_failure_rate"": 1.388888888888889e-05, ""recovery_time"": 60.0, ""relative_accuracy"": 0.05, ""seed"": 42, ""spare_pool_size"": 200, ""systematic_failure_fraction"": 0.08, ""systematic_failure_rate_multiplier"": 25.0, ""warm_standbys"": 16, ""weibull_shape"": 1.0, ""working_pool_size"": 4600}"
da28d045aeb687e2f7991924bb1c67e7501cd076,2d_heatmap_sweep.py,Random+ScoredRemoval(SC_fast),DefaultHostSelection(),"ScoredRemoval(initial_score=100.0, failure_penalty=60.0, success_increment=5.0, time_period=1440, retirement_threshold=0.0)",46,4,2152.499999999997,0.15609756097560956,1815,1195,620,1815,1461,478,1337,162,476,1177,0,423,0,30,0,0,367,128.57381615598885,1,115.041782729805,359,2.37,"{""adaptive_replications"": false, ""auto_repair_fail_prob"": 0.6, ""auto_repair_time"": 120.0, ""bad_server_regen_interval"": 43200, ""bad_server_regeneration"": false, ""confidence_level"": 0.95, ""diagnosis_probability"": 1.0, ""diagnosis_uncertainty"": 0.0, ""enable_topology"": false, ""failure_distribution"": ""exponential"", ""host_selection_time"": 3.0, ""job_length"": 20160, ""job_size"": 4096, ""lognormal_sigma"": 1.0, ""manual_repair_fail_prob"": 0.75, ""manual_repair_time"": 2880.0, ""max_replications"": 1000, ""num_replications"": 30, ""preemption_wait_time"": 20.0, ""prob_auto_to_manual"": 0.8, ""rack_size"": 8, ""random_failure_rate"": 1.388888888888889e-05, ""recovery_time"": 60.0, ""relative_accuracy"": 0.05, ""seed"": 42, ""spare_pool_size"": 200, ""systematic_failure_fraction"": 0.08, ""systematic_failure_rate_multiplier"": 25.0, ""warm_standbys"": 16, ""weibull_shape"": 1.0, ""working_pool_size"": 4600}"
da28d045aeb687e2f7991924bb1c67e7501cd076,2d_heatmap_sweep.py,Random+ScoredRemoval(SC_fast),DefaultHostSelection(),"ScoredRemoval(initial_score=100.0, failure_penalty=60.0, success_increment=5.0, time_period=1440, retirement_threshold=0.0)",47,5,2089.399999999996,0.16081171628218657,1752,1157,595,1752,1395,524,1228,182,435,1135,0,396,0,28,0,0,364,130.11747851002866,5,116.91404011461319,349,2.23,"{""adaptive_replications"": false, ""auto_repair_fail_prob"": 0.6, ""auto_repair_time"": 120.0, ""bad_server_regen_interval"": 43200, ""bad_server_regeneration"": false, ""confidence_level"": 0.95, ""diagnosis_probability"": 1.0, ""diagnosis_uncertainty"": 0.0, ""enable_topology"": false, ""failure_distribution"": ""exponential"", ""host_selection_time"": 3.0, ""job_length"": 20160, ""job_size"": 4096, ""lognormal_sigma"": 1.0, ""manual_repair_fail_prob"": 0.75, ""manual_repair_time"": 2880.0, ""max_replications"": 1000, ""num_replications"": 30, ""preemption_wait_time"": 20.0, ""prob_auto_to_manual"": 0.8, ""rack_size"": 8, ""random_failure_rate"": 1.388888888888889e-05, ""recovery_time"": 60.0, ""relative_accuracy"": 0.05, ""seed"": 42, ""spare_pool_size"": 200, ""systematic_failure_fraction"": 0.08, ""systematic_failure_rate_multiplier"": 25.0, ""warm_standbys"": 16, ""weibull_shape"": 1.0, ""working_pool_size"": 4600}"
da28d045aeb687e2f7991924bb1c67e7501cd076,2d_heatmap_sweep.py,Random+ScoredRemoval(SC_fast),DefaultHostSelection(),"ScoredRemoval(initial_score=100.0, failure_penalty=60.0, success_increment=5.0, time_period=1440, retirement_threshold=0.0)",48,6,2128.4500000000016,0.15786135450680053,1791,1187,604,1791,1431,498,1293,169,466,1156,0,411,0,29,0,0,365,126.4169014084507,4,112.3887323943662,355,2.32,"{""adaptive_replications"": false, ""auto_repair_fail_prob"": 0.6, ""auto_repair_time"": 120.0, ""bad_server_regen_interval"": 43200, ""bad_server_regeneration"": false, ""confidence_level"": 0.95, ""diagnosis_probability"": 1.0, ""diagnosis_uncertainty"": 0.0, ""enable_topology"": false, ""failure_distribution"": ""exponential"", ""host_selection_time"": 3.0, ""job_length"": 20160, ""job_size"": 4096, ""lognormal_sigma"": 1.0, ""manual_repair_fail_prob"": 0.75, ""manual_repair_time"": 2880.0, ""max_replications"": 1000, ""num_replications"": 30, ""preemption_wait_time"": 20.0, ""prob_auto_to_manual"": 0.8, ""rack_size"": 8, ""random_failure_rate"": 1.388888888888889e-05, ""recovery_time"": 60.0, ""relative_accuracy"": 0.05, ""seed"": 42, ""spare_pool_size"": 200, ""systematic_failure_fraction"": 0.08, ""systematic_failure_rate_multiplier"": 25.0, ""warm_standbys"": 16, ""weibull_shape"": 1.0, ""working_pool_size"": 4600}"
da28d045aeb687e2f7991924bb1c67e7501cd076,2d_heatmap_sweep.py,Random+ScoredRemoval(SC_fast),DefaultHostSelection(),"ScoredRemoval(initial_score=100.0, failure_penalty=60.0, success_increment=5.0, time_period=1440, retirement_threshold=0.0)",49,7,2072.399999999999,0.16213086276780558,1735,1129,606,1735,1384,500,1235,190,441,1104,0,395,0,28,0,0,369,124.49132947976878,0,111.4306358381503,346,2.26,"{""adaptive_replications"": false, ""auto_repair_fail_prob"": 0.6, ""auto_repair_time"": 120.0, ""bad_server_regen_interval"": 43200, ""bad_server_regeneration"": false, ""confidence_level"": 0.95, ""diagnosis_probability"": 1.0, ""diagnosis_uncertainty"": 0.0, ""enable_topology"": false, ""failure_distribution"": ""exponential"", ""host_selection_time"": 3.0, ""job_length"": 20160, ""job_size"": 4096, ""lognormal_sigma"": 1.0, ""manual_repair_fail_prob"": 0.75, ""manual_repair_time"": 2880.0, ""max_replications"": 1000, ""num_replications"": 30, ""preemption_wait_time"": 20.0, ""prob_auto_to_manual"": 0.8, ""rack_size"": 8, ""random_failure_rate"": 1.388888888888889e-05, ""recovery_time"": 60.0, ""relative_accuracy"": 0.05, ""seed"": 42, ""spare_pool_size"": 200, ""systematic_failure_fraction"": 0.08, ""systematic_failure_rate_multiplier"": 25.0, ""warm_standbys"": 16, ""weibull_shape"": 1.0, ""working_pool_size"": 4600}"
da28d045aeb687e2f7991924bb1c67e7501cd076,2d_heatmap_sweep.py,Random+ScoredRemoval(SC_fast),DefaultHostSelection(),"ScoredRemoval(initial_score=100.0, failure_penalty=60.0, success_increment=5.0, time_period=1440, retirement_threshold=0.0)",50,8,2065.499999999996,0.1626724763979668,1728,1103,625,1728,1388,447,1281,164,486,1078,0,402,0,30,0,0,369,128.92753623188406,2,116.81159420289855,345,2.21,"{""adaptive_replications"": false, ""auto_repair_fail_prob"": 0.6, ""auto_repair_time"": 120.0, ""bad_server_regen_interval"": 43200, ""bad_server_regeneration"": false, ""confidence_level"": 0.95, ""diagnosis_probability"": 1.0, ""diagnosis_uncertainty"": 0.0, ""enable_topology"": false, ""failure_distribution"": ""exponential"", ""host_selection_time"": 3.0, ""job_length"": 20160, ""job_size"": 4096, ""lognormal_sigma"": 1.0, ""manual_repair_fail_prob"": 0.75, ""manual_repair_time"": 2880.0, ""max_replications"": 1000, ""num_replications"": 30, ""preemption_wait_time"": 20.0, ""prob_auto_to_manual"": 0.8, ""rack_size"": 8, ""random_failure_rate"": 1.388888888888889e-05, ""recovery_time"": 60.0, ""relative_accuracy"": 0.05, ""seed"": 42, ""spare_pool_size"": 200, ""systematic_failure_fraction"": 0.08, ""systematic_failure_rate_multiplier"": 25.0, ""warm_standbys"": 16, ""weibull_shape"": 1.0, ""working_pool_size"": 4600}"
da28d045aeb687e2f7991924bb1c67e7501cd076,2d_heatmap_sweep.py,Random+ScoredRemoval(SC_fast),DefaultHostSelection(),"ScoredRemoval(initial_score=100.0, failure_penalty=60.0, success_increment=5.0, time_period=1440, retirement_threshold=0.0)",51,9,2069.45,0.1623619802362944,1732,1121,611,1732,1405,491,1241,183,454,1095,0,389,0,29,0,0,367,127.7072463768116,1,114.12463768115941,345,2.21,"{""adaptive_replications"": false, ""auto_repair_fail_prob"": 0.6, ""auto_repair_time"": 120.0, ""bad_server_regen_interval"": 43200, ""bad_server_regeneration"": false, ""confidence_level"": 0.95, ""diagnosis_probability"": 1.0, ""diagnosis_uncertainty"": 0.0, ""enable_topology"": false, ""failure_distribution"": ""exponential"", ""host_selection_time"": 3.0, ""job_length"": 20160, ""job_size"": 4096, ""lognormal_sigma"": 1.0, ""manual_repair_fail_prob"": 0.75, ""manual_repair_time"": 2880.0, ""max_replications"": 1000, ""num_replications"": 30, ""preemption_wait_time"": 20.0, ""prob_auto_to_manual"": 0.8, ""rack_size"": 8, ""random_failure_rate"": 1.388888888888889e-05, ""recovery_time"": 60.0, ""relative_accuracy"": 0.05, ""seed"": 42, ""spare_pool_size"": 200, ""systematic_failure_fraction"": 0.08, ""systematic_failure_rate_multiplier"": 25.0, ""warm_standbys"": 16, ""weibull_shape"": 1.0, ""working_pool_size"": 4600}"
da28d045aeb687e2f7991924bb1c67e7501cd076,2d_heatmap_sweep.py,FewestFailuresFirst+NeverRemove,FewestFailuresFirst(),NeverRemove(),42,0,2172.349999999998,0.15467120859898298,1836,1175,661,1836,1473,522,1314,203,490,1143,0,0,0,7,0,0,369,226.66666666666666,162,114.91460055096418,363,1.49,"{""adaptive_replications"": false, ""auto_repair_fail_prob"": 0.6, ""auto_repair_time"": 120.0, ""bad_server_regen_interval"": 43200, ""bad_server_regeneration"": false, ""confidence_level"": 0.95, ""diagnosis_probability"": 1.0, ""diagnosis_uncertainty"": 0.0, ""enable_topology"": false, ""failure_distribution"": ""exponential"", ""host_selection_time"": 3.0, ""job_length"": 20160, ""job_size"": 4096, ""lognormal_sigma"": 1.0, ""manual_repair_fail_prob"": 0.75, ""manual_repair_time"": 2880.0, ""max_replications"": 1000, ""num_replications"": 30, ""preemption_wait_time"": 20.0, ""prob_auto_to_manual"": 0.8, ""rack_size"": 8, ""random_failure_rate"": 1.388888888888889e-05, ""recovery_time"": 60.0, ""relative_accuracy"": 0.05, ""seed"": 42, ""spare_pool_size"": 200, ""systematic_failure_fraction"": 0.08, ""systematic_failure_rate_multiplier"": 25.0, ""warm_standbys"": 16, ""weibull_shape"": 1.0, ""working_pool_size"": 4600}"
da28d045aeb687e2f7991924bb1c67e7501cd076,2d_heatmap_sweep.py,FewestFailuresFirst+NeverRemove,FewestFailuresFirst(),NeverRemove(),43,1,2160.399999999997,0.15552675430475918,1824,1147,677,1824,1435,523,1301,202,508,1114,0,0,0,8,0,0,370,235.96952908587258,163,111.84210526315789,361,1.57,"{""adaptive_replications"": false, ""auto_repair_fail_prob"": 0.6, ""auto_repair_time"": 120.0, ""bad_server_regen_interval"": 43200, ""bad_server_regeneration"": false, ""confidence_level"": 0.95, ""diagnosis_probability"": 1.0, ""diagnosis_uncertainty"": 0.0, ""enable_topology"": false, ""failure_distribution"": ""exponential"", ""host_selection_time"": 3.0, ""job_length"": 20160, ""job_size"": 4096, ""lognormal_sigma"": 1.0, ""manual_repair_fail_prob"": 0.75, ""manual_repair_time"": 2880.0, ""max_replications"": 1000, ""num_replications"": 30, ""preemption_wait_time"": 20.0, ""prob_auto_to_manual"": 0.8, ""rack_size"": 8, ""random_failure_rate"": 1.388888888888889e-05, ""recovery_time"": 60.0, ""relative_accuracy"": 0.05, ""seed"": 42, ""spare_pool_size"": 200, ""systematic_failure_fraction"": 0.08, ""systematic_failure_rate_multiplier"": 25.0, ""warm_standbys"": 16, ""weibull_shape"": 1.0, ""working_pool_size"": 4600}"
da28d045aeb687e2f7991924bb1c67e7501cd076,2d_heatmap_sweep.py,FewestFailuresFirst+NeverRemove,FewestFailuresFirst(),NeverRemove(),44,2,2149.3000000000025,0.15632996789652437,1813,1143,670,1813,1459,511,1302,206,494,1113,0,0,0,6,0,0,366,226.88022284122562,155,113.14206128133705,359,1.56,"{""adaptive_replications"": false, ""auto_repair_fail_prob"": 0.6, ""auto_repair_time"": 120.0, ""bad_server_regen_interval"": 43200, ""bad_server_regeneration"": false, ""confidence_level"": 0.95, ""diagnosis_probability"": 1.0, ""diagnosis_uncertainty"": 0.0, ""enable_topology"": false, ""failure_distribution"": ""exponential"", ""host_selection_time"": 3.0, ""job_length"": 20160, ""job_size"": 4096, ""lognormal_sigma"": 1.0, ""manual_repair_fail_prob"": 0.75, ""manual_repair_time"": 2880.0, ""max_replications"": 1000, ""num_replications"": 30, ""preemption_wait_time"": 20.0, ""prob_auto_to_manual"": 0.8, ""rack_size"": 8, ""random_failure_rate"": 1.388888888888889e-05, ""recovery_time"": 60.0, ""relative_accuracy"": 0.05, ""seed"": 42, ""spare_pool_size"": 200, ""systematic_failure_fraction"": 0.08, ""systematic_failure_rate_multiplier"": 25.0, ""warm_standbys"": 16, ""weibull_shape"": 1.0, ""working_pool_size"": 4600}"
da28d045aeb687e2f7991924bb1c67e7501cd076,2d_heatmap_sweep.py,FewestFailuresFirst+NeverRemove,FewestFailuresFirst(),NeverRemove(),45,3,2179.3000000000006,0.15417794704721716,1843,1115,728,1843,1493,512,1331,219,537,1087,0,0,0,6,0,0,365,222.63186813186815,143,120.54945054945055,364,1.6,"{""adaptive_replications"": false, ""auto_repair_fail_prob"": 0.6, ""auto_repair_time"": 120.0, ""bad_server_regen_interval"": 43200, ""bad_server_regeneration"": false, ""confidence_level"": 0.95, ""diagnosis_probability"": 1.0, ""diagnosis_uncertainty"": 0.0, ""enable_topology"": false, ""failure_distribution"": ""exponential"", ""host_selection_time"": 3.0, ""job_length"": 20160, ""job_size"": 4096, ""lognormal_sigma"": 1.0, ""manual_repair_fail_prob"": 0.75, ""manual_repair_time"": 2880.0, ""max_replications"": 1000, ""num_replications"": 30, ""preemption_wait_time"": 20.0, ""prob_auto_to_manual"": 0.8, ""rack_size"": 8, ""random_failure_rate"": 1.388888888888889e-05, ""recovery_time"": 60.0, ""relative_accuracy"": 0.05, ""seed"": 42, ""spare_pool_size"": 200, ""systematic_failure_fraction"": 0.08, ""systematic_failure_rate_multiplier"": 25.0, ""warm_standbys"": 16, ""weibull_shape"": 1.0, ""working_pool_size"": 4600}"
da28d045aeb687e2f7991924bb1c67e7501cd076,2d_heatmap_sweep.py,FewestFailuresFirst+NeverRemove,FewestFailuresFirst(),NeverRemove(),46,4,2119.2500000000014,0.15854665565648224,1783,1153,630,1783,1424,523,1260,212,446,1125,0,0,0,5,0,0,367,217.46045197740114,150,105.72033898305085,354,1.56,"{""adaptive_replications"": false, ""auto_repair_fail_prob"": 0.6, ""auto_repair_time"": 120.0, ""bad_server_regen_interval"": 43200, ""bad_server_regeneration"": false, ""confidence_level"": 0.95, ""diagnosis_probability"": 1.0, ""diagnosis_uncertainty"": 0.0, ""enable_topology"": false, ""failure_distribution"": ""exponential"", ""host_selection_time"": 3.0, ""job_length"": 20160, ""job_size"": 4096, ""lognormal_sigma"": 1.0, ""manual_repair_fail_prob"": 0.75, ""manual_repair_time"": 2880.0, ""max_replications"": 1000, ""num_replications"": 30, ""preemption_wait_time"": 20.0, ""prob_auto_to_manual"": 0.8, ""rack_size"": 8, ""random_failure_rate"": 1.388888888888889e-05, ""recovery_time"": 60.0, ""relative_accuracy"": 0.05, ""seed"": 42, ""spare_pool_size"": 200, ""systematic_failure_fraction"": 0.08, ""systematic_failure_rate_multiplier"": 25.0, ""warm_standbys"": 16, ""weibull_shape"": 1.0, ""working_pool_size"": 4600}"
da28d045aeb687e2f7991924bb1c67e7501cd076,2d_heatmap_sweep.py,FewestFailuresFirst+NeverRemove,FewestFailuresFirst(),NeverRemove(),47,5,2249.3000000000006,0.14937980705108256,1913,1144,769,1913,1513,536,1377,203,597,1113,0,0,0,6,0,0,364,236.912,160,119.304,375,1.63,"{""adaptive_replications"": false, ""auto_repair_fail_prob"": 0.6, ""auto_repair_time"": 120.0, ""bad_server_regen_interval"": 43200, ""bad_server_regeneration"": false, ""confidence_level"": 0.95, ""diagnosis_probability"": 1.0, ""diagnosis_uncertainty"": 0.0, ""enable_topology"": false, ""failure_distribution"": ""exponential"", ""host_selection_time"": 3.0, ""job_length"": 20160, ""job_size"": 4096, ""lognormal_sigma"": 1.0, ""manual_repair_fail_prob"": 0.75, ""manual_repair_time"": 2880.0, ""max_replications"": 1000, ""num_replications"": 30, ""preemption_wait_time"": 20.0, ""prob_auto_to_manual"": 0.8, ""rack_size"": 8, ""random_failure_rate"": 1.388888888888889e-05, ""recovery_time"": 60.0, ""relative_accuracy"": 0.05, ""seed"": 42, ""spare_pool_size"": 200, ""systematic_failure_fraction"": 0.08, ""systematic_failure_rate_multiplier"": 25.0, ""warm_standbys"": 16, ""weibull_shape"": 1.0, ""working_pool_size"": 4600}"
da28d045aeb687e2f7991924bb1c67e7501cd076,2d_heatmap_sweep.py,FewestFailuresFirst+NeverRemove,FewestFailuresFirst(),NeverRemove(),48,6,2369.2000000000057,0.14182002363667037,2033,1217,816,2033,1608,571,1462,251,604,1178,0,0,0,4,0,0,365,201.22784810126583,110,133.04556962025316,395,1.73,"{""adaptive_replications"": false, ""auto_repair_fail_prob"": 0.6, ""auto_repair_time"": 120.0, ""bad_server_regen_interval"": 43200, ""bad_server_regeneration"": false, ""confidence_level"": 0.95, ""diagnosis_probability"": 1.0, ""diagnosis_uncertainty"": 0.0, ""enable_topology"": false, ""failure_distribution"": ""exponential"", ""host_selection_time"": 3.0, ""job_length"": 20160, ""job_size"": 4096, ""lognormal_sigma"": 1.0, ""manual_repair_fail_prob"": 0.75, ""manual_repair_time"": 2880.0, ""max_replications"": 1000, ""num_replications"": 30, ""preemption_wait_time"": 20.0, ""prob_auto_to_manual"": 0.8, ""rack_size"": 8, ""random_failure_rate"": 1.388888888888889e-05, ""recovery_time"": 60.0, ""relative_accuracy"": 0.05, ""seed"": 42, ""spare_pool_size"": 200, ""systematic_failure_fraction"": 0.08, ""systematic_failure_rate_multiplier"": 25.0, ""warm_standbys"": 16, ""weibull_shape"": 1.0, ""working_pool_size"": 4600}"
da28d045aeb687e2f7991924bb1c67e7501cd076,2d_heatmap_sweep.py,FewestFailuresFirst+NeverRemove,FewestFailuresFirst(),NeverRemove(),49,7,2162.350000000001,0.1553865007977432,1826,1145,681,1826,1462,489,1337,195,513,1118,0,0,0,7,0,0,369,237.3905817174515,169,118.30747922437673,361,1.54,"{""adaptive_replications"": false, ""auto_repair_fail_prob"": 0.6, ""auto_repair_time"": 120.0, ""bad_server_regen_interval"": 43200, ""bad_server_regeneration"": false, ""confidence_level"": 0.95, ""diagnosis_probability"": 1.0, ""diagnosis_uncertainty"": 0.0, ""enable_topology"": false, ""failure_distribution"": ""exponential"", ""host_selection_time"": 3.0, ""job_length"": 20160, ""job_size"": 4096, ""lognormal_sigma"": 1.0, ""manual_repair_fail_prob"": 0.75, ""manual_repair_time"": 2880.0, ""max_replications"": 1000, ""num_replications"": 30, ""preemption_wait_time"": 20.0, ""prob_auto_to_manual"": 0.8, ""rack_size"": 8, ""random_failure_rate"": 1.388888888888889e-05, ""recovery_time"": 60.0, ""relative_accuracy"": 0.05, ""seed"": 42, ""spare_pool_size"": 200, ""systematic_failure_fraction"": 0.08, ""systematic_failure_rate_multiplier"": 25.0, ""warm_standbys"": 16, ""weibull_shape"": 1.0, ""working_pool_size"": 4600}"
da28d045aeb687e2f7991924bb1c67e7501cd076,2d_heatmap_sweep.py,FewestFailuresFirst+NeverRemove,FewestFailuresFirst(),NeverRemove(),50,8,2161.350000000004,0.1554583940592682,1825,1168,657,1825,1476,507,1318,189,489,1147,0,0,0,7,0,0,369,240.6343490304709,176,111.59279778393352,361,1.56,"{""adaptive_replications"": false, ""auto_repair_fail_prob"": 0.6, ""auto_repair_time"": 120.0, ""bad_server_regen_interval"": 43200, ""bad_server_regeneration"": false, ""confidence_level"": 0.95, ""diagnosis_probability"": 1.0, ""diagnosis_uncertainty"": 0.0, ""enable_topology"": false, ""failure_distribution"": ""exponential"", ""host_selection_time"": 3.0, ""job_length"": 20160, ""job_size"": 4096, ""lognormal_sigma"": 1.0, ""manual_repair_fail_prob"": 0.75, ""manual_repair_time"": 2880.0, ""max_replications"": 1000, ""num_replications"": 30, ""preemption_wait_time"": 20.0, ""prob_auto_to_manual"": 0.8, ""rack_size"": 8, ""random_failure_rate"": 1.388888888888889e-05, ""recovery_time"": 60.0, ""relative_accuracy"": 0.05, ""seed"": 42, ""spare_pool_size"": 200, ""systematic_failure_fraction"": 0.08, ""systematic_failure_rate_multiplier"": 25.0, ""warm_standbys"": 16, ""weibull_shape"": 1.0, ""working_pool_size"": 4600}"
da28d045aeb687e2f7991924bb1c67e7501cd076,2d_heatmap_sweep.py,FewestFailuresFirst+NeverRemove,FewestFailuresFirst(),NeverRemove(),51,9,2191.300000000001,0.1533336375667412,1855,1176,679,1855,1510,524,1331,198,514,1143,0,0,0,6,0,0,367,236.46448087431693,167,117.12295081967213,366,1.58,"{""adaptive_replications"": false, ""auto_repair_fail_prob"": 0.6, ""auto_repair_time"": 120.0, ""bad_server_regen_interval"": 43200, ""bad_server_regeneration"": false, ""confidence_level"": 0.95, ""diagnosis_probability"": 1.0, ""diagnosis_uncertainty"": 0.0, ""enable_topology"": false, ""failure_distribution"": ""exponential"", ""host_selection_time"": 3.0, ""job_length"": 20160, ""job_size"": 4096, ""lognormal_sigma"": 1.0, ""manual_repair_fail_prob"": 0.75, ""manual_repair_time"": 2880.0, ""max_replications"": 1000, ""num_replications"": 30, ""preemption_wait_time"": 20.0, ""prob_auto_to_manual"": 0.8, ""rack_size"": 8, ""random_failure_rate"": 1.388888888888889e-05, ""recovery_time"": 60.0, ""relative_accuracy"": 0.05, ""seed"": 42, ""spare_pool_size"": 200, ""systematic_failure_fraction"": 0.08, ""systematic_failure_rate_multiplier"": 25.0, ""warm_standbys"": 16, ""weibull_shape"": 1.0, ""working_pool_size"": 4600}"
da28d045aeb687e2f7991924bb1c67e7501cd076,2d_heatmap_sweep.py,Random+NeverRemove,DefaultHostSelection(),NeverRemove(),42,0,2864.3500000000085,0.11730410040672354,2528,1223,1305,2528,2023,394,2134,210,1163,1155,0,0,0,7,0,0,369,234.13807531380752,141,199.6213389121339,478,2.09,"{""adaptive_replications"": false, ""auto_repair_fail_prob"": 0.6, ""auto_repair_time"": 120.0, ""bad_server_regen_interval"": 43200, ""bad_server_regeneration"": false, ""confidence_level"": 0.95, ""diagnosis_probability"": 1.0, ""diagnosis_uncertainty"": 0.0, ""enable_topology"": false, ""failure_distribution"": ""exponential"", ""host_selection_time"": 3.0, ""job_length"": 20160, ""job_size"": 4096, ""lognormal_sigma"": 1.0, ""manual_repair_fail_prob"": 0.9, ""manual_repair_time"": 2880.0, ""max_replications"": 1000, ""num_replications"": 30, ""preemption_wait_time"": 20.0, ""prob_auto_to_manual"": 0.8, ""rack_size"": 8, ""random_failure_rate"": 1.388888888888889e-05, ""recovery_time"": 60.0, ""relative_accuracy"": 0.05, ""seed"": 42, ""spare_pool_size"": 200, ""systematic_failure_fraction"": 0.08, ""systematic_failure_rate_multiplier"": 25.0, ""warm_standbys"": 16, ""weibull_shape"": 1.0, ""working_pool_size"": 4600}"
da28d045aeb687e2f7991924bb1c67e7501cd076,2d_heatmap_sweep.py,Random+NeverRemove,DefaultHostSelection(),NeverRemove(),43,1,2861.5999999999945,0.11741682974559699,2525,1148,1377,2525,2014,387,2138,214,1222,1089,0,0,0,12,0,0,370,241.09643605870022,145,205.1341719077568,477,2.12,"{""adaptive_replications"": false, ""auto_repair_fail_prob"": 0.6, ""auto_repair_time"": 120.0, ""bad_server_regen_interval"": 43200, ""bad_server_regeneration"": false, ""confidence_level"": 0.95, ""diagnosis_probability"": 1.0, ""diagnosis_uncertainty"": 0.0, ""enable_topology"": false, ""failure_distribution"": ""exponential"", ""host_selection_time"": 3.0, ""job_length"": 20160, ""job_size"": 4096, ""lognormal_sigma"": 1.0, ""manual_repair_fail_prob"": 0.9, ""manual_repair_time"": 2880.0, ""max_replications"": 1000, ""num_replications"": 30, ""preemption_wait_time"": 20.0, ""prob_auto_to_manual"": 0.8, ""rack_size"": 8, ""random_failure_rate"": 1.388888888888889e-05, ""recovery_time"": 60.0, ""relative_accuracy"": 0.05, ""seed"": 42, ""spare_pool_size"": 200, ""systematic_failure_fraction"": 0.08, ""systematic_failure_rate_multiplier"": 25.0, ""warm_standbys"": 16, ""weibull_shape"": 1.0, ""working_pool_size"": 4600}"
da28d045aeb687e2f7991924bb1c67e7501cd076,2d_heatmap_sweep.py,Random+NeverRemove,DefaultHostSelection(),NeverRemove(),44,2,2762.449999999992,0.12163116074499085,2426,1169,1257,2426,1908,422,2004,220,1088,1118,0,0,0,9,0,0,366,231.93926247288502,135,196.39262472885034,461,2.07,"{""adaptive_replications"": false, ""auto_repair_fail_prob"": 0.6, ""auto_repair_time"": 120.0, ""bad_server_regen_interval"": 43200, ""bad_server_regeneration"": false, ""confidence_level"": 0.95, ""diagnosis_probability"": 1.0, ""diagnosis_uncertainty"": 0.0, ""enable_topology"": false, ""failure_distribution"": ""exponential"", ""host_selection_time"": 3.0, ""job_length"": 20160, ""job_size"": 4096, ""lognormal_sigma"": 1.0, ""manual_repair_fail_prob"": 0.9, ""manual_repair_time"": 2880.0, ""max_replications"": 1000, ""num_replications"": 30, ""preemption_wait_time"": 20.0, ""prob_auto_to_manual"": 0.8, ""rack_size"": 8, ""random_failure_rate"": 1.388888888888889e-05, ""recovery_time"": 60.0, ""relative_accuracy"": 0.05, ""seed"": 42, ""spare_pool_size"": 200, ""systematic_failure_fraction"": 0.08, ""systematic_failure_rate_multiplier"": 25.0, ""warm_standbys"": 16, ""weibull_shape"": 1.0, ""working_pool_size"": 4600}"
da28d045aeb687e2f7991924bb1c67e7501cd076,2d_heatmap_sweep.py,Random+NeverRemove,DefaultHostSelection(),NeverRemove(),45,3,2862.3500000000026,0.1173860638985447,2526,1175,1351,2526,2017,386,2140,208,1197,1121,0,0,0,7,0,0,365,235.9602510460251,142,202.16108786610877,478,2.14,"{""adaptive_replications"": false, ""auto_repair_fail_prob"": 0.6, ""auto_repair_time"": 120.0, ""bad_server_regen_interval"": 43200, ""bad_server_regeneration"": false, ""confidence_level"": 0.95, ""diagnosis_probability"": 1.0, ""diagnosis_uncertainty"": 0.0, ""enable_topology"": false, ""failure_distribution"": ""exponential"", ""host_selection_time"": 3.0, ""job_length"": 20160, ""job_size"": 4096, ""lognormal_sigma"": 1.0, ""manual_repair_fail_prob"": 0.9, ""manual_repair_time"": 2880.0, ""max_replications"": 1000, ""num_replications"": 30, ""preemption_wait_time"": 20.0, ""prob_auto_to_manual"": 0.8, ""rack_size"": 8, ""random_failure_rate"": 1.388888888888889e-05, ""recovery_time"": 60.0, ""relative_accuracy"": 0.05, ""seed"": 42, ""spare_pool_size"": 200, ""systematic_failure_fraction"": 0.08, ""systematic_failure_rate_multiplier"": 25.0, ""warm_standbys"": 16, ""weibull_shape"": 1.0, ""working_pool_size"": 4600}"
da28d045aeb687e2f7991924bb1c67e7501cd076,2d_heatmap_sweep.py,Random+NeverRemove,DefaultHostSelection(),NeverRemove(),46,4,2861.3999999999983,0.11742503669532417,2525,1148,1377,2525,1996,355,2170,207,1241,1077,0,0,0,8,0,0,367,235.1991614255765,146,202.0167714884696,477,2.22,"{""adaptive_replications"": false, ""auto_repair_fail_prob"": 0.6, ""auto_repair_time"": 120.0, ""bad_server_regen_interval"": 43200, ""bad_server_regeneration"": false, ""confidence_level"": 0.95, ""diagnosis_probability"": 1.0, ""diagnosis_uncertainty"": 0.0, ""enable_topology"": false, ""failure_distribution"": ""exponential"", ""host_selection_time"": 3.0, ""job_length"": 20160, ""job_size"": 4096, ""lognormal_sigma"": 1.0, ""manual_repair_fail_prob"": 0.9, ""manual_repair_time"": 2880.0, ""max_replications"": 1000, ""num_replications"": 30, ""preemption_wait_time"": 20.0, ""prob_auto_to_manual"": 0.8, ""rack_size"": 8, ""random_failure_rate"": 1.388888888888889e-05, ""recovery_time"": 60.0, ""relative_accuracy"": 0.05, ""seed"": 42, ""spare_pool_size"": 200, ""systematic_failure_fraction"": 0.08, ""systematic_failure_rate_multiplier"": 25.0, ""warm_standbys"": 16, ""weibull_shape"": 1.0, ""working_pool_size"": 4600}"
da28d045aeb687e2f7991924bb1c67e7501cd076,2d_heatmap_sweep.py,Random+NeverRemove,DefaultHostSelection(),NeverRemove(),47,5,2750.2999999999975,0.12216849071010404,2414,1087,1327,2414,1961,405,2009,226,1159,1029,0,0,0,6,0,0,364,227.7450980392157,123,193.760348583878,459,2.05,"{""adaptive_replications"": false, ""auto_repair_fail_prob"": 0.6, ""auto_repair_time"": 120.0, ""bad_server_regen_interval"": 43200, ""bad_server_regeneration"": false, ""confidence_level"": 0.95, ""diagnosis_probability"": 1.0, ""diagnosis_uncertainty"": 0.0, ""enable_topology"": false, ""failure_distribution"": ""exponential"", ""host_selection_time"": 3.0, ""job_length"": 20160, ""job_size"": 4096, ""lognormal_sigma"": 1.0, ""manual_repair_fail_prob"": 0.9, ""manual_repair_time"": 2880.0, ""max_replications"": 1000, ""num_replications"": 30, ""preemption_wait_time"": 20.0, ""prob_auto_to_manual"": 0.8, ""rack_size"": 8, ""random_failure_rate"": 1.388888888888889e-05, ""recovery_time"": 60.0, ""relative_accuracy"": 0.05, ""seed"": 42, ""spare_pool_size"": 200, ""systematic_failure_fraction"": 0.08, ""systematic_failure_rate_multiplier"": 25.0, ""warm_standbys"": 16, ""weibull_shape"": 1.0, ""working_pool_size"": 4600}"
da28d045aeb687e2f7991924bb1c67e7501cd076,2d_heatmap_sweep.py,Random+NeverRemove,DefaultHostSelection(),NeverRemove(),48,6,2821.400000000007,0.1190898135677326,2485,1160,1325,2485,2020,405,2080,235,1144,1106,0,0,0,8,0,0,365,222.97027600849256,115,188.9596602972399,471,2.09,"{""adaptive_replications"": false, ""auto_repair_fail_prob"": 0.6, ""auto_repair_time"": 120.0, ""bad_server_regen_interval"": 43200, ""bad_server_regeneration"": false, ""confidence_level"": 0.95, ""diagnosis_probability"": 1.0, ""diagnosis_uncertainty"": 0.0, ""enable_topology"": false, ""failure_distribution"": ""exponential"", ""host_selection_time"": 3.0, ""job_length"": 20160, ""job_size"": 4096, ""lognormal_sigma"": 1.0, ""manual_repair_fail_prob"": 0.9, ""manual_repair_time"": 2880.0, ""max_replications"": 1000, ""num_replications"": 30, ""preemption_wait_time"": 20.0, ""prob_auto_to_manual"": 0.8, ""rack_size"": 8, ""random_failure_rate"": 1.388888888888889e-05, ""recovery_time"": 60.0, ""relative_accuracy"": 0.05, ""seed"": 42, ""spare_pool_size"": 200, ""systematic_failure_fraction"": 0.08, ""systematic_failure_rate_multiplier"": 25.0, ""warm_standbys"": 16, ""weibull_shape"": 1.0, ""working_pool_size"": 4600}"
da28d045aeb687e2f7991924bb1c67e7501cd076,2d_heatmap_sweep.py,Random+NeverRemove,DefaultHostSelection(),NeverRemove(),49,7,2687.449999999996,0.12502558187129076,2351,1075,1276,2351,1872,387,1964,232,1092,1027,0,0,0,9,0,0,369,223.71875,128,190.24330357142858,448,1.97,"{""adaptive_replications"": false, ""auto_repair_fail_prob"": 0.6, ""auto_repair_time"": 120.0, ""bad_server_regen_interval"": 43200, ""bad_server_regeneration"": false, ""confidence_level"": 0.95, ""diagnosis_probability"": 1.0, ""diagnosis_uncertainty"": 0.0, ""enable_topology"": false, ""failure_distribution"": ""exponential"", ""host_selection_time"": 3.0, ""job_length"": 20160, ""job_size"": 4096, ""lognormal_sigma"": 1.0, ""manual_repair_fail_prob"": 0.9, ""manual_repair_time"": 2880.0, ""max_replications"": 1000, ""num_replications"": 30, ""preemption_wait_time"": 20.0, ""prob_auto_to_manual"": 0.8, ""rack_size"": 8, ""random_failure_rate"": 1.388888888888889e-05, ""recovery_time"": 60.0, ""relative_accuracy"": 0.05, ""seed"": 42, ""spare_pool_size"": 200, ""systematic_failure_fraction"": 0.08, ""systematic_failure_rate_multiplier"": 25.0, ""warm_standbys"": 16, ""weibull_shape"": 1.0, ""working_pool_size"": 4600}"
da28d045aeb687e2f7991924bb1c67e7501cd076,2d_heatmap_sweep.py,Random+NeverRemove,DefaultHostSelection(),NeverRemove(),50,8,2818.4499999999957,0.11921446184959845,2482,1149,1333,2482,1963,397,2085,229,1153,1100,0,0,0,9,0,0,369,229.3,131,194.38510638297873,470,2.12,"{""adaptive_replications"": false, ""auto_repair_fail_prob"": 0.6, ""auto_repair_time"": 120.0, ""bad_server_regen_interval"": 43200, ""bad_server_regeneration"": false, ""confidence_level"": 0.95, ""diagnosis_probability"": 1.0, ""diagnosis_uncertainty"": 0.0, ""enable_topology"": false, ""failure_distribution"": ""exponential"", ""host_selection_time"": 3.0, ""job_length"": 20160, ""job_size"": 4096, ""lognormal_sigma"": 1.0, ""manual_repair_fail_prob"": 0.9, ""manual_repair_time"": 2880.0, ""max_replications"": 1000, ""num_replications"": 30, ""preemption_wait_time"": 20.0, ""prob_auto_to_manual"": 0.8, ""rack_size"": 8, ""random_failure_rate"": 1.388888888888889e-05, ""recovery_time"": 60.0, ""relative_accuracy"": 0.05, ""seed"": 42, ""spare_pool_size"": 200, ""systematic_failure_fraction"": 0.08, ""systematic_failure_rate_multiplier"": 25.0, ""warm_standbys"": 16, ""weibull_shape"": 1.0, ""working_pool_size"": 4600}"
da28d045aeb687e2f7991924bb1c67e7501cd076,2d_heatmap_sweep.py,Random+NeverRemove,DefaultHostSelection(),NeverRemove(),51,9,2775.300000000005,0.12106799264944285,2439,1083,1356,2439,1967,384,2055,223,1191,1025,0,0,0,6,0,0,367,227.79049676025917,128,193.20086393088553,463,2.07,"{""adaptive_replications"": false, ""auto_repair_fail_prob"": 0.6, ""auto_repair_time"": 120.0, ""bad_server_regen_interval"": 43200, ""bad_server_regeneration"": false, ""confidence_level"": 0.95, ""diagnosis_probability"": 1.0, ""diagnosis_uncertainty"": 0.0, ""enable_topology"": false, ""failure_distribution"": ""exponential"", ""host_selection_time"": 3.0, ""job_length"": 20160, ""job_size"": 4096, ""lognormal_sigma"": 1.0, ""manual_repair_fail_prob"": 0.9, ""manual_repair_time"": 2880.0, ""max_replications"": 1000, ""num_replications"": 30, ""preemption_wait_time"": 20.0, ""prob_auto_to_manual"": 0.8, ""rack_size"": 8, ""random_failure_rate"": 1.388888888888889e-05, ""recovery_time"": 60.0, ""relative_accuracy"": 0.05, ""seed"": 42, ""spare_pool_size"": 200, ""systematic_failure_fraction"": 0.08, ""systematic_failure_rate_multiplier"": 25.0, ""warm_standbys"": 16, ""weibull_shape"": 1.0, ""working_pool_size"": 4600}"
da28d045aeb687e2f7991924bb1c67e7501cd076,2d_heatmap_sweep.py,Random+ScoredRemoval(SC_fast),DefaultHostSelection(),"ScoredRemoval(initial_score=100.0, failure_penalty=60.0, success_increment=5.0, time_period=1440, retirement_threshold=0.0)",42,0,2167.6499999999996,0.15500657393951936,1830,1176,654,1830,1470,307,1523,118,561,1151,0,440,0,33,0,0,369,135.10773480662982,4,122.95027624309392,362,1.92,"{""adaptive_replications"": false, ""auto_repair_fail_prob"": 0.6, ""auto_repair_time"": 120.0, ""bad_server_regen_interval"": 43200, ""bad_server_regeneration"": false, ""confidence_level"": 0.95, ""diagnosis_probability"": 1.0, ""diagnosis_uncertainty"": 0.0, ""enable_topology"": false, ""failure_distribution"": ""exponential"", ""host_selection_time"": 3.0, ""job_length"": 20160, ""job_size"": 4096, ""lognormal_sigma"": 1.0, ""manual_repair_fail_prob"": 0.9, ""manual_repair_time"": 2880.0, ""max_replications"": 1000, ""num_replications"": 30, ""preemption_wait_time"": 20.0, ""prob_auto_to_manual"": 0.8, ""rack_size"": 8, ""random_failure_rate"": 1.388888888888889e-05, ""recovery_time"": 60.0, ""relative_accuracy"": 0.05, ""seed"": 42, ""spare_pool_size"": 200, ""systematic_failure_fraction"": 0.08, ""systematic_failure_rate_multiplier"": 25.0, ""warm_standbys"": 16, ""weibull_shape"": 1.0, ""working_pool_size"": 4600}"
da28d045aeb687e2f7991924bb1c67e7501cd076,2d_heatmap_sweep.py,Random+ScoredRemoval(SC_fast),DefaultHostSelection(),"ScoredRemoval(initial_score=100.0, failure_penalty=60.0, success_increment=5.0, time_period=1440, retirement_threshold=0.0)",43,1,2148.5499999999984,0.15638453840962493,1811,1153,658,1811,1416,296,1515,106,573,1132,0,445,0,31,0,0,370,146.62395543175487,4,131.47075208913648,359,2.24,"{""adaptive_replications"": false, ""auto_repair_fail_prob"": 0.6, ""auto_repair_time"": 120.0, ""bad_server_regen_interval"": 43200, ""bad_server_regeneration"": false, ""confidence_level"": 0.95, ""diagnosis_probability"": 1.0, ""diagnosis_uncertainty"": 0.0, ""enable_topology"": false, ""failure_distribution"": ""exponential"", ""host_selection_time"": 3.0, ""job_length"": 20160, ""job_size"": 4096, ""lognormal_sigma"": 1.0, ""manual_repair_fail_prob"": 0.9, ""manual_repair_time"": 2880.0, ""max_replications"": 1000, ""num_replications"": 30, ""preemption_wait_time"": 20.0, ""prob_auto_to_manual"": 0.8, ""rack_size"": 8, ""random_failure_rate"": 1.388888888888889e-05, ""recovery_time"": 60.0, ""relative_accuracy"": 0.05, ""seed"": 42, ""spare_pool_size"": 200, ""systematic_failure_fraction"": 0.08, ""systematic_failure_rate_multiplier"": 25.0, ""warm_standbys"": 16, ""weibull_shape"": 1.0, ""working_pool_size"": 4600}"
da28d045aeb687e2f7991924bb1c67e7501cd076,2d_heatmap_sweep.py,Random+ScoredRemoval(SC_fast),DefaultHostSelection(),"ScoredRemoval(initial_score=100.0, failure_penalty=60.0, success_increment=5.0, time_period=1440, retirement_threshold=0.0)",44,2,2019.4500000000041,0.16638193567555473,1682,1047,635,1682,1326,278,1404,114,549,1019,0,409,0,29,0,0,366,145.62908011869436,8,130.35905044510386,337,2.08,"{""adaptive_replications"": false, ""auto_repair_fail_prob"": 0.6, ""auto_repair_time"": 120.0, ""bad_server_regen_interval"": 43200, ""bad_server_regeneration"": false, ""confidence_level"": 0.95, ""diagnosis_probability"": 1.0, ""diagnosis_uncertainty"": 0.0, ""enable_topology"": false, ""failure_distribution"": ""exponential"", ""host_selection_time"": 3.0, ""job_length"": 20160, ""job_size"": 4096, ""lognormal_sigma"": 1.0, ""manual_repair_fail_prob"": 0.9, ""manual_repair_time"": 2880.0, ""max_replications"": 1000, ""num_replications"": 30, ""preemption_wait_time"": 20.0, ""prob_auto_to_manual"": 0.8, ""rack_size"": 8, ""random_failure_rate"": 1.388888888888889e-05, ""recovery_time"": 60.0, ""relative_accuracy"": 0.05, ""seed"": 42, ""spare_pool_size"": 200, ""systematic_failure_fraction"": 0.08, ""systematic_failure_rate_multiplier"": 25.0, ""warm_standbys"": 16, ""weibull_shape"": 1.0, ""working_pool_size"": 4600}"
da28d045aeb687e2f7991924bb1c67e7501cd076,2d_heatmap_sweep.py,Random+ScoredRemoval(SC_fast),DefaultHostSelection(),"ScoredRemoval(initial_score=100.0, failure_penalty=60.0, success_increment=5.0, time_period=1440, retirement_threshold=0.0)",45,3,2164.6000000000013,0.15522498383073077,1827,1181,646,1827,1452,291,1536,105,567,1155,0,447,0,32,0,0,365,140.42105263157896,1,126.14681440443213,361,2.34,"{""adaptive_replications"": false, ""auto_repair_fail_prob"": 0.6, ""auto_repair_time"": 120.0, ""bad_server_regen_interval"": 43200, ""bad_server_regeneration"": false, ""confidence_level"": 0.95, ""diagnosis_probability"": 1.0, ""diagnosis_uncertainty"": 0.0, ""enable_topology"": false, ""failure_distribution"": ""exponential"", ""host_selection_time"": 3.0, ""job_length"": 20160, ""job_size"": 4096, ""lognormal_sigma"": 1.0, ""manual_repair_fail_prob"": 0.9, ""manual_repair_time"": 2880.0, ""max_replications"": 1000, ""num_replications"": 30, ""preemption_wait_time"": 20.0, ""prob_auto_to_manual"": 0.8, ""rack_size"": 8, ""random_failure_rate"": 1.388888888888889e-05, ""recovery_time"": 60.0, ""relative_accuracy"": 0.05, ""seed"": 42, ""spare_pool_size"": 200, ""systematic_failure_fraction"": 0.08, ""systematic_failure_rate_multiplier"": 25.0, ""warm_standbys"": 16, ""weibull_shape"": 1.0, ""working_pool_size"": 4600}"
da28d045aeb687e2f7991924bb1c67e7501cd076,2d_heatmap_sweep.py,Random+ScoredRemoval(SC_fast),DefaultHostSelection(),"ScoredRemoval(initial_score=100.0, failure_penalty=60.0, success_increment=5.0, time_period=1440, retirement_threshold=0.0)",46,4,2166.55,0.15508527382243648,1829,1182,647,1829,1492,273,1556,89,598,1142,0,446,0,31,0,0,367,140.04696132596686,2,126.7486187845304,362,2.33,"{""adaptive_replications"": false, ""auto_repair_fail_prob"": 0.6, ""auto_repair_time"": 120.0, ""bad_server_regen_interval"": 43200, ""bad_server_regeneration"": false, ""confidence_level"": 0.95, ""diagnosis_probability"": 1.0, ""diagnosis_uncertainty"": 0.0, ""enable_topology"": false, ""failure_distribution"": ""exponential"", ""host_selection_time"": 3.0, ""job_length"": 20160, ""job_size"": 4096, ""lognormal_sigma"": 1.0, ""manual_repair_fail_prob"": 0.9, ""manual_repair_time"": 2880.0, ""max_replications"": 1000, ""num_replications"": 30, ""preemption_wait_time"": 20.0, ""prob_auto_to_manual"": 0.8, ""rack_size"": 8, ""random_failure_rate"": 1.388888888888889e-05, ""recovery_time"": 60.0, ""relative_accuracy"": 0.05, ""seed"": 42, ""spare_pool_size"": 200, ""systematic_failure_fraction"": 0.08, ""systematic_failure_rate_multiplier"": 25.0, ""warm_standbys"": 16, ""weibull_shape"": 1.0, ""working_pool_size"": 4600}"
da28d045aeb687e2f7991924bb1c67e7501cd076,2d_heatmap_sweep.py,Random+ScoredRemoval(SC_fast),DefaultHostSelection(),"ScoredRemoval(initial_score=100.0, failure_penalty=60.0, success_increment=5.0, time_period=1440, retirement_threshold=0.0)",47,5,2151.600000000001,0.15616285554935858,1814,1175,639,1814,1464,298,1516,109,563,1142,0,459,0,32,0,0,364,133.85793871866295,1,122.17270194986072,359,2.34,"{""adaptive_replications"": false, ""auto_repair_fail_prob"": 0.6, ""auto_repair_time"": 120.0, ""bad_server_regen_interval"": 43200, ""bad_server_regeneration"": false, ""confidence_level"": 0.95, ""diagnosis_probability"": 1.0, ""diagnosis_uncertainty"": 0.0, ""enable_topology"": false, ""failure_distribution"": ""exponential"", ""host_selection_time"": 3.0, ""job_length"": 20160, ""job_size"": 4096, ""lognormal_sigma"": 1.0, ""manual_repair_fail_prob"": 0.9, ""manual_repair_time"": 2880.0, ""max_replications"": 1000, ""num_replications"": 30, ""preemption_wait_time"": 20.0, ""prob_auto_to_manual"": 0.8, ""rack_size"": 8, ""random_failure_rate"": 1.388888888888889e-05, ""recovery_time"": 60.0, ""relative_accuracy"": 0.05, ""seed"": 42, ""spare_pool_size"": 200, ""systematic_failure_fraction"": 0.08, ""systematic_failure_rate_multiplier"": 25.0, ""warm_standbys"": 16, ""weibull_shape"": 1.0, ""working_pool_size"": 4600}"
da28d045aeb687e2f7991924bb1c67e7501cd076,2d_heatmap_sweep.py,Random+ScoredRemoval(SC_fast),DefaultHostSelection(),"ScoredRemoval(initial_score=100.0, failure_penalty=60.0, success_increment=5.0, time_period=1440, retirement_threshold=0.0)",48,6,2134.549999999999,0.15741022697992538,1797,1149,648,1797,1461,286,1511,107,572,1118,0,435,0,31,0,0,365,134.78370786516854,2,119.22191011235955,356,2.3,"{""adaptive_replications"": false, ""auto_repair_fail_prob"": 0.6, ""auto_repair_time"": 120.0, ""bad_server_regen_interval"": 43200, ""bad_server_regeneration"": false, ""confidence_level"": 0.95, ""diagnosis_probability"": 1.0, ""diagnosis_uncertainty"": 0.0, ""enable_topology"": false, ""failure_distribution"": ""exponential"", ""host_selection_time"": 3.0, ""job_length"": 20160, ""job_size"": 4096, ""lognormal_sigma"": 1.0, ""manual_repair_fail_prob"": 0.9, ""manual_repair_time"": 2880.0, ""max_replications"": 1000, ""num_replications"": 30, ""preemption_wait_time"": 20.0, ""prob_auto_to_manual"": 0.8, ""rack_size"": 8, ""random_failure_rate"": 1.388888888888889e-05, ""recovery_time"": 60.0, ""relative_accuracy"": 0.05, ""seed"": 42, ""spare_pool_size"": 200, ""systematic_failure_fraction"": 0.08, ""systematic_failure_rate_multiplier"": 25.0, ""warm_standbys"": 16, ""weibull_shape"": 1.0, ""working_pool_size"": 4600}"
da28d045aeb687e2f7991924bb1c67e7501cd076,2d_heatmap_sweep.py,Random+ScoredRemoval(SC_fast),DefaultHostSelection(),"ScoredRemoval(initial_score=100.0, failure_penalty=60.0, success_increment=5.0, time_period=1440, retirement_threshold=0.0)",49,7,2115.55,0.15882394649145612,1778,1120,658,1778,1418,277,1501,95,590,1093,0,435,0,31,0,0,369,138.09348441926346,2,124.44192634560906,353,2.31,"{""adaptive_replications"": false, ""auto_repair_fail_prob"": 0.6, ""auto_repair_time"": 120.0, ""bad_server_regen_interval"": 43200, ""bad_server_regeneration"": false, ""confidence_level"": 0.95, ""diagnosis_probability"": 1.0, ""diagnosis_uncertainty"": 0.0, ""enable_topology"": false, ""failure_distribution"": ""exponential"", ""host_selection_time"": 3.0, ""job_length"": 20160, ""job_size"": 4096, ""lognormal_sigma"": 1.0, ""manual_repair_fail_prob"": 0.9, ""manual_repair_time"": 2880.0, ""max_replications"": 1000, ""num_replications"": 30, ""preemption_wait_time"": 20.0, ""prob_auto_to_manual"": 0.8, ""rack_size"": 8, ""random_failure_rate"": 1.388888888888889e-05, ""recovery_time"": 60.0, ""relative_accuracy"": 0.05, ""seed"": 42, ""spare_pool_size"": 200, ""systematic_failure_fraction"": 0.08, ""systematic_failure_rate_multiplier"": 25.0, ""warm_standbys"": 16, ""weibull_shape"": 1.0, ""working_pool_size"": 4600}"
da28d045aeb687e2f7991924bb1c67e7501cd076,2d_heatmap_sweep.py,Random+ScoredRemoval(SC_fast),DefaultHostSelection(),"ScoredRemoval(initial_score=100.0, failure_penalty=60.0, success_increment=5.0, time_period=1440, retirement_threshold=0.0)",50,8,2160.550000000001,0.15551595658512865,1823,1166,657,1823,1440,284,1539,103,573,1147,0,440,0,31,0,0,369,130.10249307479225,4,117.65927977839335,361,2.32,"{""adaptive_replications"": false, ""auto_repair_fail_prob"": 0.6, ""auto_repair_time"": 120.0, ""bad_server_regen_interval"": 43200, ""bad_server_regeneration"": false, ""confidence_level"": 0.95, ""diagnosis_probability"": 1.0, ""diagnosis_uncertainty"": 0.0, ""enable_topology"": false, ""failure_distribution"": ""exponential"", ""host_selection_time"": 3.0, ""job_length"": 20160, ""job_size"": 4096, ""lognormal_sigma"": 1.0, ""manual_repair_fail_prob"": 0.9, ""manual_repair_time"": 2880.0, ""max_replications"": 1000, ""num_replications"": 30, ""preemption_wait_time"": 20.0, ""prob_auto_to_manual"": 0.8, ""rack_size"": 8, ""random_failure_rate"": 1.388888888888889e-05, ""recovery_time"": 60.0, ""relative_accuracy"": 0.05, ""seed"": 42, ""spare_pool_size"": 200, ""systematic_failure_fraction"": 0.08, ""systematic_failure_rate_multiplier"": 25.0, ""warm_standbys"": 16, ""weibull_shape"": 1.0, ""working_pool_size"": 4600}"
da28d045aeb687e2f7991924bb1c67e7501cd076,2d_heatmap_sweep.py,Random+ScoredRemoval(SC_fast),DefaultHostSelection(),"ScoredRemoval(initial_score=100.0, failure_penalty=60.0, success_increment=5.0, time_period=1440, retirement_threshold=0.0)",51,9,2125.6,0.15807301467820825,1788,1136,652,1788,1432,300,1488,104,565,1119,0,452,0,32,0,0,367,134.43380281690142,2,121.15492957746478,355,2.25,"{""adaptive_replications"": false, ""auto_repair_fail_prob"": 0.6, ""auto_repair_time"": 120.0, ""bad_server_regen_interval"": 43200, ""bad_server_regeneration"": false, ""confidence_level"": 0.95, ""diagnosis_probability"": 1.0, ""diagnosis_uncertainty"": 0.0, ""enable_topology"": false, ""failure_distribution"": ""exponential"", ""host_selection_time"": 3.0, ""job_length"": 20160, ""job_size"": 4096, ""lognormal_sigma"": 1.0, ""manual_repair_fail_prob"": 0.9, ""manual_repair_time"": 2880.0, ""max_replications"": 1000, ""num_replications"": 30, ""preemption_wait_time"": 20.0, ""prob_auto_to_manual"": 0.8, ""rack_size"": 8, ""random_failure_rate"": 1.388888888888889e-05, ""recovery_time"": 60.0, ""relative_accuracy"": 0.05, ""seed"": 42, ""spare_pool_size"": 200, ""systematic_failure_fraction"": 0.08, ""systematic_failure_rate_multiplier"": 25.0, ""warm_standbys"": 16, ""weibull_shape"": 1.0, ""working_pool_size"": 4600}"
da28d045aeb687e2f7991924bb1c67e7501cd076,2d_heatmap_sweep.py,FewestFailuresFirst+NeverRemove,FewestFailuresFirst(),NeverRemove(),42,0,2253.3999999999996,0.14910801455578265,1917,1171,746,1917,1538,309,1608,130,652,1135,0,0,0,8,0,0,369,277.47872340425533,232,114.92021276595744,376,1.55,"{""adaptive_replications"": false, ""auto_repair_fail_prob"": 0.6, ""auto_repair_time"": 120.0, ""bad_server_regen_interval"": 43200, ""bad_server_regeneration"": false, ""confidence_level"": 0.95, ""diagnosis_probability"": 1.0, ""diagnosis_uncertainty"": 0.0, ""enable_topology"": false, ""failure_distribution"": ""exponential"", ""host_selection_time"": 3.0, ""job_length"": 20160, ""job_size"": 4096, ""lognormal_sigma"": 1.0, ""manual_repair_fail_prob"": 0.9, ""manual_repair_time"": 2880.0, ""max_replications"": 1000, ""num_replications"": 30, ""preemption_wait_time"": 20.0, ""prob_auto_to_manual"": 0.8, ""rack_size"": 8, ""random_failure_rate"": 1.388888888888889e-05, ""recovery_time"": 60.0, ""relative_accuracy"": 0.05, ""seed"": 42, ""spare_pool_size"": 200, ""systematic_failure_fraction"": 0.08, ""systematic_failure_rate_multiplier"": 25.0, ""warm_standbys"": 16, ""weibull_shape"": 1.0, ""working_pool_size"": 4600}"
da28d045aeb687e2f7991924bb1c67e7501cd076,2d_heatmap_sweep.py,FewestFailuresFirst+NeverRemove,FewestFailuresFirst(),NeverRemove(),43,1,2245.350000000001,0.14964259469570435,1909,1122,787,1909,1497,314,1595,124,690,1095,0,0,0,7,0,0,370,280.624,232,125.976,375,1.63,"{""adaptive_replications"": false, ""auto_repair_fail_prob"": 0.6, ""auto_repair_time"": 120.0, ""bad_server_regen_interval"": 43200, ""bad_server_regeneration"": false, ""confidence_level"": 0.95, ""diagnosis_probability"": 1.0, ""diagnosis_uncertainty"": 0.0, ""enable_topology"": false, ""failure_distribution"": ""exponential"", ""host_selection_time"": 3.0, ""job_length"": 20160, ""job_size"": 4096, ""lognormal_sigma"": 1.0, ""manual_repair_fail_prob"": 0.9, ""manual_repair_time"": 2880.0, ""max_replications"": 1000, ""num_replications"": 30, ""preemption_wait_time"": 20.0, ""prob_auto_to_manual"": 0.8, ""rack_size"": 8, ""random_failure_rate"": 1.388888888888889e-05, ""recovery_time"": 60.0, ""relative_accuracy"": 0.05, ""seed"": 42, ""spare_pool_size"": 200, ""systematic_failure_fraction"": 0.08, ""systematic_failure_rate_multiplier"": 25.0, ""warm_standbys"": 16, ""weibull_shape"": 1.0, ""working_pool_size"": 4600}"
da28d045aeb687e2f7991924bb1c67e7501cd076,2d_heatmap_sweep.py,FewestFailuresFirst+NeverRemove,FewestFailuresFirst(),NeverRemove(),44,2,2220.350000000001,0.15132749341320062,1884,1102,782,1884,1525,306,1578,124,702,1058,0,0,0,7,0,0,366,280.5822102425876,234,130.177897574124,371,1.62,"{""adaptive_replications"": false, ""auto_repair_fail_prob"": 0.6, ""auto_repair_time"": 120.0, ""bad_server_regen_interval"": 43200, ""bad_server_regeneration"": false, ""confidence_level"": 0.95, ""diagnosis_probability"": 1.0, ""diagnosis_uncertainty"": 0.0, ""enable_topology"": false, ""failure_distribution"": ""exponential"", ""host_selection_time"": 3.0, ""job_length"": 20160, ""job_size"": 4096, ""lognormal_sigma"": 1.0, ""manual_repair_fail_prob"": 0.9, ""manual_repair_time"": 2880.0, ""max_replications"": 1000, ""num_replications"": 30, ""preemption_wait_time"": 20.0, ""prob_auto_to_manual"": 0.8, ""rack_size"": 8, ""random_failure_rate"": 1.388888888888889e-05, ""recovery_time"": 60.0, ""relative_accuracy"": 0.05, ""seed"": 42, ""spare_pool_size"": 200, ""systematic_failure_fraction"": 0.08, ""systematic_failure_rate_multiplier"": 25.0, ""warm_standbys"": 16, ""weibull_shape"": 1.0, ""working_pool_size"": 4600}"
da28d045aeb687e2f7991924bb1c67e7501cd076,2d_heatmap_sweep.py,FewestFailuresFirst+NeverRemove,FewestFailuresFirst(),NeverRemove(),45,3,2355.249999999998,0.1426600148604187,2019,1150,869,2019,1596,338,1681,151,747,1121,0,0,0,5,0,0,365,261.4173027989822,205,143.36386768447838,393,1.74,"{""adaptive_replications"": false, ""auto_repair_fail_prob"": 0.6, ""auto_repair_time"": 120.0, ""bad_server_regen_interval"": 43200, ""bad_server_regeneration"": false, ""confidence_level"": 0.95, ""diagnosis_probability"": 1.0, ""diagnosis_uncertainty"": 0.0, ""enable_topology"": false, ""failure_distribution"": ""exponential"", ""host_selection_time"": 3.0, ""job_length"": 20160, ""job_size"": 4096, ""lognormal_sigma"": 1.0, ""manual_repair_fail_prob"": 0.9, ""manual_repair_time"": 2880.0, ""max_replications"": 1000, ""num_replications"": 30, ""preemption_wait_time"": 20.0, ""prob_auto_to_manual"": 0.8, ""rack_size"": 8, ""random_failure_rate"": 1.388888888888889e-05, ""recovery_time"": 60.0, ""relative_accuracy"": 0.05, ""seed"": 42, ""spare_pool_size"": 200, ""systematic_failure_fraction"": 0.08, ""systematic_failure_rate_multiplier"": 25.0, ""warm_standbys"": 16, ""weibull_shape"": 1.0, ""working_pool_size"": 4600}"
da28d045aeb687e2f7991924bb1c67e7501cd076,2d_heatmap_sweep.py,FewestFailuresFirst+NeverRemove,FewestFailuresFirst(),NeverRemove(),46,4,2278.4000000000005,0.1474719101123597,1942,1187,755,1942,1585,281,1661,114,680,1148,0,0,0,8,0,0,367,290.4342105263158,246,128.2,380,1.72,"{""adaptive_replications"": false, ""auto_repair_fail_prob"": 0.6, ""auto_repair_time"": 120.0, ""bad_server_regen_interval"": 43200, ""bad_server_regeneration"": false, ""confidence_level"": 0.95, ""diagnosis_probability"": 1.0, ""diagnosis_uncertainty"": 0.0, ""enable_topology"": false, ""failure_distribution"": ""exponential"", ""host_selection_time"": 3.0, ""job_length"": 20160, ""job_size"": 4096, ""lognormal_sigma"": 1.0, ""manual_repair_fail_prob"": 0.9, ""manual_repair_time"": 2880.0, ""max_replications"": 1000, ""num_replications"": 30, ""preemption_wait_time"": 20.0, ""prob_auto_to_manual"": 0.8, ""rack_size"": 8, ""random_failure_rate"": 1.388888888888889e-05, ""recovery_time"": 60.0, ""relative_accuracy"": 0.05, ""seed"": 42, ""spare_pool_size"": 200, ""systematic_failure_fraction"": 0.08, ""systematic_failure_rate_multiplier"": 25.0, ""warm_standbys"": 16, ""weibull_shape"": 1.0, ""working_pool_size"": 4600}"
da28d045aeb687e2f7991924bb1c67e7501cd076,2d_heatmap_sweep.py,FewestFailuresFirst+NeverRemove,FewestFailuresFirst(),NeverRemove(),47,5,2315.3499999999985,0.14511844861468057,1979,1194,785,1979,1565,344,1635,134,675,1170,0,0,0,7,0,0,364,274.8316062176166,221,127.75129533678756,386,1.74,"{""adaptive_replications"": false, ""auto_repair_fail_prob"": 0.6, ""auto_repair_time"": 120.0, ""bad_server_regen_interval"": 43200, ""bad_server_regeneration"": false, ""confidence_level"": 0.95, ""diagnosis_probability"": 1.0, ""diagnosis_uncertainty"": 0.0, ""enable_topology"": false, ""failure_distribution"": ""exponential"", ""host_selection_time"": 3.0, ""job_length"": 20160, ""job_size"": 4096, ""lognormal_sigma"": 1.0, ""manual_repair_fail_prob"": 0.9, ""manual_repair_time"": 2880.0, ""max_replications"": 1000, ""num_replications"": 30, ""preemption_wait_time"": 20.0, ""prob_auto_to_manual"": 0.8, ""rack_size"": 8, ""random_failure_rate"": 1.388888888888889e-05, ""recovery_time"": 60.0, ""relative_accuracy"": 0.05, ""seed"": 42, ""spare_pool_size"": 200, ""systematic_failure_fraction"": 0.08, ""systematic_failure_rate_multiplier"": 25.0, ""warm_standbys"": 16, ""weibull_shape"": 1.0, ""working_pool_size"": 4600}"
da28d045aeb687e2f7991924bb1c67e7501cd076,2d_heatmap_sweep.py,FewestFailuresFirst+NeverRemove,FewestFailuresFirst(),NeverRemove(),48,6,2275.4500000000003,0.14766309960667104,1939,1172,767,1939,1562,279,1660,106,688,1145,0,0,0,9,0,0,365,285.9578947368421,255,117.96315789473684,380,1.69,"{""adaptive_replications"": false, ""auto_repair_fail_prob"": 0.6, ""auto_repair_time"": 120.0, ""bad_server_regen_interval"": 43200, ""bad_server_regeneration"": false, ""confidence_level"": 0.95, ""diagnosis_probability"": 1.0, ""diagnosis_uncertainty"": 0.0, ""enable_topology"": false, ""failure_distribution"": ""exponential"", ""host_selection_time"": 3.0, ""job_length"": 20160, ""job_size"": 4096, ""lognormal_sigma"": 1.0, ""manual_repair_fail_prob"": 0.9, ""manual_repair_time"": 2880.0, ""max_replications"": 1000, ""num_replications"": 30, ""preemption_wait_time"": 20.0, ""prob_auto_to_manual"": 0.8, ""rack_size"": 8, ""random_failure_rate"": 1.388888888888889e-05, ""recovery_time"": 60.0, ""relative_accuracy"": 0.05, ""seed"": 42, ""spare_pool_size"": 200, ""systematic_failure_fraction"": 0.08, ""systematic_failure_rate_multiplier"": 25.0, ""warm_standbys"": 16, ""weibull_shape"": 1.0, ""working_pool_size"": 4600}"
da28d045aeb687e2f7991924bb1c67e7501cd076,2d_heatmap_sweep.py,FewestFailuresFirst+NeverRemove,FewestFailuresFirst(),NeverRemove(),49,7,2260.3999999999965,0.14864625729959305,1924,1163,761,1924,1537,288,1636,130,662,1132,0,0,0,8,0,0,369,274.55437665782495,234,131.17771883289126,377,1.65,"{""adaptive_replications"": false, ""auto_repair_fail_prob"": 0.6, ""auto_repair_time"": 120.0, ""bad_server_regen_interval"": 43200, ""bad_server_regeneration"": false, ""confidence_level"": 0.95, ""diagnosis_probability"": 1.0, ""diagnosis_uncertainty"": 0.0, ""enable_topology"": false, ""failure_distribution"": ""exponential"", ""host_selection_time"": 3.0, ""job_length"": 20160, ""job_size"": 4096, ""lognormal_sigma"": 1.0, ""manual_repair_fail_prob"": 0.9, ""manual_repair_time"": 2880.0, ""max_replications"": 1000, ""num_replications"": 30, ""preemption_wait_time"": 20.0, ""prob_auto_to_manual"": 0.8, ""rack_size"": 8, ""random_failure_rate"": 1.388888888888889e-05, ""recovery_time"": 60.0, ""relative_accuracy"": 0.05, ""seed"": 42, ""spare_pool_size"": 200, ""systematic_failure_fraction"": 0.08, ""systematic_failure_rate_multiplier"": 25.0, ""warm_standbys"": 16, ""weibull_shape"": 1.0, ""working_pool_size"": 4600}"
da28d045aeb687e2f7991924bb1c67e7501cd076,2d_heatmap_sweep.py,FewestFailuresFirst+NeverRemove,FewestFailuresFirst(),NeverRemove(),50,8,2295.3000000000015,0.1463860933211347,1959,1133,826,1959,1582,298,1661,142,712,1105,0,0,0,6,0,0,369,274.76501305483026,222,127.46475195822454,383,1.71,"{""adaptive_replications"": false, ""auto_repair_fail_prob"": 0.6, ""auto_repair_time"": 120.0, ""bad_server_regen_interval"": 43200, ""bad_server_regeneration"": false, ""confidence_level"": 0.95, ""diagnosis_probability"": 1.0, ""diagnosis_uncertainty"": 0.0, ""enable_topology"": false, ""failure_distribution"": ""exponential"", ""host_selection_time"": 3.0, ""job_length"": 20160, ""job_size"": 4096, ""lognormal_sigma"": 1.0, ""manual_repair_fail_prob"": 0.9, ""manual_repair_time"": 2880.0, ""max_replications"": 1000, ""num_replications"": 30, ""preemption_wait_time"": 20.0, ""prob_auto_to_manual"": 0.8, ""rack_size"": 8, ""random_failure_rate"": 1.388888888888889e-05, ""recovery_time"": 60.0, ""relative_accuracy"": 0.05, ""seed"": 42, ""spare_pool_size"": 200, ""systematic_failure_fraction"": 0.08, ""systematic_failure_rate_multiplier"": 25.0, ""warm_standbys"": 16, ""weibull_shape"": 1.0, ""working_pool_size"": 4600}"
da28d045aeb687e2f7991924bb1c67e7501cd076,2d_heatmap_sweep.py,FewestFailuresFirst+NeverRemove,FewestFailuresFirst(),NeverRemove(),51,9,2205.4499999999994,0.1523498605726727,1869,1128,741,1869,1500,303,1566,124,644,1101,0,0,0,9,0,0,367,285.26630434782606,232,123.77989130434783,368,1.64,"{""adaptive_replications"": false, ""auto_repair_fail_prob"": 0.6, ""auto_repair_time"": 120.0, ""bad_server_regen_interval"": 43200, ""bad_server_regeneration"": false, ""confidence_level"": 0.95, ""diagnosis_probability"": 1.0, ""diagnosis_uncertainty"": 0.0, ""enable_topology"": false, ""failure_distribution"": ""exponential"", ""host_selection_time"": 3.0, ""job_length"": 20160, ""job_size"": 4096, ""lognormal_sigma"": 1.0, ""manual_repair_fail_prob"": 0.9, ""manual_repair_time"": 2880.0, ""max_replications"": 1000, ""num_replications"": 30, ""preemption_wait_time"": 20.0, ""prob_auto_to_manual"": 0.8, ""rack_size"": 8, ""random_failure_rate"": 1.388888888888889e-05, ""recovery_time"": 60.0, ""relative_accuracy"": 0.05, ""seed"": 42, ""spare_pool_size"": 200, ""systematic_failure_fraction"": 0.08, ""systematic_failure_rate_multiplier"": 25.0, ""warm_standbys"": 16, ""weibull_shape"": 1.0, ""working_pool_size"": 4600}"
